name,TGID,pos,POVR,PAGE,PYRP,length,salary,guarantee
Jay Hilgenberg,1,C,90,27,5,5,3903000.0,0.0
Larry Rubens,1,C,70,27,2,1,781000.0,174000.0
Reggie Phillips,1,CB,77,25,1,1,2478000.0,0.0
Shaun Gayle,1,CB,84,24,2,4,5326000.0,1221000.0
Leslie Frazier,1,CB,76,27,5,3,1002000.0,141000.0
Blair Bush,28,C,87,29,8,1,7332000.0,1636000.0
Mike Richardson,1,CB,88,25,3,2,4768000.0,0.0
William Perry,1,DT,82,23,1,2,9261000.0,2749000.0
Brian Watson,1,DT,69,27,2,1,167000.0,0.0
Steve McMichael,1,DT,93,28,6,5,3095000.0,2619000.0
Calvin Thomas,1,RB,77,27,4,3,3588000.0,3009000.0
Barton Hundley,1,S,69,23,0,2,328000.0,102000.0
Gary Fencik,1,S,86,32,10,1,10744000.0,1508000.0
Neal Anderson,1,RB,80,22,0,4,923000.0,101000.0
Thomas Sanders,1,RB,74,24,1,3,781000.0,0.0
Kevin Butler,1,K,93,24,1,3,3144000.0,239000.0
Dan Hampton,1,DE,92,29,7,5,17186000.0,1876000.0
Stefan Humphries,1,OG,70,24,2,1,1022000.0,258000.0
Brian Cabral,1,OLB,75,30,7,1,905000.0,123000.0
Al Harris,1,OLB,81,29,7,3,2592000.0,4089000.0
Andy Frederick,1,OT,65,32,9,1,1022000.0,258000.0
Paul Blair,1,OT,70,23,0,3,216000.0,0.0
Karl Swanke,20,C,83,29,6,2,3403000.0,1848000.0
Mike Singletary,1,MLB,94,27,5,2,1337000.0,0.0
Dan Raines,1,MLB,73,30,3,1,1071000.0,170000.0
Maury Buford,1,P,89,26,4,1,5462000.0,582000.0
Jim McMahon,1,QB,82,27,4,1,3467000.0,0.0
Steve Fuller,1,QB,74,29,6,1,2266000.0,0.0
Mike Tomczak,1,QB,75,23,1,3,913000.0,28000.0
Mike Hartenstine,1,DE,77,33,11,1,732000.0,488000.0
Henry Waechter,1,DE,74,27,4,1,957000.0,0.0
Kurt Becker,1,OG,75,28,4,4,1078000.0,0.0
Jim Morrissey,1,OLB,76,23,1,2,1312000.0,0.0
Wilbur Marshall,1,OLB,89,24,2,2,4088000.0,3191000.0
Keith Van Horne,1,OT,88,28,5,3,9457000.0,5287000.0
Dave Duerson,1,S,90,25,3,1,1472000.0,0.0
Todd Bell,1,S,77,27,5,1,1085000.0,0.0
Tim Wrightman,1,TE,75,26,1,3,1707000.0,1030000.0
Pat Dunsmore,1,TE,67,26,3,1,781000.0,0.0
Clay Pickering,1,WR,64,25,2,2,296000.0,0.0
Lew Barnes,1,WR,63,23,0,2,205000.0,0.0
Ken Margerum,1,WR,71,27,5,2,621000.0,269000.0
Keith Ortego,1,WR,73,23,1,3,968000.0,0.0
Dennis Gentry,1,WR,75,27,4,1,4161000.0,358000.0
Mark Bortz,1,OG,83,25,3,5,1228000.0,579000.0
Walter Payton,1,RB,92,32,11,4,2192000.0,1082000.0
Emery Moorehead,1,TE,84,32,9,4,7044000.0,3080000.0
Jimbo Covert,1,OT,90,26,3,1,3230000.0,0.0
Tom Thayer,1,OG,82,25,1,3,1747000.0,0.0
Richard Dent,1,DE,89,25,3,1,27422000.0,0.0
Mike Baab,5,C,83,27,4,1,6959000.0,3784000.0
Vestee Jackson,1,CB,80,23,0,4,3906000.0,1947000.0
Mark Johnson,2,C,65,23,0,4,658000.0,292000.0
John Harty,15,DT,74,27,4,3,1087000.0,0.0
Steve Mott,19,C,80,25,3,1,911000.0,203000.0
Mark Walen,11,DT,68,23,0,3,1022000.0,186000.0
Matt Suhey,1,RB,87,28,6,2,4887000.0,2413000.0
Maurice  Douglass,1,S,78,22,0,3,1829000.0,119000.0
Greg Hill,9,S,77,25,3,1,971000.0,0.0
Lionel James,8,RB,73,24,2,2,1617000.0,0.0
Robert Lavette,11,RB,65,23,1,1,56000.0,11333000.0
Jeff Bostic,26,C,85,28,6,1,3239000.0,243000.0
David Frye,12,OLB,74,25,3,1,1001000.0,0.0
Ty Allert,8,OLB,73,23,0,4,609000.0,362000.0
Buddy Curry,14,MLB,79,28,6,2,928000.0,0.0
Carl Zander,2,MLB,78,23,1,2,912000.0,0.0
Van Hughes,7,DE,70,25,0,4,1022000.0,0.0
Dino Hackett,9,MLB,83,26,0,4,1420000.0,629000.0
Ron Rivera,1,OLB,79,30,3,1,832000.0,0.0
Keith Bostic,30,S,84,25,3,2,5014000.0,583000.0
Vann McElroy,23,S,88,26,4,2,3992000.0,3182000.0
K.D. Dunn,6,TE,69,23,1,3,932000.0,62000.0
Gary Clark,26,WR,87,24,1,3,16674000.0,4718000.0
Billy Johnson,14,WR,73,28,6,1,766000.0,171000.0
Willie Gault,1,WR,82,26,3,4,5983000.0,13141000.0
Roy Green,7,WR,87,29,7,3,1889000.0,425000.0
Earnest Byner,5,RB,84,24,2,2,1514000.0,120000.0
Ted Watts,32,CB,79,34,10,3,1745000.0,0.0
Isaac Holt,31,CB,81,24,1,3,8610000.0,5060000.0
Chris Doleman,31,DE,85,24,1,3,5271000.0,2183000.0
Ron Pitts,3,CB,75,23,0,4,911000.0,148000.0
Ken Huff,26,C,69,33,11,2,1411000.0,0.0
Donovan Rose,12,CB,73,29,1,2,1253000.0,0.0
Stanley Morgan,22,WR,91,31,9,1,7728000.0,0.0
Steve Largent,28,WR,90,32,10,2,11459000.0,2610000.0
Phil McConkey,16,WR,71,29,2,2,568000.0,163000.0
Stanley Wilson,2,RB,75,25,2,3,732000.0,415000.0
Bart Oates,16,C,87,27,1,3,1971000.0,120000.0
Mark Collins,16,CB,80,22,0,5,1235000.0,670000.0
Todd Fowler,11,RB,73,24,1,3,1465000.0,0.0
Reyna Thompson,12,S,72,23,0,3,911000.0,242000.0
Terry Kinard,16,S,83,26,3,1,1310000.0,0.0
William Andrews,14,RB,80,30,5,2,1745000.0,584000.0
Owen Gill,10,RB,71,24,1,3,781000.0,0.0
Doug Flutie,1,QB,73,23,0,4,866000.0,56000.0
Jim Stuckey,15,DE,80,28,6,4,1228000.0,0.0
Jody Schulz,13,OLB,73,26,2,2,1072000.0,0.0
Reggie Williams,2,OLB,87,32,10,1,14423000.0,3259000.0
William Graham,19,S,75,27,4,1,912000.0,0.0
Orson Mobley,4,TE,79,23,0,3,1022000.0,186000.0
Dokie Williams,23,WR,82,26,3,1,1167000.0,0.0
Sean McNanie,3,DE,78,25,2,1,822000.0,0.0
Lamonte Hunley,10,OLB,70,23,1,3,638000.0,305000.0
Otis Wilson,1,OLB,86,29,6,4,16618000.0,3168000.0
Andy Hawkins,8,MLB,76,28,6,2,1545000.0,1465000.0
Keith Willis,29,DE,82,27,4,1,5496000.0,583000.0
Dave Rimington,2,C,85,26,3,1,1378000.0,0.0
Thomas Benson,8,MLB,79,25,2,2,6364000.0,1724000.0
George Lilja,5,C,75,28,4,4,2592000.0,0.0
Ray Horton,2,CB,78,26,3,1,832000.0,0.0
Mark Harper,5,CB,75,25,0,3,649000.0,305000.0
Steve Korte,27,C,82,26,3,3,1004000.0,147000.0
Carl Hairston,5,DE,82,34,10,1,2678000.0,40000.0
Sam Washington,2,CB,68,26,4,2,167000.0,123000.0
Frank Minnifield,5,CB,88,26,3,1,1384000.0,0.0
Joe Fields,18,C,82,32,11,1,1597000.0,0.0
John Simmons,2,CB,75,27,5,2,1077000.0,791000.0
Phil Smith,13,WR,64,26,2,2,937000.0,0.0
Drew Hill,30,WR,88,29,7,4,9985000.0,1414000.0
Gerald Carter,6,WR,81,29,6,2,6763000.0,3959000.0
Tom Rafferty,11,C,86,32,10,4,10759000.0,5139000.0
Matt Darwin,13,C,78,23,0,4,3606000.0,1624000.0
Nathan Wonsley,6,RB,73,23,0,4,1072000.0,102000.0
Lewis Billups,2,CB,81,22,0,3,1464000.0,0.0
Keith Millard,31,DT,87,24,1,2,1547000.0,0.0
Tim Krumrie,2,DT,88,26,3,2,1458000.0,0.0
Broderick Thompson,11,C,69,26,1,1,1077000.0,119000.0
Mark Cannon,20,C,76,24,2,2,781000.0,0.0
Tony Paige,18,RB,80,23,2,2,7288000.0,3691000.0
Rick Woods,29,CB,79,26,4,1,937000.0,0.0
Wayne Grant,2,DT,67,23,0,4,845000.0,46000.0
Jeff Shaw,2,DT,67,24,0,3,132000.0,0.0
Ottis Anderson,7,RB,83,29,7,2,2710000.0,0.0
Don Mosebar,23,C,89,25,3,1,2989000.0,944000.0
Craig Ellis,12,RB,66,25,0,2,744000.0,156000.0
Dee Hardison,8,DE,77,30,8,1,706000.0,33000.0
Brian Johnston,16,C,71,23,0,4,1834000.0,0.0
Larry Braziel,5,CB,72,31,7,2,781000.0,218000.0
D.D. Hoggard,5,CB,74,25,1,3,879000.0,0.0
Larry Kinnebrew,2,RB,86,27,3,1,2341000.0,1803000.0
Robert Jackson,2,S,77,27,4,2,1177000.0,0.0
Bobby Kemp,2,S,82,27,5,1,4897000.0,577000.0
David Hill,24,TE,80,32,10,2,4666000.0,0.0
Walter Murray,10,WR,68,23,0,2,675000.0,197000.0
Stanford Jennings,2,RB,70,24,2,2,715000.0,473000.0
Hanford Dixon,5,CB,91,28,5,2,12687000.0,5482000.0
Charles Alexander,2,RB,71,29,6,1,821000.0,206000.0
Glenn Hyde,28,C,77,35,10,1,903000.0,24000.0
Bobby Butler,14,CB,83,27,5,3,1676000.0,0.0
Eddie Lee Ivery,20,RB,81,29,7,1,1239000.0,389000.0
Elvis Patterson,16,CB,84,25,2,2,4957000.0,0.0
Jim Breech,2,K,93,30,7,1,10432000.0,3066000.0
Kerry Glenn,18,CB,76,24,1,3,639000.0,305000.0
Steve Wilson,4,CB,78,29,7,1,2089000.0,237000.0
Tony Casillas,14,DT,84,22,0,3,4142000.0,4460000.0
Pat Franklin,6,RB,70,23,0,4,1085000.0,211000.0
Victor Scott,11,S,75,24,2,2,1014000.0,0.0
John Harris,31,S,86,30,11,1,2458000.0,438000.0
Vai Sikahema,7,RB,69,24,0,4,652000.0,357000.0
Mike Waters,13,RB,67,24,0,4,853000.0,43000.0
Cornell Gowdy,11,CB,72,22,0,2,273000.0,170000.0
Eddie Edwards,2,DE,81,32,9,1,1295000.0,184000.0
Garry Cobb,13,OLB,83,29,7,2,1757000.0,1739000.0
Lance Mehl,18,MLB,87,28,6,1,2143000.0,0.0
Alex Moyer,12,MLB,70,22,1,1,824000.0,0.0
Rick Dennison,4,MLB,76,28,4,1,947000.0,48000.0
Bob Golic,5,DT,90,29,6,4,11202000.0,6575000.0
Kiki DeAyala,2,OLB,74,24,0,4,586000.0,312000.0
Mike Douglass,8,OLB,77,31,8,1,1195000.0,77000.0
Charles Baker,7,OLB,83,28,6,5,2177000.0,0.0
Webster Slaughter,5,WR,78,21,0,5,5791000.0,9757000.0
Don Warren,26,TE,84,30,7,1,1829000.0,0.0
Jerry Butler,3,WR,83,28,6,1,10813000.0,4351000.0
Randy Grimes,6,C,82,26,3,1,4571000.0,1927000.0
Emanuel King,2,OLB,78,23,1,3,1022000.0,186000.0
Tim Stone,2,OT,68,25,0,3,1232000.0,39000.0
Reggie Langhorne,5,WR,79,23,1,3,853000.0,0.0
Joe Walter,2,OT,75,23,1,4,929000.0,2336000.0
Joe Kelly,2,MLB,76,21,0,3,3394000.0,1260000.0
Ed Brady,2,MLB,75,24,2,2,1745000.0,584000.0
Johnny Hector,18,RB,78,25,3,2,957000.0,0.0
Jeff Hayes,2,P,77,27,4,1,912000.0,0.0
Dwight Wheeler,23,C,73,31,6,1,1346000.0,121000.0
Mark Lee,20,CB,83,28,6,1,15468000.0,0.0
Boomer Esiason,2,QB,85,25,2,1,26357000.0,0.0
Chris Sheffield,29,CB,72,23,0,4,993000.0,0.0
Gerald Willhite,4,RB,86,27,4,2,2477000.0,766000.0
Eric Williams,29,S,79,26,3,1,4177000.0,0.0
Tony Baker,14,RB,72,22,0,4,911000.0,148000.0
Chris Smith,9,RB,73,23,0,3,576000.0,269000.0
Doug Gaynor,2,QB,64,24,0,4,575000.0,310000.0
Mike Webster,29,C,94,34,12,1,8915000.0,648000.0
Ken Anderson,2,QB,80,37,15,2,1254000.0,0.0
Jim Skow,2,DE,76,23,0,4,1251000.0,20000.0
Mike Hammerstein,2,DE,73,23,0,5,746000.0,647000.0
Roynell Young,13,CB,84,28,6,2,1473000.0,0.0
Jim Fahnhorst,15,MLB,79,27,2,3,1312000.0,0.0
Larry Williams,5,OG,80,23,0,3,1740000.0,0.0
Randy Scott,20,MLB,81,27,5,1,5755000.0,0.0
Barney Bussey,2,S,78,24,0,4,843000.0,39000.0
Curtis Dickey,5,RB,78,29,6,3,817000.0,3000.0
David Douglas,2,OG,74,23,0,4,724000.0,0.0
Max Montoya,2,OG,89,30,7,1,2557000.0,1692000.0
Ozzie Newsome,5,TE,87,30,8,6,1071000.0,292000.0
Bill Johnson,2,RB,82,25,1,2,1022000.0,39000.0
Paul Farren,5,OT,84,25,3,4,7344000.0,5639000.0
E.J. Jones,17,RB,73,24,1,3,732000.0,415000.0
Darrell Green,26,CB,90,26,3,4,2758000.0,710000.0
Kenny Daniel,10,S,70,26,1,1,282000.0,0.0
Ken McAlister,9,OLB,75,26,3,1,716000.0,71000.0
Anthony Dickerson,21,OLB,78,29,6,1,1172000.0,0.0
Tony Lilly,4,S,75,24,2,2,670000.0,273000.0
Dan Fike,5,OG,87,25,1,3,10554000.0,3463000.0
Ricky Hunley,4,MLB,79,24,2,2,1027000.0,0.0
Ray Bentley,3,MLB,79,25,1,3,4635000.0,4665000.0
Paul Hanna,5,DT,68,26,0,4,65000.0,812000.0
Levi Thompson,25,C,74,30,8,1,1173000.0,120000.0
Leon White,2,OLB,75,22,0,3,1227000.0,53000.0
Ron Simpkins,2,OLB,74,28,5,1,1510000.0,0.0
Brian Blados,2,OT,85,24,2,2,1734000.0,1001000.0
David Fulcher,2,S,81,21,0,4,3407000.0,174000.0
Terry Taylor,28,CB,83,25,2,3,10579000.0,7799000.0
Jimmy Turner,2,S,74,27,3,1,934000.0,0.0
Eric Kattus,2,TE,73,23,0,3,722000.0,140000.0
M.L. Harris,2,TE,64,32,6,2,568000.0,163000.0
Eddie Brown,2,WR,83,23,1,3,1572000.0,0.0
Mike Martin,2,WR,71,25,3,1,1599000.0,531000.0
Joe Cribbs,15,RB,78,28,6,1,922000.0,0.0
Steve Kreider,2,WR,73,28,7,1,1022000.0,258000.0
Cris Collinsworth,2,WR,87,27,5,4,20765000.0,3311000.0
Tim McGee,2,WR,78,22,0,4,2229000.0,122000.0
Kevin Mack,5,RB,89,24,1,4,2089000.0,121000.0
Wayne Radloff,14,C,80,25,1,3,1312000.0,0.0
Gerry Feehery,13,C,72,26,3,1,819000.0,0.0
Dave Puzzoli,5,DT,76,25,3,1,1954000.0,0.0
Chris Rockins,5,S,76,24,2,2,851000.0,817000.0
Jeff Smith,9,RB,72,24,1,3,1172000.0,0.0
Anthony Toney,13,RB,75,23,0,4,1380000.0,0.0
Carl Byrum,3,RB,71,23,0,4,1022000.0,0.0
Robert Brown,20,DE,80,26,4,1,2930000.0,1956000.0
Ron Davenport,12,RB,79,23,1,1,4262000.0,4012000.0
Bruce Kozerski,2,OG,86,24,2,2,8913000.0,3424000.0
Bruce Reimers,2,OG,78,25,2,1,1527000.0,1817000.0
Jeff Leiding,10,MLB,69,24,0,4,656000.0,292000.0
August Curley,19,OLB,74,26,3,1,730000.0,200000.0
Jim Jeffcoat,11,DE,87,25,3,1,11920000.0,0.0
Kenny Easley,28,S,91,27,5,2,2083000.0,0.0
James Brooks,2,RB,86,27,5,1,3868000.0,1479000.0
Rodney Holman,2,TE,87,26,4,1,7671000.0,1402000.0
Steve Courson,6,C,69,30,8,2,1022000.0,39000.0
Anthony Munoz,2,OT,97,28,6,3,29578000.0,0.0
Johnny Davis,5,RB,66,30,8,1,115000.0,0.0
Ross Browner,2,DE,80,32,8,2,3844000.0,1338000.0
Byron Hunt,16,OLB,76,27,5,1,810000.0,0.0
Louis Breeden,2,CB,86,32,8,2,1420000.0,578000.0
Kent Hull,3,C,83,25,1,3,5954000.0,1296000.0
Jackie Walker,6,MLB,72,23,0,4,623000.0,111000.0
John Offerdahl,12,MLB,86,22,0,3,4480000.0,2868000.0
Kevin Walker,6,CB,73,24,0,3,677000.0,246000.0
Tim Vogler,3,C,78,29,7,1,4340000.0,0.0
Rodney Bellinger,3,CB,72,25,2,1,218000.0,0.0
Kevin Williams,3,CB,70,24,1,3,435000.0,0.0
Rod Hill,3,CB,77,27,3,1,869000.0,0.0
Charles Romes,3,CB,83,31,9,1,2139000.0,0.0
Guy Bingham,18,C,75,28,6,3,2198000.0,0.0
Don Smith,3,DT,81,29,7,4,1572000.0,4064000.0
Jerry Boyarsky,3,DT,76,27,5,1,2363000.0,302000.0
Fred Smerlas,3,DT,86,29,7,1,3807000.0,0.0
Kevin Brooks,11,OLB,75,23,1,3,623000.0,446000.0
Ricky Moore,3,RB,70,23,0,4,1178000.0,236000.0
Tate Randle,10,S,75,27,4,4,456000.0,701000.0
Mark Kelso,3,S,79,23,0,3,5344000.0,4212000.0
Steve Freeman,3,S,82,33,11,1,1801000.0,0.0
Ronnie Harmon,3,RB,78,22,0,4,1270000.0,5317000.0
Greg Bell,3,RB,78,24,2,2,1022000.0,39000.0
Craig Swoope,6,S,78,22,0,4,1022000.0,0.0
Fred Quillan,15,C,87,30,8,1,6557000.0,0.0
Scott Norwood,3,K,86,26,1,3,1022000.0,186000.0
Dean Prater,3,DE,72,27,4,1,435000.0,0.0
Mark Traynowicz,3,OG,71,23,1,1,927000.0,0.0
James Gabrish,15,C,72,23,0,4,405000.0,298000.0
Everson Walls,11,CB,89,26,5,3,1312000.0,0.0
George Cumby,3,MLB,76,30,6,1,971000.0,0.0
Leo Barker,2,MLB,81,26,2,1,9212000.0,1704000.0
Tony Furjanic,3,OLB,73,22,0,3,1079000.0,0.0
Lucius Sanford,3,OLB,81,30,8,2,2053000.0,2911000.0
Ken Jones,3,OT,78,33,10,1,970000.0,0.0
Justin Cross,3,OT,72,27,4,1,811000.0,0.0
George Greene,20,S,78,24,1,2,1022000.0,39000.0
Don Griffin,15,S,79,22,0,5,853000.0,586000.0
Guy Frazier,3,MLB,74,27,5,1,1049000.0,209000.0
Eugene Marve,3,MLB,84,26,4,1,1077000.0,119000.0
John Kidd,3,P,89,25,2,3,2625000.0,157000.0
Manny Hendrix,11,CB,71,22,0,2,1172000.0,857000.0
Jim Kelly,3,QB,84,26,2,2,21772000.0,0.0
Johnny Holloway,11,CB,72,22,0,4,535000.0,396000.0
Clint Burrell,5,S,73,30,5,1,769000.0,0.0
Dwight Stephenson,12,C,95,28,6,3,3683000.0,1473000.0
Frank Reich,3,QB,74,24,1,3,5925000.0,793000.0
Mark Pike,3,DE,71,23,0,4,1022000.0,0.0
Anthony Griggs,5,MLB,75,26,4,1,1228000.0,0.0
E.J. Junior,7,MLB,84,26,5,3,8653000.0,997000.0
Mike Hamby,3,DE,71,23,0,4,556000.0,196000.0
Dale Hellestrae,3,OG,72,24,1,3,1239000.0,0.0
Hal Garner,3,OLB,75,24,1,2,876000.0,0.0
Darryl Talley,3,OLB,84,26,3,1,10471000.0,1239000.0
Joe Devlin,3,OT,81,32,9,3,2050000.0,0.0
Martin Bayless,3,S,79,23,2,1,1228000.0,0.0
Dwight Drane,3,S,75,24,1,3,788000.0,1128000.0
Eugene Lockhart,11,MLB,80,25,2,2,1268000.0,0.0
Eddie Johnson,5,MLB,82,27,5,2,4029000.0,358000.0
Butch Rolle,3,TE,67,22,0,4,1037000.0,0.0
Gary Wilkins,3,TE,72,22,0,4,586000.0,312000.0
Eric Richardson,3,WR,68,24,1,2,167000.0,123000.0
Doug Smith,24,C,92,29,8,2,22065000.0,14679000.0
Ron Fellows,11,CB,84,28,5,1,4614000.0,3672000.0
Walter Broughton,3,WR,64,23,0,4,759000.0,26000.0
Jimmy Teal,3,WR,67,25,1,1,781000.0,0.0
Felix Wright,5,S,82,27,1,3,6097000.0,1683000.0
Andre Reed,3,WR,83,22,1,3,3225000.0,435000.0
Randy White,11,DT,87,33,11,2,4643000.0,8829000.0
Chris Burkett,3,WR,75,24,1,2,3958000.0,2453000.0
Major Everett,5,RB,75,26,3,1,1839000.0,922000.0
Jim Richter,3,OG,86,28,6,2,5155000.0,689000.0
Tom Turnure,19,C,74,29,6,2,1039000.0,0.0
Herman Fontenot,5,RB,72,23,1,1,858000.0,150000.0
Robb Riddick,3,RB,79,29,3,2,4507000.0,0.0
Pete Metzelaars,3,TE,83,27,4,2,1674000.0,1551000.0
Will Wolford,3,OT,83,22,0,3,8961000.0,4482000.0
Elbert Foules,13,CB,77,25,3,1,896000.0,0.0
Leonard Burton,3,OG,71,22,0,4,274000.0,446000.0
Bruce Smith,3,DE,89,23,1,2,3967000.0,3536000.0
Derrick Burroughs,3,CB,83,25,1,3,1738000.0,646000.0
Bobby Watkins,19,CB,77,26,4,1,1509000.0,78000.0
Billy Bryan,4,C,83,31,9,1,9086000.0,1702000.0
Mike Renfro,11,WR,81,31,8,3,4064000.0,1360000.0
Mitch Geier,4,C,67,24,0,4,750000.0,32000.0
Daniel Hunter,4,CB,74,24,1,3,1113000.0,0.0
Mark Haynes,4,CB,85,28,6,5,1745000.0,1137000.0
Mike Harden,4,CB,82,28,6,3,2868000.0,0.0
Sam Clancy,5,DE,80,28,2,2,845000.0,360000.0
Greg Kragen,4,DT,80,24,1,2,1231000.0,118000.0
Rubin Carter,4,DT,76,33,11,2,2053000.0,1107000.0
Tony Colorito,4,DT,72,22,0,5,398000.0,700000.0
Gene Lang,4,RB,79,24,2,3,911000.0,242000.0
Glen Titensor,11,OG,83,28,5,3,5460000.0,2121000.0
Ray Noble,4,S,67,23,0,3,103000.0,649000.0
Steve Foley,4,S,85,33,10,1,8432000.0,0.0
Steve Sewell,4,RB,74,23,0,4,713000.0,53000.0
Ken Bell,4,RB,66,21,0,4,1022000.0,0.0
Rich Karlis,4,K,93,27,4,2,6571000.0,1104000.0
Freddie Gilbert,4,DE,75,24,0,4,1139000.0,226000.0
Mike Freeman,4,OG,74,25,1,3,1803000.0,0.0
Tony Dorsett,11,RB,87,32,9,3,8785000.0,2108000.0
Darren Comeaux,4,OLB,75,26,4,1,993000.0,0.0
Jim Ryan,4,OLB,82,29,6,1,7487000.0,1210000.0
Dan Remsberg,4,OT,72,24,0,3,662000.0,139000.0
Winford Hood,4,OT,74,24,2,2,923000.0,0.0
Karl Mecklenburg,4,MLB,88,26,3,1,12115000.0,3181000.0
Ty Bryant,4,MLB,69,31,9,2,781000.0,218000.0
Mike Horan,4,P,84,27,2,2,1948000.0,974000.0
John Elway,4,QB,87,25,3,3,34367000.0,0.0
Gary Kubiak,4,QB,74,24,3,1,458000.0,0.0
Barney Chavous,4,DE,66,35,13,1,273000.0,0.0
Simon Fletcher,4,DE,80,24,1,2,2037000.0,594000.0
Mark Cooper,4,OG,74,26,3,1,818000.0,0.0
Ken Woodard,4,OLB,78,26,4,1,1631000.0,122000.0
Dave Dalby,25,C,79,35,14,1,4794000.0,471000.0
Tom Jackson,4,OLB,82,35,13,3,1667000.0,0.0
Ken Lanier,4,OT,84,27,5,1,2424000.0,124000.0
Dennis Smith,4,S,90,27,5,4,3232000.0,3505000.0
Randy Robbins,4,S,75,24,2,2,730000.0,0.0
Bobby Micho,4,TE,70,24,1,3,848000.0,0.0
Joey Hackett,4,TE,66,28,0,4,732000.0,1562000.0
Mark Jackson,4,WR,79,23,0,6,873000.0,712000.0
Joe Thomas,4,WR,66,24,0,1,924000.0,0.0
Clint Sampson,4,WR,74,25,3,1,781000.0,0.0
Vance Johnson,4,WR,81,23,1,4,6166000.0,1305000.0
Steve Watson,4,WR,85,29,7,2,2829000.0,0.0
Ralph Malone,5,DE,70,22,0,4,105000.0,797000.0
Keith Bishop,4,OG,90,29,5,3,4539000.0,3444000.0
Sammy Winder,4,RB,82,26,4,4,6267000.0,2370000.0
Clarence Kay,4,TE,81,25,2,2,4089000.0,467000.0
Dave Studdard,4,OT,83,31,7,1,4165000.0,765000.0
Paul Howard,4,OG,84,36,12,1,2658000.0,0.0
Rulon Jones,4,DE,91,28,6,1,6341000.0,0.0
Louis Wright,4,CB,84,33,11,1,7700000.0,1349000.0
Mike Haynes,23,CB,90,33,10,2,31079000.0,0.0
Robert Jackson,5,OG,69,35,11,1,1100000.0,0.0
Scott Nicolas,5,OLB,73,26,4,1,1262000.0,0.0
Clay Matthews,5,OLB,86,30,8,3,8884000.0,2514000.0
Lester Hayes,23,CB,88,31,9,1,17155000.0,6353000.0
Cody Risien,5,OT,89,29,7,6,3643000.0,4381000.0
Ray Ellis,5,S,82,27,5,4,7292000.0,842000.0
Al Gross,5,S,77,25,3,1,1551000.0,695000.0
Travis Tucker,5,TE,72,23,1,3,755000.0,0.0
Harry Holt,5,TE,76,28,3,1,1146000.0,0.0
Clarence Weathers,5,WR,75,24,3,1,1521000.0,0.0
Terry Greer,5,WR,68,28,0,3,521000.0,484000.0
Gerald McNeil,5,WR,66,24,0,4,146000.0,0.0
Brian Brennan,5,WR,81,24,2,2,1059000.0,0.0
Matt Bahr,5,K,90,30,7,3,2038000.0,0.0
Reggie Camp,5,DE,82,25,3,1,4907000.0,2712000.0
Jeff Wiska,5,OG,70,27,0,4,655000.0,357000.0
Brad Van Pelt,5,OLB,77,35,13,2,764000.0,176000.0
Sean Farrell,6,OG,82,26,4,4,3756000.0,1312000.0
Chip Banks,5,OLB,87,27,4,2,4707000.0,2329000.0
Bill Contz,5,OT,75,24,3,1,1022000.0,258000.0
Rickey Bolden,5,OT,75,26,2,2,650000.0,212000.0
Curtis Weathers,5,MLB,70,30,7,3,629000.0,300000.0
Mike Johnson,5,MLB,80,24,0,3,6133000.0,7830000.0
Jeff Gossett,5,P,88,29,5,2,2161000.0,608000.0
Bernie Kosar,5,QB,82,22,1,4,12521000.0,6039000.0
Doug Cosbie,11,TE,86,30,7,1,11180000.0,4740000.0
Gary Danielson,5,QB,74,35,9,1,899000.0,0.0
Mike Pagel,5,QB,75,26,4,3,2932000.0,123000.0
Mark Tuinei,11,OT,83,26,3,1,2145000.0,1731000.0
Vito McKeever,6,CB,78,21,0,4,799000.0,1396000.0
Bobby Futrell,6,CB,74,24,0,4,790000.0,0.0
Ivory Sully,6,CB,78,29,7,1,911000.0,203000.0
Don Anderson,25,CB,73,23,1,3,635000.0,1063000.0
Rod Jones,6,CB,74,22,0,4,1599000.0,421000.0
David Logan,6,DT,79,30,7,1,6542000.0,610000.0
Kevin House,6,WR,78,28,6,1,2191000.0,243000.0
Phil Freeman,6,WR,70,24,1,2,1140000.0,0.0
Rick Mallory,6,OG,71,26,1,2,872000.0,0.0
Crawford Ker,11,OG,80,24,1,4,2616000.0,0.0
Don Smerek,11,DT,75,29,5,1,2621000.0,240000.0
James Wilder,6,RB,84,28,5,1,6581000.0,3720000.0
Jimmy Giles,6,TE,83,32,9,2,2477000.0,766000.0
Rob Taylor,6,OT,79,26,0,5,1250000.0,670000.0
Karl Morgan,6,DT,72,25,2,2,519000.0,1093000.0
Kevin Kellin,6,DT,75,27,0,5,964000.0,488000.0
Ron Springs,6,RB,83,30,7,1,1155000.0,0.0
Ricky Easmon,6,S,70,23,1,3,1131000.0,0.0
Craig Curry,6,S,78,25,2,2,3007000.0,2229000.0
Larry Lee,12,C,74,27,5,1,1022000.0,258000.0
Greg Allen,6,RB,66,23,1,3,488000.0,386000.0
Bobby Howard,6,RB,69,22,0,3,633000.0,805000.0
Steve DeBerg,6,QB,81,32,8,1,1966000.0,2257000.0
John Cannon,6,DE,78,26,4,2,940000.0,0.0
Tyrone Keys,6,DE,73,27,3,1,335000.0,0.0
Greg Robinson,6,OG,66,23,0,2,52000.0,257000.0
Ervin Randle,6,OLB,77,24,1,2,1055000.0,0.0
Chris Washington,6,OLB,79,24,2,3,911000.0,242000.0
Joel Hilgenberg,27,C,79,24,2,2,957000.0,0.0
Marvin Powell,6,OT,76,31,9,2,786000.0,379000.0
Jeremiah Castille,6,S,74,25,3,1,1184000.0,0.0
Mike Prior,6,S,72,22,1,3,760000.0,0.0
Calvin Magee,6,TE,79,23,1,3,1172000.0,0.0
Jerry Bell,6,TE,71,27,4,1,1099000.0,1144000.0
David Williams,6,WR,64,23,0,4,55000.0,0.0
Willie Gillespie,6,WR,62,24,0,3,662000.0,383000.0
Leonard Harris,6,WR,69,26,0,3,1318000.0,0.0
Donald Igwebuike,6,K,81,26,1,2,744000.0,156000.0
Bob Nelson,6,DE,73,27,0,4,1336000.0,118000.0
George Yarno,6,OG,80,29,4,1,6560000.0,3966000.0
Kevin Murphy,6,OLB,73,23,0,4,396000.0,312000.0
Keith Browner,6,OLB,78,24,2,2,867000.0,0.0
William Gay,19,DE,81,31,8,2,2320000.0,0.0
J.D. Maarvleveld,6,OT,68,25,0,4,1041000.0,0.0
Ron Heller,6,OT,80,24,2,2,1912000.0,0.0
Scot Brantley,6,MLB,79,28,6,1,1808000.0,0.0
Jeff Davis,6,MLB,79,26,4,1,6617000.0,1577000.0
Frank Garcia,6,P,81,29,5,2,1022000.0,39000.0
Dexter Manley,26,DE,92,27,5,1,1660000.0,0.0
Steve Young,6,QB,85,25,2,2,16078000.0,1136000.0
Alan Risher,6,QB,67,25,1,2,1126000.0,0.0
Randy Clark,7,C,82,24,6,1,1468000.0,0.0
Gene Chilton,7,C,72,22,0,2,947000.0,109000.0
John Dutton,11,DT,83,35,12,2,3938000.0,583000.0
Bobby Johnson,7,CB,76,26,3,1,719000.0,0.0
Timmy Newsome,11,RB,86,28,6,1,2220000.0,0.0
Tommy Haynes,11,S,66,23,0,3,52000.0,13977000.0
Jeff Griffin,7,CB,73,28,5,1,1342000.0,121000.0
Michael Downs,11,S,83,27,5,1,1122000.0,0.0
Carl Carter,7,CB,75,22,0,4,781000.0,1000.0
Cedric Mack,7,CB,81,26,3,2,6203000.0,1004000.0
Herschel Walker,11,RB,83,24,1,3,1077000.0,0.0
Jay Pennison,30,C,79,24,0,4,913000.0,930000.0
David Galloway,7,DT,80,27,4,1,877000.0,0.0
Elois Grooms,7,DT,69,33,11,1,334000.0,0.0
Mark Duda,7,DT,76,25,3,1,937000.0,0.0
Earl Ferrell,7,RB,85,28,4,1,1254000.0,120000.0
Wayne Smith,7,S,76,29,6,1,1073000.0,119000.0
Lonnie Young,7,S,80,23,1,2,1745000.0,584000.0
Darryl Clack,11,RB,66,23,0,4,852000.0,44000.0
Ron Wolfley,7,RB,71,23,1,3,1022000.0,186000.0
Bobby Humphrey,18,CB,76,25,2,2,1984000.0,521000.0
Broderick Sargent,7,RB,69,24,0,3,307000.0,691000.0
John Lee,7,K,78,22,0,5,369000.0,388000.0
Bob Clasby,7,DE,79,25,0,4,1013000.0,0.0
Kurt Ploeger,11,DE,70,24,0,4,217000.0,488000.0
Rick DiBernardo,7,OLB,72,22,0,4,744000.0,0.0
Bob Otto,11,DE,71,23,0,4,580000.0,310000.0
Rick Bryan,14,DE,88,24,2,2,13135000.0,0.0
Freddie Joe Nunn,7,OLB,81,24,1,3,1227000.0,53000.0
Tootie Robbins,7,OT,77,28,4,1,884000.0,0.0
Don McNeal,12,CB,78,28,6,1,1156000.0,0.0
Mike Ruether,7,OT,73,23,0,4,1297000.0,1785000.0
Tom Howard,7,MLB,70,32,9,1,154000.0,0.0
Anthony Bell,7,MLB,76,22,0,3,767000.0,0.0
Terry Long,29,OG,81,27,2,3,3033000.0,512000.0
Greg Cater,7,P,84,29,4,1,955000.0,0.0
Brian Baldinger,11,OG,75,26,3,1,781000.0,0.0
Neil Lomax,7,QB,87,27,5,2,19990000.0,3955000.0
Kent Austin,7,QB,64,23,0,3,767000.0,0.0
Cliff Stoudt,7,QB,75,31,8,1,1504000.0,0.0
Gary Dulin,7,DE,74,29,0,4,781000.0,1000.0
Stafford Mays,7,DE,76,28,6,4,601000.0,312000.0
Doug Dawson,7,OG,75,24,2,2,2357000.0,185000.0
Niko Noga,7,MLB,79,24,2,2,937000.0,0.0
David Waymer,27,CB,83,28,6,1,1080000.0,673000.0
Ron Monaco,7,OLB,71,23,0,4,1022000.0,0.0
Lance Smith,7,OT,79,23,1,2,1461000.0,40000.0
Chuck Commiskey,27,OG,80,28,0,5,3342000.0,5842000.0
Leonard Smith,7,S,87,26,3,1,1196000.0,0.0
Dennis Thurman,7,S,78,30,8,1,2004000.0,2317000.0
Jay Novacek,7,TE,81,23,1,3,6374000.0,4130000.0
Greg LeFluer,7,TE,72,28,5,3,883000.0,0.0
Troy Johnson,7,WR,70,23,0,4,879000.0,72000.0
Scott Holman,7,WR,65,23,0,2,4000.0,2004000.0
Chas Fox,7,WR,65,22,0,3,105000.0,0.0
J.T. Smith,7,WR,88,31,8,1,8183000.0,0.0
Garth Jax,11,OLB,72,23,0,3,570000.0,448000.0
Pat Tilley,7,WR,80,33,10,2,4474000.0,1263000.0
Derek Kennard,7,OG,80,24,0,4,1546000.0,0.0
George Little,12,DE,77,23,1,3,1845000.0,3210000.0
Brad Benson,16,OT,89,30,8,1,10130000.0,0.0
Ray Brown,7,OG,76,23,0,4,2914000.0,718000.0
Stump Mitchell,7,RB,78,27,5,1,2789000.0,1276000.0
Doug Marsh,7,TE,82,28,6,1,5946000.0,793000.0
Paul Lankford,12,CB,82,28,4,1,13914000.0,12538000.0
Luis Sharpe,7,OT,88,26,4,1,1567000.0,186000.0
Joe Bostic,7,OG,84,29,7,2,2478000.0,506000.0
Al Baker,7,DE,84,29,8,3,7304000.0,2624000.0
Lionel Washington,7,CB,82,25,3,1,8106000.0,1666000.0
Ken Taylor,8,CB,80,23,1,3,4397000.0,119000.0
Jim Leonard,8,C,75,28,6,1,929000.0,0.0
Leslie O'Neal,8,DE,85,22,0,3,8739000.0,896000.0
Don Macek,8,C,82,32,10,1,8279000.0,2769000.0
Danny Walters,8,CB,78,25,3,1,7049000.0,753000.0
Kellen Winslow,8,TE,89,28,7,3,5171000.0,1899000.0
Jim Lachey,8,OT,86,23,1,4,4468000.0,9955000.0
Dennis McKnight,8,OG,82,32,10,1,6221000.0,0.0
David Martin,8,CB,70,27,0,4,633000.0,357000.0
John Hendy,8,CB,74,28,6,1,1268000.0,264000.0
Wayne Davis,8,CB,80,23,1,3,1776000.0,0.0
Blaise Winter,8,DT,75,24,1,2,708000.0,6000.0
Curtis Pardridge,8,WR,66,22,0,1,631000.0,156000.0
Timmy Ware,8,WR,66,24,0,3,744000.0,0.0
Charlie Joiner,8,WR,85,38,18,1,12544000.0,3914000.0
Wes Chandler,8,WR,84,30,8,2,3282000.0,241000.0
James Fitzpatrick,8,OG,75,22,0,3,582000.0,291000.0
Gary Anderson,8,RB,79,25,1,2,1022000.0,39000.0
Chuck Ehin,8,DT,80,25,3,2,1022000.0,39000.0
Jeff Rohrer,11,OLB,79,28,4,3,974000.0,47000.0
Terry Unrein,8,DT,72,23,0,4,1184000.0,0.0
Tim Spencer,8,RB,81,25,1,2,7969000.0,4529000.0
Kevin Wyatt,8,S,71,22,0,2,244000.0,0.0
Gill Byrd,8,S,85,25,3,1,1431000.0,0.0
Buford McGee,8,RB,73,26,2,1,563000.0,28000.0
Curtis Adams,8,RB,68,24,1,2,852000.0,252000.0
Dan Fouts,8,QB,83,35,13,1,5029000.0,579000.0
Bruce Mathison,8,QB,75,27,3,1,4757000.0,0.0
Mark Herrmann,8,QB,76,27,4,1,911000.0,203000.0
Earl Wilson,8,DE,73,28,1,3,1078000.0,0.0
Fred Robinson,8,DE,73,24,2,2,780000.0,0.0
Curt DiGiacomo,8,OG,70,22,0,4,147000.0,826000.0
Phil Pozderac,11,OT,84,26,4,3,1507000.0,647000.0
Derrie Nelson,8,OLB,72,28,3,1,729000.0,86000.0
Woodrow Lowe,8,OLB,83,31,10,4,6250000.0,2978000.0
Bill Bates,11,S,81,25,3,1,994000.0,376000.0
Jeff Walker,8,OT,71,23,0,4,1586000.0,119000.0
Jeffery Dale,8,S,78,23,1,3,2139000.0,1505000.0
Miles McPherson,8,S,69,26,5,1,805000.0,560000.0
Pete Holohan,8,TE,83,27,5,5,3045000.0,0.0
Eric Sievers,8,TE,76,28,5,2,1512000.0,0.0
Trumaine Johnson,8,WR,75,25,2,2,1702000.0,1683000.0
Rolf Benirschke,8,K,92,31,9,2,5687000.0,2961000.0
Lee Williams,8,DE,89,23,2,3,2001000.0,0.0
Sam Claphan,8,OG,81,29,5,1,6948000.0,2657000.0
Andy Demmin,8,OLB,67,22,0,1,781000.0,0.0
Billy Ray Smith,8,OLB,87,25,3,1,3366000.0,2023000.0
Tom Jelesky,13,OT,77,25,1,3,1829000.0,147000.0
Ken Dallafior,8,OT,75,27,1,3,3536000.0,1999000.0
Gary Kowalski,8,OT,79,26,2,1,2477000.0,0.0
Ron Baker,13,OG,82,31,8,3,9487000.0,0.0
Mark Fellows,8,MLB,71,23,1,2,707000.0,136000.0
Gary Plummer,8,MLB,81,26,0,4,2027000.0,1692000.0
Bob Rush,17,C,80,31,9,1,1749000.0,123000.0
Vince Albritton,11,S,72,24,2,2,557000.0,0.0
Ralf Mojsienjenko,8,P,78,23,1,3,744000.0,0.0
Tom Baugh,9,C,72,22,0,3,993000.0,114000.0
Bryan Millard,28,OG,84,25,2,2,7307000.0,687000.0
Adam Lingner,9,C,70,25,3,2,1077000.0,791000.0
Garcia Lane,9,CB,68,24,1,2,586000.0,28000.0
J.C. Pearson,9,CB,75,23,0,4,1375000.0,275000.0
Sherman Cocroft,9,CB,78,25,1,3,853000.0,0.0
Kevin Ross,9,CB,88,24,2,2,2705000.0,2485000.0
Bill Maas,9,DT,87,24,2,1,2468000.0,558000.0
Gary Baldinger,9,DT,74,22,0,4,957000.0,0.0
Leonard Griffin,9,DT,73,23,0,3,993000.0,109000.0
Mike Pruitt,9,RB,80,32,10,4,2291000.0,1992000.0
Angelo James,9,S,71,24,0,4,781000.0,1000.0
Deron Cherry,9,S,91,27,5,5,5990000.0,3881000.0
Herman Heard,9,RB,78,24,2,2,1236000.0,0.0
Jim Wilks,27,DE,81,28,5,1,878000.0,0.0
Bruce King,9,RB,71,23,1,3,730000.0,0.0
Rich Umphrey,17,C,73,27,4,2,700000.0,75000.0
Nick Lowery,9,K,99,30,7,1,3383000.0,244000.0
Art Still,9,DE,92,30,8,5,5844000.0,7163000.0
Brian Jozwiak,9,OG,72,23,0,4,510000.0,1094000.0
Gary Spani,9,MLB,78,30,8,4,1679000.0,1109000.0
Louis Cooper,9,OLB,79,23,1,3,1237000.0,0.0
John Alt,9,OT,82,24,2,2,3292000.0,436000.0
Rich Baldinger,9,OT,77,26,4,2,1756000.0,115000.0
Sam Seale,23,CB,75,23,2,2,707000.0,136000.0
Whitney Paul,9,MLB,74,32,10,1,1905000.0,0.0
Scott Radecic,9,MLB,75,24,2,2,849000.0,409000.0
Lewis Colbert,9,P,73,23,0,4,613000.0,1178000.0
Bill Kenney,9,QB,82,31,6,1,2764000.0,2627000.0
Frank Seurer,9,QB,65,24,0,3,121000.0,0.0
Jeff Van Note,14,C,79,40,17,1,1524000.0,0.0
Todd Blackledge,9,QB,77,25,3,3,3736000.0,4907000.0
Eric Holle,9,DE,75,26,2,2,1960000.0,1761000.0
Kit Lathrop,9,DE,74,30,2,2,1743000.0,1615000.0
Jim Rourke,9,OG,75,29,6,1,832000.0,109000.0
Thorton Chandler,11,TE,75,23,0,4,2652000.0,702000.0
David Croudip,14,CB,74,28,2,2,957000.0,0.0
Aaron Pearson,9,OLB,73,22,0,3,662000.0,383000.0
Tim Cofield,9,OLB,78,23,0,4,2769000.0,1350000.0
Dave Lutz,9,OT,82,26,3,1,2997000.0,0.0
Arthur Cox,14,TE,82,25,3,1,4368000.0,922000.0
Lloyd Burruss,9,S,91,28,5,1,21834000.0,7354000.0
Mark Robinson,9,S,75,23,2,1,647000.0,526000.0
Fred Cornwell,11,TE,64,25,2,1,60000.0,0.0
Walt Arnold,9,TE,76,28,6,1,1745000.0,296000.0
Mike Kenn,14,OT,84,30,8,1,1701000.0,40000.0
Paul Coffman,9,TE,79,30,8,1,1227000.0,0.0
Emile Harry,9,WR,73,23,0,4,937000.0,0.0
Anthony Hancock,9,WR,73,26,4,1,1953000.0,123000.0
Bill Fralic,14,OG,90,23,1,3,15985000.0,4240000.0
Carlos Carson,9,WR,85,27,6,2,3401000.0,768000.0
Dennis Woodberry,14,CB,71,22,0,4,810000.0,24000.0
Stephone Paige,9,WR,84,24,3,2,1738000.0,1529000.0
Henry Marshall,9,WR,82,32,10,1,5317000.0,0.0
Rick Donnally,9,C,82,27,4,1,3999000.0,1305000.0
Brad Budde,9,OG,81,29,6,1,2788000.0,960000.0
Boyce Green,9,RB,78,26,3,1,1721000.0,0.0
Jonathan Hayes,9,TE,80,24,1,3,1043000.0,109000.0
Irv Eatman,9,OT,79,25,0,3,1026000.0,0.0
Mark Adickes,9,OG,80,25,0,4,1454000.0,0.0
Pete Koch,9,DE,80,24,2,1,1044000.0,0.0
Albert Lewis,9,CB,90,25,3,1,3009000.0,243000.0
Eugene Daniel,10,CB,80,25,2,2,7324000.0,1595000.0
Ray Donaldson,10,C,93,28,6,1,5482000.0,380000.0
Jon Hand,10,DE,82,22,0,4,11066000.0,5577000.0
Mike Sherrard,11,WR,78,23,0,3,4708000.0,1694000.0
Don Bailey,10,C,70,25,2,1,844000.0,0.0
Pat Ballage,10,CB,70,22,0,4,724000.0,0.0
Gordon Banks,11,WR,70,28,6,1,1076000.0,119000.0
Pat Beach,10,TE,79,26,2,2,1022000.0,39000.0
Chris Hinton,10,OT,88,25,3,2,12724000.0,2636000.0
Ron Solt,10,OG,86,24,2,5,1359000.0,522000.0
Jeff Bryant,28,DE,84,26,4,1,9505000.0,0.0
Preston Davis,10,CB,74,24,2,2,876000.0,148000.0
Dexter Clinkscale,10,CB,80,28,5,4,5152000.0,795000.0
Leonard Coleman,10,CB,76,24,1,2,2349000.0,341000.0
John Haines,10,DT,70,24,1,3,833000.0,0.0
Oliver Williams,10,WR,66,25,1,3,435000.0,0.0
Will Grant,21,C,79,32,8,2,1693000.0,0.0
Jeff Fuller,15,CB,78,24,2,2,2046000.0,2955000.0
Robbie Martin,10,WR,68,27,5,1,458000.0,0.0
Bill Brooks,10,WR,80,22,0,3,1252000.0,0.0
Matt Bouza,10,WR,81,28,5,1,5020000.0,472000.0
Karl Powe,11,WR,73,24,1,2,712000.0,154000.0
Ron Caron,10,OG,71,24,1,3,1275000.0,1158000.0
Randy McMillan,10,RB,81,27,5,1,1960000.0,0.0
Willie Broughton,10,DT,77,22,1,3,1001000.0,115000.0
Scott Kellar,10,DT,72,22,0,4,794000.0,1119000.0
Albert Bentley,10,RB,85,26,1,2,2873000.0,0.0
John Holt,10,S,76,27,5,1,1275000.0,158000.0
Dwight Hicks,10,S,84,30,7,1,5780000.0,689000.0
Jim Romano,30,C,69,27,4,1,220000.0,0.0
Dan Turk,29,C,77,24,1,3,2653000.0,1252000.0
George Wonsley,10,RB,73,25,2,1,617000.0,62000.0
Hubie Oliver,10,RB,75,28,4,1,1022000.0,258000.0
Gary Hogeboom,10,QB,81,28,6,5,4092000.0,0.0
Blair Kiel,10,QB,68,24,1,1,819000.0,0.0
Jack Trudeau,10,QB,78,24,0,4,1607000.0,3569000.0
Randy Cross,15,OG,89,32,10,2,8548000.0,2055000.0
Harvey Armstrong,10,DE,74,26,3,1,994000.0,0.0
Scott Virkus,10,DE,69,27,3,1,624000.0,131000.0
Mark Kirchner,10,OG,71,26,2,2,881000.0,141000.0
Tony Hill,11,WR,85,30,9,1,9291000.0,939000.0
Barry Krauss,10,OLB,78,29,7,1,732000.0,488000.0
Duane Bickett,10,OLB,81,23,1,2,3945000.0,816000.0
Kevin Call,10,OT,78,24,2,3,2366000.0,879000.0
Nesby Glasgow,10,S,79,29,6,2,937000.0,0.0
Victor Jackson,10,S,70,28,0,4,681000.0,0.0
Mark Boyer,10,TE,77,23,1,3,1298000.0,0.0
Tim Sherwin,10,TE,75,28,5,1,782000.0,141000.0
Duane Galloway,19,CB,79,24,1,3,1077000.0,0.0
Wayne Capers,10,WR,74,25,3,1,959000.0,0.0
Dean Biasucci,10,K,90,28,1,3,2973000.0,124000.0
Donnell Thompson,10,DE,81,27,5,1,1075000.0,119000.0
Ben Utt,10,OG,79,27,4,4,1022000.0,0.0
Orlando Lowry,10,MLB,72,25,1,3,1388000.0,0.0
Johnie Cooks,10,OLB,82,27,4,1,1022000.0,258000.0
Karl Baldschwiler,10,OT,72,30,8,2,855000.0,344000.0
Bob Brotzki,10,OT,70,23,0,3,1426000.0,268000.0
Dave Ahrens,10,MLB,79,27,5,1,3566000.0,356000.0
Cliff Odom,10,MLB,80,28,5,3,874000.0,0.0
Ron Stark,10,P,92,27,4,1,2816000.0,3009000.0
Rafael Septian,11,K,94,33,9,2,2844000.0,637000.0
Too Tall Jones,11,DE,89,35,12,5,1576000.0,946000.0
Nate Newton,11,OG,84,25,0,3,2318000.0,2964000.0
Mike Kelley,25,OG,77,24,1,3,1070000.0,176000.0
Jesse Penn,11,OLB,73,24,1,2,835000.0,0.0
Mike Hegman,11,OLB,82,33,10,1,1022000.0,258000.0
Howard Richards,11,OT,76,27,5,1,715000.0,248000.0
Jim Cooper,11,OT,79,31,9,1,1159000.0,0.0
Steve DeOssie,11,MLB,77,24,2,2,911000.0,41000.0
Brian Salonen,11,MLB,66,25,2,2,693000.0,0.0
Mike Saxon,11,P,85,24,1,3,1239000.0,0.0
Danny White,11,QB,84,34,10,3,9034000.0,5738000.0
Reggie Collier,11,QB,65,25,0,4,708000.0,2139000.0
Donald Brown,12,CB,71,22,0,4,662000.0,0.0
Steve Pelluer,11,QB,75,24,2,2,9516000.0,4338000.0
Mike Smith,12,CB,70,23,1,1,781000.0,0.0
William Judson,12,CB,81,27,4,1,3671000.0,0.0
Bob Baumhower,12,DT,80,31,9,4,913000.0,171000.0
Mark Duper,12,WR,85,27,4,1,1387000.0,0.0
Tony Slaton,24,C,72,25,1,3,2454000.0,1402000.0
Roy Foster,12,OG,92,26,4,1,4848000.0,2803000.0
Jeff Toews,12,OG,69,28,7,1,744000.0,289000.0
Lorenzo Hampton,12,RB,80,24,1,3,1441000.0,0.0
Casey Merrill,27,DE,76,29,6,3,2739000.0,3103000.0
John Swain,29,CB,76,27,5,1,2429000.0,0.0
Bruce Hardy,12,TE,86,30,8,2,24484000.0,0.0
Jon Giesler,12,OT,88,29,7,1,17524000.0,0.0
Ronnie Lee,12,OG,83,29,6,1,2223000.0,0.0
Mike Charles,12,DT,77,23,3,1,3614000.0,0.0
Ronnie O'Bard,17,CB,71,28,1,2,732000.0,167000.0
Greg Brown,13,DE,84,29,5,2,1086000.0,0.0
Johnnie Poe,27,CB,80,27,5,2,857000.0,0.0
Brian Sochia,12,DT,75,25,3,1,582000.0,0.0
Steve Brown,30,CB,82,26,3,1,2643000.0,433000.0
Woody Bennett,12,RB,81,31,7,1,2370000.0,0.0
Bud Brown,12,S,75,25,2,2,1852000.0,474000.0
Carl Lee,31,CB,82,25,3,1,6533000.0,2314000.0
Lyle Blackwood,12,S,81,35,13,1,1227000.0,0.0
Tony Nathan,12,RB,79,29,6,1,841000.0,75000.0
Joe Carter,12,RB,74,24,2,2,1134000.0,278000.0
Doug Betters,12,DE,81,30,7,1,972000.0,0.0
Mack Moore,12,DE,76,27,1,2,826000.0,0.0
Brenard Wilson,13,CB,79,31,7,1,2196000.0,0.0
Tom Toth,12,OG,70,24,0,4,937000.0,0.0
Larry Kolic,12,OLB,74,23,0,4,912000.0,159000.0
Hugh Green,12,OLB,82,27,5,4,6554000.0,3387000.0
Cleveland Green,12,OT,84,28,7,2,2879000.0,124000.0
Glenn Blackwood,12,S,80,29,6,1,1344000.0,121000.0
Mike Kozlowski,12,S,76,30,6,3,881000.0,0.0
Dan Johnson,12,TE,77,26,3,1,911000.0,203000.0
Mark Lewis,20,TE,69,25,1,1,524000.0,59000.0
Nat Moore,12,WR,79,34,12,3,2935000.0,2781000.0
Jim Jensen,12,WR,75,27,5,2,1072000.0,0.0
James Pruitt,12,WR,72,22,0,3,857000.0,0.0
Mark Clayton,12,WR,86,25,3,1,1829000.0,0.0
Chris Godfrey,16,OG,87,28,3,1,12419000.0,1051000.0
Fuad Reveiz,12,K,89,23,1,3,2539000.0,695000.0
T.J. Turner,12,DE,75,23,0,4,1711000.0,120000.0
Jay Brophy,12,OLB,74,26,2,2,819000.0,0.0
Bob Brudzinski,12,OLB,82,31,9,1,3547000.0,0.0
Jeff Dellenbach,12,OT,77,23,1,3,1387000.0,0.0
Kirk Lowdermilk,31,C,81,23,1,2,1801000.0,0.0
Richard Byrd,30,DE,74,24,1,3,1466000.0,0.0
Greg Koch,12,OT,80,31,9,1,7727000.0,0.0
Jim Rockford,17,CB,71,25,1,3,930000.0,45000.0
Mark Brown,12,MLB,76,25,3,1,3142000.0,0.0
Jackie Shipp,12,MLB,80,24,2,2,8252000.0,4155000.0
Reggie Roby,12,P,99,25,3,5,3034000.0,0.0
Keith Graves,13,CB,73,20,4,1,993000.0,0.0
Dan Marino,12,QB,91,24,3,1,4282000.0,0.0
Don Strock,12,QB,79,35,12,1,4408000.0,468000.0
Eric Harris,17,CB,79,31,6,2,1138000.0,857000.0
Evan Cooper,13,CB,79,24,2,2,1227000.0,0.0
Ken Clarke,13,DT,83,30,8,1,2734000.0,241000.0
Ron Johnson,13,WR,69,27,1,3,581000.0,331000.0
Kenny Johnson,14,CB,78,34,12,1,3332000.0,2066000.0
Scott Case,14,CB,82,24,2,2,1058000.0,0.0
Nick Haden,13,OG,70,23,0,3,403000.0,459000.0
Keith Byars,13,RB,82,22,0,4,1701000.0,0.0
John Spagnola,13,TE,84,29,7,4,1461000.0,774000.0
Byron Darby,13,DT,79,26,3,1,1142000.0,89000.0
Jeff Tupper,13,DT,71,23,0,3,264000.0,1141000.0
Michael Haddix,13,RB,82,24,3,1,6980000.0,5383000.0
Wes Hopkins,13,S,81,25,3,1,1958000.0,0.0
Terry Hoage,13,S,77,24,2,2,2883000.0,159000.0
Junior Tautalasi,13,RB,72,23,0,4,802000.0,144000.0
Charles Crawford,13,RB,64,22,0,4,957000.0,0.0
Matt Cavanaugh,13,QB,75,29,7,2,1041000.0,0.0
Randall Cunningham,13,QB,83,23,1,4,30254000.0,1396000.0
Thomas Strauthers,13,DE,76,25,3,1,655000.0,0.0
Clyde Simmons,13,DE,82,22,0,4,2153000.0,2357000.0
Mossy Cade,20,CB,79,24,1,2,782000.0,0.0
Reggie Singletary,13,OG,74,22,0,3,1130000.0,0.0
Adam Schreiber,13,C,80,24,2,2,1227000.0,0.0
Rich Kraynak,13,OLB,75,25,2,2,853000.0,0.0
Alonzo Johnson,13,OLB,78,23,0,3,911000.0,242000.0
Leonard Mitchell,13,OT,80,27,5,1,1065000.0,1254000.0
Andre Waters,13,S,80,33,2,2,3750000.0,432000.0
William Frizzell,13,S,77,24,2,2,782000.0,0.0
Dave Little,13,TE,70,25,2,2,921000.0,0.0
Van Jakes,27,CB,75,25,2,2,1127000.0,695000.0
John Goode,13,TE,68,23,2,2,652000.0,24000.0
Andrew Provence,14,DT,77,25,3,1,2139000.0,0.0
Keith Baker,13,WR,70,29,1,3,253000.0,0.0
Paul McFadden,13,K,81,24,2,3,1735000.0,118000.0
Reggie White,13,DE,93,24,2,2,2821000.0,124000.0
Ken Reeves,13,OG,79,24,1,2,1007000.0,75000.0
Byron Lee,13,MLB,71,22,0,2,191000.0,0.0
Seth Joyner,13,OLB,82,21,0,5,5279000.0,1409000.0
Willie Tullis,27,CB,77,28,5,1,1023000.0,0.0
Marty Lyons,18,DE,86,29,7,6,4163000.0,6728000.0
Mike Black,13,OT,71,22,0,4,766000.0,7000.0
Jim Gilmore,13,OT,70,23,0,4,1218000.0,0.0
Dwayne Jiles,13,MLB,73,24,1,1,732000.0,488000.0
Fulton Walker,23,CB,78,28,5,1,974000.0,0.0
Mike Reichenbach,13,MLB,80,25,2,2,1172000.0,857000.0
John Teltschik,13,P,79,22,0,3,1382000.0,0.0
Ron Jaworski,13,QB,82,35,12,2,1414000.0,0.0
Aubrey Matthews,14,WR,70,24,0,4,351000.0,448000.0
Keith Williams,14,WR,67,22,0,2,841000.0,121000.0
Charlie Brown,14,WR,83,27,4,3,1115000.0,0.0
Floyd Dixon,14,WR,80,22,0,5,2444000.0,968000.0
John Scully,14,OG,82,29,4,1,1073000.0,0.0
Dwaine Board,15,DE,84,29,7,6,1636000.0,0.0
Gerald Riggs,14,RB,84,25,4,1,1542000.0,122000.0
Dan Benish,14,DT,77,25,3,1,1797000.0,0.0
Bill Ring,15,RB,73,29,5,1,913000.0,0.0
Tom Flynn,20,CB,77,24,2,2,3154000.0,241000.0
Tim McKyer,15,CB,84,23,0,4,3550000.0,4263000.0
Mike Pitts,14,DT,88,26,3,6,2931000.0,3142000.0
Jerry Holmes,18,CB,83,28,6,3,9507000.0,4330000.0
Sylvester Stamps,14,RB,82,25,2,2,1365000.0,0.0
Wendell Cason,14,S,77,23,1,3,2731000.0,352000.0
Bret Clark,14,S,79,25,0,4,907000.0,567000.0
Dave Brown,28,CB,84,33,11,1,11596000.0,1752000.0
Cliff Austin,14,RB,73,26,3,1,1239000.0,389000.0
Tim Tyrrell,14,RB,70,25,2,1,983000.0,333000.0
David Archer,14,QB,78,24,2,3,3927000.0,244000.0
Bob Holly,14,QB,63,26,3,1,934000.0,0.0
Michael Walter,15,OLB,77,25,3,2,1455000.0,409000.0
Ken McArthur,18,OLB,72,24,0,3,845000.0,0.0
Turk Schonert,14,QB,76,29,5,3,986000.0,109000.0
Michael McInnis,14,DE,69,24,0,4,169000.0,361000.0
Joe Costello,14,DE,74,26,0,4,1022000.0,0.0
Jamie Dukes,14,OG,75,22,0,5,2055000.0,999000.0
Carl Howard,18,CB,74,24,2,1,464000.0,496000.0
Aaron Brown,14,OLB,74,30,8,1,1126000.0,0.0
Russell Gary,27,CB,82,27,5,1,1022000.0,258000.0
David Mullen,18,CB,76,26,3,1,957000.0,0.0
Joel Williams,14,OLB,82,29,7,3,7838000.0,5249000.0
Eric Sanders,14,OT,76,27,5,1,1133000.0,135000.0
Robert Moore,14,S,73,27,0,4,662000.0,0.0
Jim Britt,14,S,80,26,3,2,921000.0,0.0
Ken Whisenhunt,14,TE,76,24,1,1,744000.0,289000.0
Ron Middleton,14,TE,74,21,0,4,1224000.0,655000.0
Patrick Allen,30,CB,80,25,2,2,1205000.0,0.0
Patrick Hunter,28,CB,76,21,0,3,1811000.0,790000.0
Stacey Bailey,14,WR,80,26,4,1,1220000.0,1810000.0
Mick Luckhurst,14,K,84,28,6,1,2666000.0,0.0
Mike Gann,14,DE,80,22,1,2,911000.0,41000.0
Ray Phillips,14,MLB,70,22,0,4,1083000.0,205000.0
John Dorsey,20,MLB,82,26,2,2,9974000.0,5185000.0
Joseph Pellegrini,14,OG,74,29,4,1,553000.0,528000.0
Tim Green,14,OLB,79,22,0,4,925000.0,0.0
Reggie Wilkes,14,OLB,82,30,8,1,4555000.0,1049000.0
Glen Howe,14,OT,70,24,1,2,637000.0,116000.0
Brett Miller,14,OT,82,27,3,1,2721000.0,0.0
Johnny Taylor,14,MLB,72,25,2,2,260000.0,0.0
John Rade,14,MLB,82,26,3,1,1738000.0,493000.0
Gerald Robinson,31,DE,73,23,0,4,923000.0,101000.0
Tony Elliot,27,DT,83,27,4,1,1471000.0,0.0
Rick Donnelly,14,P,78,23,1,3,1074000.0,729000.0
John Bostic,19,CB,73,26,1,2,744000.0,156000.0
Lee Smith,15,CB,69,24,0,4,49000.0,385000.0
Dana McLemore,15,CB,77,26,4,2,2252000.0,123000.0
Eric Wright,15,CB,87,27,5,1,1929000.0,123000.0
Pete Kugler,15,DT,78,27,5,1,4474000.0,1770000.0
Jerry Rice,15,WR,94,23,1,3,7342000.0,2227000.0
Dwight Clark,15,WR,86,29,7,6,2658000.0,2449000.0
John Ayers,15,OG,79,33,9,1,1390000.0,97000.0
Guy McIntyre,15,OG,85,25,2,2,1637000.0,0.0
Eric Martin,27,WR,81,24,1,2,1645000.0,1733000.0
Roger Craig,15,RB,87,26,3,4,11440000.0,2610000.0
Russ Francis,15,TE,89,33,11,1,1376000.0,409000.0
Bubba Paris,15,OT,86,25,3,1,5199000.0,2217000.0
Manu Tuiasosopo,15,DT,88,29,7,1,1653000.0,0.0
Arnold Brown,19,CB,69,23,1,3,109000.0,796000.0
Michael Carter,15,DT,90,25,2,4,30715000.0,0.0
Tom Rathman,15,RB,84,23,0,5,1315000.0,631000.0
Tory Nixon,15,S,78,24,1,3,1572000.0,0.0
Ronnie Lott,15,S,95,27,5,4,9169000.0,5144000.0
Bruce McNorton,19,CB,81,27,4,1,1569000.0,1620000.0
Derrick Harmon,15,RB,70,23,2,2,146000.0,0.0
Wendell Tyler,15,RB,81,31,9,1,939000.0,0.0
Mike Moroski,15,QB,74,29,6,1,947000.0,48000.0
Larry Roberts,15,DE,80,23,0,4,759000.0,15000.0
Doug Rogers,15,DE,76,26,3,1,1022000.0,258000.0
Michael Durette,15,OG,72,29,0,4,673000.0,674000.0
Tom Cousineau,15,MLB,77,29,4,2,2477000.0,766000.0
Keena Turner,15,OLB,91,27,6,6,2266000.0,4907000.0
Keith Fahnhorst,15,OT,87,34,12,1,11030000.0,734000.0
Carlton Williamson,15,S,83,28,5,5,1078000.0,582000.0
Tom Holmoe,15,S,74,26,2,2,957000.0,0.0
Jerry Doerger,32,C,77,26,2,2,861000.0,0.0
John Frank,15,TE,77,24,2,2,855000.0,0.0
Mike Wilson,15,WR,76,27,5,1,3547000.0,583000.0
John Taylor,15,WR,78,24,0,3,1500000.0,0.0
Derrick Crawford,15,WR,71,26,4,2,1022000.0,39000.0
Ray Wersching,15,K,92,36,13,1,1538000.0,122000.0
Jeff Stover,15,DE,84,28,4,5,15479000.0,0.0
Leonard Marshall,16,DE,90,24,3,1,4747000.0,1335000.0
Rob Monaco,32,C,72,25,1,2,529000.0,0.0
Milt McColl,15,OLB,81,27,5,1,3107000.0,243000.0
Charles Haley,15,OLB,84,22,0,5,3251000.0,4970000.0
Bruce Collie,15,OT,75,24,1,3,1185000.0,0.0
Steve Wallace,15,OT,80,21,0,6,1022000.0,283000.0
Ron Ferrari,15,MLB,73,27,4,2,645000.0,417000.0
Riki Ellison,15,MLB,84,26,3,1,7981000.0,909000.0
Max Runager,15,P,91,30,7,1,7328000.0,0.0
Ed Berry,20,CB,73,23,0,4,569000.0,428000.0
Joe Montana,15,QB,95,30,7,2,10365000.0,5282000.0
Russell Carter,18,CB,79,24,2,2,983000.0,0.0
Jeff Kemp,15,QB,77,27,4,2,1072000.0,0.0
Tyrone Davis,16,CB,72,24,1,2,502000.0,732000.0
Herb Welch,16,CB,76,25,1,3,1022000.0,186000.0
Perry Williams,16,CB,82,25,2,1,1022000.0,258000.0
Jim Burt,16,DT,92,27,5,1,1745000.0,296000.0
Solomon Miller,16,WR,70,21,0,4,912000.0,164000.0
Lionel Manuel,16,WR,81,24,2,2,1425000.0,119000.0
Bobby Johnson,16,WR,79,24,2,1,3651000.0,3226000.0
Lee Davis,17,CB,77,23,2,2,1514000.0,120000.0
Billy Ard,16,OG,84,27,5,1,6125000.0,4579000.0
Gary Hayes,20,CB,76,29,2,2,1312000.0,0.0
Joe Morris,16,RB,83,25,4,2,10259000.0,0.0
Mark Bavaro,16,TE,92,23,1,3,1577000.0,0.0
Jerome Sally,16,DT,80,27,4,5,5455000.0,4498000.0
Maurice Carthon,16,RB,80,25,1,2,2019000.0,0.0
Gary Johnson,17,DT,73,34,11,1,2002000.0,766000.0
Fred Marion,22,S,84,27,4,1,2802000.0,435000.0
George Rogers,26,RB,83,27,5,2,1227000.0,0.0
Erik Howard,16,DT,84,22,0,4,5778000.0,2130000.0
Tony Galbreath,16,RB,88,32,10,1,1310000.0,0.0
Lance Hamilton,16,S,70,21,0,4,595000.0,312000.0
Buford Jordan,27,RB,80,24,0,3,3678000.0,444000.0
John L. Williams,28,RB,86,21,0,5,9666000.0,3683000.0
Fred Lee,16,S,72,33,11,1,1172000.0,0.0
George Adams,16,RB,71,23,1,2,874000.0,0.0
Charles Martin,20,DT,80,27,2,2,2255000.0,0.0
Sean Thomas,32,CB,74,24,1,3,732000.0,415000.0
Herman Hunter,19,RB,73,25,1,3,1900000.0,981000.0
Marcus Allen,23,RB,86,26,4,4,4041000.0,3019000.0
Tom Briehl,17,MLB,70,24,1,2,957000.0,0.0
Bob Hamm,32,DE,71,27,3,1,983000.0,333000.0
Jessie Clark,20,RB,75,26,3,1,973000.0,0.0
Ray Wallace,30,RB,74,22,0,4,781000.0,1000.0
Rueben Mayes,27,RB,85,23,0,5,6052000.0,4285000.0
Lee Rouson,16,RB,73,23,1,3,1013000.0,155000.0
Jeff Rutledge,16,QB,73,29,7,1,852000.0,0.0
Jeff Hostetler,16,QB,77,25,1,3,11691000.0,943000.0
Lawrence Johnson,21,CB,79,29,6,3,923000.0,43000.0
Eric Dorsey,16,DE,79,22,0,4,1929000.0,1864000.0
Mike Wilcher,24,OLB,84,26,3,5,5536000.0,13099000.0
Miles Turpin,25,OLB,70,22,0,2,957000.0,0.0
Bob Landsee,21,C,69,22,0,4,608000.0,383000.0
John Washington,16,DE,76,23,0,3,835000.0,0.0
Sam Mills,27,MLB,85,27,0,4,1239000.0,0.0
Greg Gaines,28,OLB,81,27,4,1,5885000.0,870000.0
David Jordan,16,OG,68,24,2,1,710000.0,0.0
Pete Brock,22,C,87,32,10,1,2283000.0,124000.0
Andy Headen,16,OLB,75,26,3,1,788000.0,0.0
Lawrence Taylor,16,OLB,98,27,5,2,28689000.0,0.0
Jim Haslett,21,MLB,83,28,7,1,2943000.0,985000.0
Mel Owens,24,OLB,81,27,5,3,6962000.0,1067000.0
Karl Nelson,16,OT,83,26,2,2,6387000.0,6133000.0
Kenny Hill,16,S,83,28,5,4,6440000.0,795000.0
Kerry Justin,28,CB,77,31,8,1,1441000.0,0.0
Matt Monger,18,MLB,72,24,1,3,1022000.0,186000.0
Greg Lasker,16,S,70,21,0,3,632000.0,453000.0
Walter Abercrombie,29,RB,82,26,4,6,2496000.0,5398000.0
Audray McMillian,30,CB,77,24,1,2,1022000.0,39000.0
Zeke Mowatt,16,TE,78,25,2,2,869000.0,225000.0
James Harrell,19,MLB,82,29,7,2,7271000.0,1636000.0
Vyto Kab,16,TE,64,26,4,1,1003000.0,0.0
Darryl Caldwell,21,OT,77,26,1,4,1014000.0,505000.0
Stacey Robinson,16,WR,74,24,1,3,639000.0,305000.0
Shelton Robinson,19,MLB,74,26,4,1,1041000.0,154000.0
Craig Bingham,17,MLB,76,26,4,1,932000.0,1028000.0
Guy Morriss,22,C,74,35,13,1,2089000.0,123000.0
Steve Clark,21,OG,70,26,4,1,783000.0,320000.0
Vince Warren,16,WR,65,23,0,3,732000.0,415000.0
Raul Allegre,16,K,86,27,3,5,957000.0,568000.0
Eric Williams,19,DT,78,24,0,4,909000.0,111000.0
George Martin,16,DE,85,33,11,1,3380000.0,0.0
William  Roberts,16,OG,83,24,1,5,3971000.0,1662000.0
Thomas Johnson,16,OLB,69,22,0,3,1022000.0,186000.0
Carl Banks,16,OLB,87,24,2,2,13018000.0,641000.0
Damian Johnson,16,OT,75,23,0,3,632000.0,518000.0
Raymond Clayborn,22,CB,90,31,9,2,4143000.0,0.0
Conrad Goode,16,OT,68,24,2,2,867000.0,0.0
Robbie Jones,16,MLB,73,26,2,2,1500000.0,0.0
Pepper Johnson,16,MLB,79,22,0,4,4376000.0,1042000.0
Sean Landetta,16,P,86,24,1,3,2477000.0,1942000.0
Phil Simms,16,QB,87,31,7,2,4556000.0,2800000.0
Dan Ralph,17,DT,71,25,2,2,622000.0,441000.0
Robert Mathis,17,DT,77,27,5,1,1267000.0,440000.0
Mike Golic,30,DT,78,23,0,3,1227000.0,53000.0
Perry Harrington,17,RB,79,28,6,2,1022000.0,39000.0
Lucious Smith,17,S,78,29,6,2,1514000.0,120000.0
Benny Perrin,17,S,74,26,4,1,402000.0,1925000.0
Tommy Vigorito,17,RB,74,26,4,1,1032000.0,0.0
Steve Strachan,32,RB,71,23,1,3,551000.0,272000.0
Cedric Minter,17,RB,72,27,2,1,1446000.0,0.0
Max Zendejas,17,K,78,23,0,4,853000.0,43000.0
Gregg Johnson,28,CB,72,28,4,1,610000.0,68000.0
Charles Benson,17,DE,77,25,3,1,2532000.0,0.0
Scott Williams,19,RB,69,23,0,4,256000.0,0.0
John Schumacher,17,OG,78,30,6,1,1399000.0,0.0
Ken Jolly,17,OLB,77,24,2,2,705000.0,0.0
Mike Guendling,17,OLB,74,24,1,3,639000.0,305000.0
Chris Schultz,17,OT,71,26,2,1,1538000.0,122000.0
John Scott,17,OT,78,26,3,1,1521000.0,0.0
Carlos Bradley,17,MLB,78,26,5,2,3717000.0,1726000.0
Ronnie Washington,17,MLB,71,23,1,3,1307000.0,0.0
Ron Wooten,22,OG,80,27,4,1,858000.0,96000.0
Bill Renner,17,P,80,27,0,3,1826000.0,119000.0
Garin Veris,22,DE,81,23,1,3,3612000.0,3066000.0
Joe Theismann,17,QB,81,37,13,2,1321000.0,0.0
Richard Todd,17,QB,78,32,11,1,6776000.0,905000.0
Robbie Bosco,17,QB,74,30,8,1,1170000.0,20000.0
Dave Lindstrom,17,DE,71,31,8,1,391000.0,39000.0
Chris Scott,17,DE,72,24,2,1,1312000.0,0.0
Scott Auer,17,OG,69,24,2,2,489000.0,0.0
Tom Baldwin,18,DT,75,25,2,1,865000.0,39000.0
Jerry Blanton,17,OLB,76,29,7,4,1387000.0,746000.0
Scott Smith,17,OLB,78,27,5,4,4366000.0,6418000.0
John Harrison,17,OT,70,21,0,4,1674000.0,2726000.0
Raphel Cherry,17,S,71,24,1,3,1022000.0,186000.0
Tom Pridemore,17,S,78,30,8,1,3110000.0,817000.0
Jeff Spek,17,TE,72,25,0,4,625000.0,338000.0
Bo Robinson,17,TE,77,27,7,1,2397000.0,124000.0
Willis Adams,17,WR,79,30,7,1,818000.0,0.0
Fred Banks,17,WR,73,24,1,3,2084000.0,0.0
Matt Millen,23,MLB,86,28,6,1,7133000.0,623000.0
Ronnie Lippett,22,CB,85,25,3,1,5796000.0,1805000.0
Harry Carson,16,MLB,91,32,10,2,5973000.0,383000.0
Glen Young,17,WR,70,25,3,1,875000.0,0.0
Ricky Nichols,17,WR,73,24,1,2,781000.0,218000.0
Cliff Branch,17,WR,79,38,14,1,1554000.0,0.0
Kurt Peterson,17,OG,74,29,6,2,1514000.0,120000.0
Wesley Walker,18,WR,88,31,9,5,14202000.0,1536000.0
James Jones,17,RB,78,27,5,4,1579000.0,491000.0
Glenn Dennison,17,TE,70,24,2,1,706000.0,0.0
Preston Gothard,29,TE,80,24,1,3,2336000.0,1120000.0
Ron Essink,17,OT,79,28,6,3,6820000.0,2409000.0
Petey Perot,17,OG,78,29,6,1,3202000.0,1913000.0
Hal Stephens,17,DE,77,25,1,3,1411000.0,491000.0
Bill Pickel,23,DT,88,26,3,5,6068000.0,14261000.0
Lewis Mills,17,CB,76,26,4,1,2934000.0,1405000.0
Bill Bain,18,OG,77,34,10,1,993000.0,0.0
Freeman McNeil,18,RB,86,27,5,1,3001000.0,205000.0
Mickey Shuler,18,TE,90,30,8,1,2038000.0,1048000.0
Jim Sweeney,18,OT,82,24,2,2,10457000.0,7172000.0
Phil Epps,20,WR,81,27,4,1,1022000.0,258000.0
Dan Alexander,18,OG,88,31,11,1,7760000.0,1595000.0
Derland Moore,18,DT,72,34,13,1,744000.0,289000.0
Joe Klecko,18,DT,92,32,9,1,13948000.0,0.0
Nuu Faaola,18,RB,74,22,0,4,878000.0,70000.0
Johnny Lynn,18,S,77,29,6,1,1745000.0,296000.0
Harry Hamilton,18,S,82,23,2,2,1464000.0,290000.0
Marion Barber,18,RB,75,26,4,3,2139000.0,1505000.0
Mike Wise,23,DT,76,22,0,3,853000.0,0.0
Dennis Bligen,18,RB,67,24,2,2,210000.0,0.0
Ben Rudolph,18,DE,76,29,5,2,632000.0,5000.0
Barry Bennett,18,DE,77,30,8,1,1371000.0,0.0
Carl Bland,19,WR,76,25,2,2,911000.0,41000.0
Mike Haight,18,OG,76,23,0,3,716000.0,112000.0
Rusty Guilbeau,18,OLB,74,27,4,1,486000.0,0.0
Bob Crable,18,OLB,85,26,4,3,3271000.0,240000.0
Reggie McElroy,18,OT,81,26,3,1,6077000.0,0.0
Lester Lyles,18,S,79,23,1,3,1022000.0,186000.0
Rich Miano,18,S,77,24,1,4,638000.0,357000.0
Rocky Klever,18,TE,76,27,3,1,835000.0,0.0
Billy Griggs,18,TE,70,24,1,3,317000.0,0.0
Kurt Sohn,18,WR,75,29,5,3,3860000.0,354000.0
Michael Harper,18,WR,68,25,0,4,923000.0,101000.0
JoJo Townsell,18,WR,72,25,1,3,747000.0,0.0
Al Toon,18,WR,88,23,1,3,2278000.0,0.0
Pat Leahy,18,K,93,35,14,2,1308000.0,0.0
Mark Gastineau,18,DE,86,29,6,1,6683000.0,0.0
Ted Banker,18,OG,80,25,2,3,4406000.0,337000.0
Rogers Alexander,18,OLB,72,22,0,4,308000.0,420000.0
Charles Jackson,18,OLB,82,31,8,1,1701000.0,40000.0
Gordon King,18,OT,75,30,8,1,690000.0,0.0
Bob White,18,OT,63,23,0,1,911000.0,203000.0
Troy Benson,18,MLB,70,23,0,4,1010000.0,505000.0
Kyle Clifton,18,MLB,87,24,2,2,1701000.0,120000.0
Dave Jennings,18,P,95,34,12,1,2301000.0,124000.0
Ken O'Brien,18,QB,85,25,2,2,6158000.0,1546000.0
Pat Ryan,18,QB,77,30,8,1,9640000.0,3045000.0
Steve Kenney,19,OG,80,30,6,1,911000.0,203000.0
Bill Barnett,21,DE,77,26,7,2,2252000.0,0.0
Garry James,19,RB,78,23,0,6,4758000.0,0.0
David Lewis,19,TE,76,25,2,2,799000.0,0.0
Lomas Brown,19,OT,83,24,1,3,6535000.0,4510000.0
Kevin Glover,19,OG,82,23,1,4,1184000.0,238000.0
Mike Weaver,19,DT,68,23,0,4,1072000.0,102000.0
Steve Baack,19,DT,74,25,2,1,557000.0,0.0
James Jones,19,RB,87,25,3,1,5723000.0,687000.0
Alvin Hall,19,S,69,28,5,1,742000.0,0.0
Devon Mitchell,19,S,78,24,0,4,838000.0,32000.0
Alvin Moore,19,RB,73,27,3,1,662000.0,64000.0
Oscar Smith,19,RB,68,23,0,4,435000.0,261000.0
Leon Evans,19,DE,73,25,1,1,1620000.0,122000.0
Curtis Green,19,DE,75,26,5,2,769000.0,292000.0
Keith Dorney,19,OG,76,28,7,1,1211000.0,0.0
James Johnson,19,OLB,72,25,3,1,192000.0,0.0
Michael Cofer,19,OLB,82,26,3,2,2660000.0,0.0
Rich Strenger,19,OT,81,23,3,1,947000.0,236000.0
Elbert Watts,21,CB,74,23,0,4,1184000.0,238000.0
Demetirous Johnson,19,S,78,25,3,1,4353000.0,0.0
James Griffin,19,S,77,25,3,1,2574000.0,0.0
LeRoy Irvin,24,CB,92,29,6,2,1546000.0,1496000.0
Reggie Doss,24,DE,82,29,8,4,3105000.0,2526000.0
Rob Rubick,19,TE,74,26,4,3,1755000.0,0.0
Reese McCall,19,TE,73,30,8,2,1425000.0,327000.0
Leonard Thompson,19,WR,79,34,11,2,1185000.0,0.0
Mark Nichols,19,WR,70,26,5,2,780000.0,292000.0
Jerry Gray,24,CB,88,23,1,3,5511000.0,0.0
Tim Fox,24,CB,79,32,10,3,2596000.0,394000.0
Pete Mandley,19,WR,75,25,3,2,1745000.0,584000.0
Jeff Chadwick,19,WR,79,26,3,1,993000.0,0.0
Eddie Murray,19,K,96,30,6,2,8123000.0,4907000.0
Keith Ferguson,19,DE,83,36,13,4,1763000.0,2437000.0
Scott Barrows,19,OG,71,23,0,3,825000.0,60000.0
Paul Butcher,19,OLB,74,22,0,4,524000.0,278000.0
Mickey Sutton,24,CB,71,25,0,3,938000.0,80000.0
Jimmy Williams,19,OLB,82,24,2,1,1295000.0,184000.0
Chris Dieterich,19,OT,75,28,6,1,618000.0,165000.0
Keith Bosley,19,OT,66,23,0,3,317000.0,0.0
Angelo King,19,MLB,73,28,5,3,474000.0,0.0
Vernon Maxwell,19,MLB,78,24,3,1,853000.0,0.0
Jim Arnold,19,P,91,24,3,2,10592000.0,11240000.0
Eric Hipple,19,QB,80,29,6,1,15726000.0,6958000.0
Chuck Long,19,QB,68,23,0,4,1764000.0,54000.0
Joe Ferguson,19,QB,76,37,15,1,5451000.0,1487000.0
Rich Moran,20,OG,77,24,1,2,2139000.0,0.0
Kenneth Davis,20,RB,78,24,0,5,1498000.0,946000.0
Dan Ross,20,TE,83,29,7,3,1858000.0,0.0
Ken Ruettgers,20,OT,81,24,1,3,5957000.0,1545000.0
Ron Hallstrom,20,OG,82,27,4,3,4165000.0,1762000.0
Donnie Humphrey,20,DT,75,25,2,2,438000.0,0.0
Matt Koart,20,DT,73,22,0,3,1310000.0,0.0
Keith Baldwin,25,DE,77,25,4,1,852000.0,0.0
Terry Lewis,25,CB,73,23,1,2,1228000.0,0.0
Paul Ott Carruth,20,RB,80,25,0,3,3111000.0,4369000.0
Gary Green,25,CB,77,30,9,1,3808000.0,0.0
Ken Stills,20,S,76,23,1,3,867000.0,0.0
Mike Pleasant,25,CB,77,28,2,2,3999000.0,1340000.0
Tim Lewis,20,S,81,25,3,1,3883000.0,195000.0
Gerry Ellis,20,RB,76,29,6,1,1634000.0,122000.0
Gary Ellerson,20,RB,72,23,1,3,993000.0,114000.0
Ezra Johnson,20,DE,82,31,9,1,8006000.0,2921000.0
John Anderson,20,OLB,83,30,8,1,1180000.0,584000.0
Ruben Mendoza,20,OG,70,23,0,4,803000.0,20000.0
Mike Jones,27,WR,79,26,3,1,845000.0,0.0
Robert Sowell,21,CB,77,25,3,1,1072000.0,0.0
James Malcolm,30,CB,68,22,0,3,918000.0,31000.0
Brian Noble,20,OLB,83,24,1,3,1041000.0,109000.0
Bobby Leopold,20,OLB,75,29,6,1,1562000.0,0.0
Alan Veingrad,20,OT,78,24,0,4,2200000.0,902000.0
Keith Simpson,25,CB,75,30,8,3,846000.0,0.0
David Greenwood,20,S,75,26,1,3,957000.0,0.0
John Sullivan,20,S,72,24,0,3,501000.0,1169000.0
Ed West,20,TE,81,25,2,3,4926000.0,2683000.0
Mike Moffitt,20,TE,71,23,0,3,1228000.0,39000.0
Walter Stanley,20,WR,76,24,1,3,901000.0,173000.0
Preston Dennard,20,WR,72,30,8,1,1285000.0,96000.0
Nolan Franz,20,WR,64,27,0,1,853000.0,0.0
James Lofton,20,WR,88,30,8,1,8644000.0,2984000.0
Al Del Greco,20,K,88,24,2,2,928000.0,0.0
Alphonso Carreker,20,DE,80,24,2,2,4641000.0,2196000.0
Tom Neville,20,OG,79,24,1,3,1441000.0,0.0
Burnell Dent,20,OLB,74,23,0,4,646000.0,357000.0
Tim Harris,20,OLB,79,22,0,3,1022000.0,186000.0
Greg Feasel,20,OT,70,28,0,3,167000.0,1257000.0
Bill Cherry,20,OT,70,25,0,4,875000.0,65000.0
Jeff Schuh,20,MLB,75,28,5,1,1022000.0,258000.0
Mike Weddington,20,MLB,72,26,0,4,722000.0,43000.0
Joe Nash,28,DT,86,25,4,4,5164000.0,4543000.0
Don Bracken,20,P,79,23,1,3,785000.0,362000.0
Randy Wright,20,QB,77,25,2,2,2607000.0,1053000.0
Chuck Fusina,20,QB,72,29,5,3,959000.0,0.0
Allen Lyday,30,CB,75,25,2,2,1052000.0,0.0
Vince Ferragamo,20,QB,75,32,9,1,1022000.0,258000.0
Scott Garnett,25,DT,73,23,2,2,1022000.0,39000.0
Kirk Springs,21,CB,79,28,5,1,819000.0,0.0
Lester Williams,21,DT,73,27,4,1,1078000.0,1669000.0
Mitchell Brookins,21,WR,72,25,2,2,589000.0,454000.0
Derek Holloway,21,WR,75,25,0,4,3757000.0,1739000.0
Don Homes,21,WR,71,25,0,4,402000.0,559000.0
Greg Christy,21,OG,76,24,1,4,2257000.0,122000.0
Ernest Gibson,22,CB,76,24,2,2,1100000.0,0.0
Anthony Steels,21,RB,74,27,1,3,1971000.0,120000.0
Eason Ramson,21,TE,78,30,7,1,1258000.0,120000.0
Curt Warner,28,RB,87,25,3,1,26350000.0,6958000.0
Brad White,21,DT,77,28,5,1,1858000.0,0.0
Vernon Dean,26,CB,83,27,4,1,8957000.0,1398000.0
Willard Goff,21,DT,67,24,1,1,639000.0,155000.0
Wayne Schutte,21,DT,72,26,4,1,1013000.0,580000.0
Barry Wilburn,26,CB,76,22,1,2,841000.0,121000.0
Frank Hawkins,23,RB,82,27,5,1,3422000.0,355000.0
Booker Moore,21,RB,78,27,4,1,993000.0,0.0
Barry Redden,24,RB,82,26,4,2,5419000.0,1637000.0
Earnest Jackson,29,RB,89,26,3,2,9210000.0,2641000.0
Tim Morrison,26,CB,71,23,0,3,1041000.0,109000.0
Mack Boatner,21,RB,72,27,0,3,697000.0,0.0
Don Wilson,21,S,77,25,2,1,781000.0,0.0
Wayne Asberry,26,CB,66,23,0,4,343000.0,390000.0
Herman Edwards,24,CB,77,32,9,1,3452000.0,0.0
Jim Perryman,21,S,71,25,1,1,1041000.0,154000.0
Anthony Hutchinson,21,RB,78,25,3,1,2609000.0,124000.0
Dave Butz,26,DT,87,36,13,2,5676000.0,898000.0
Mosi Tatupu,22,RB,85,31,8,1,10455000.0,633000.0
Chuck Banks,21,RB,72,22,0,4,732000.0,1562000.0
Jim Zorn,21,QB,81,33,11,1,1535000.0,122000.0
Joe Washington,25,RB,78,32,9,1,903000.0,20000.0
Kelvin Bryant,26,RB,78,26,1,2,1077000.0,791000.0
Matt Kofler,21,QB,74,27,5,1,4227000.0,0.0
Shawn Miller,24,DT,81,25,2,1,7835000.0,475000.0
Ben Williams,21,DE,79,32,10,1,1036000.0,0.0
Vaughn Johnson,27,MLB,81,24,0,3,2759000.0,0.0
Johnny Meads,30,OLB,84,25,2,2,5116000.0,3423000.0
Markus Koch,21,DE,72,23,1,3,740000.0,292000.0
Ed Newman,21,OG,79,35,13,1,957000.0,0.0
Rod McSwain,22,CB,77,24,2,2,1022000.0,39000.0
Robin Sendlein,25,MLB,77,27,5,2,781000.0,218000.0
Frank Bush,30,OLB,73,23,1,3,881000.0,0.0
Mitch Willis,23,DT,74,24,1,3,811000.0,254000.0
Steve Maidlow,21,OLB,78,26,3,1,1437000.0,0.0
Clayton Weishuhn,21,OLB,74,26,3,1,1041000.0,154000.0
Stan Waldemore,21,OT,77,31,8,2,993000.0,75000.0
Brian Williams,21,S,79,33,11,1,1239000.0,389000.0
Larry Flowers,21,S,75,28,5,1,710000.0,33000.0
Don Kern,21,TE,71,24,2,2,946000.0,521000.0
Neal Olkewicz,26,MLB,82,29,7,2,1091000.0,0.0
Rickey Jackson,27,OLB,92,28,5,2,1971000.0,0.0
Anthony Jones,21,TE,69,25,2,2,906000.0,293000.0
Shawn Burks,26,MLB,70,23,0,3,835000.0,0.0
Andre Tippett,22,OLB,90,26,4,5,9831000.0,1348000.0
Eric Swanson,21,WR,71,23,0,4,554000.0,1419000.0
Fredd Young,28,MLB,88,25,2,2,2815000.0,1759000.0
Carl Ekern,24,MLB,91,31,10,2,5451000.0,1606000.0
Steve Nelson,22,MLB,85,35,12,6,3677000.0,4632000.0
Mark Jerue,24,MLB,88,26,3,2,5631000.0,3815000.0
James Harbour,21,WR,70,23,0,4,503000.0,511000.0
Ali Haji-Sheikh,21,K,83,25,3,1,1187000.0,0.0
Brad Edelman,27,OG,81,26,4,1,1013000.0,580000.0
Jerome Foster,21,DE,71,26,2,2,498000.0,0.0
Mark Catano,21,OG,77,24,2,2,4091000.0,1907000.0
Stan David,21,MLB,70,24,1,1,802000.0,0.0
Pat Saindon,27,OG,72,25,0,3,1699000.0,0.0
Jack Squirek,21,OLB,73,27,4,3,1337000.0,0.0
Joe Conwell,21,OT,68,25,0,3,732000.0,415000.0
Gary Smith,21,OT,68,26,2,2,55000.0,48000.0
Doug Smith,30,DT,81,27,1,2,6960000.0,1110000.0
Larry McGrew,22,MLB,81,29,5,1,4898000.0,1555000.0
Reggie McKenzie,23,MLB,75,23,1,2,993000.0,75000.0
Eric Wilson,21,MLB,75,23,1,2,713000.0,350000.0
Andy Hendle,21,MLB,70,25,0,4,557000.0,196000.0
Evan Arapostathis,21,P,78,22,0,4,1022000.0,0.0
Scott Brunner,21,QB,74,29,6,2,2466000.0,0.0
Norm Tate,22,CB,67,22,0,3,750000.0,0.0
Toby Williams,22,DT,81,26,3,1,7345000.0,1636000.0
Irvin Fryar,22,WR,83,23,2,2,9010000.0,2430000.0
Cedric Jones,22,WR,76,26,4,1,4335000.0,467000.0
Paul Fairchild,22,OG,81,24,2,2,1117000.0,0.0
Gary Irwin,22,OG,76,32,10,1,639000.0,155000.0
Tony Collins,22,RB,82,27,5,2,4659000.0,579000.0
Dalton Hilliard,27,RB,79,22,0,4,1189000.0,622000.0
Greg Hawthorne,22,TE,77,30,7,3,3495000.0,0.0
Brian Holloway,22,OT,88,27,5,1,8056000.0,2921000.0
Hoby Brenner,27,TE,86,27,5,4,3329000.0,0.0
Dennis Owens,22,DT,76,26,4,1,3435000.0,355000.0
Mike Ruth,22,DT,71,22,0,3,781000.0,0.0
Robert Weathers,22,RB,75,26,4,2,1745000.0,584000.0
Vencie Glenn,22,S,77,21,0,4,811000.0,28000.0
Ernest Givins,30,WR,82,22,0,4,1081000.0,199000.0
Gene Profit,22,S,70,21,0,3,874000.0,0.0
Craig James,22,RB,79,25,2,2,870000.0,0.0
Reggie Dupard,22,RB,72,22,0,4,630000.0,113000.0
Steve Grogan,22,QB,81,33,11,3,2158000.0,40000.0
Brent Williams,22,DE,81,22,0,3,9909000.0,883000.0
Ben Thomas,22,DE,73,25,1,3,730000.0,0.0
Trevor Matich,22,OG,77,24,1,3,775000.0,0.0
Don Blackmon,22,OLB,90,28,5,4,5735000.0,1004000.0
Ed Williams,22,OLB,77,24,2,1,934000.0,1554000.0
Steve Moore,22,OT,80,25,3,1,958000.0,0.0
Roland James,22,S,85,28,6,4,2657000.0,123000.0
Jim Bowman,22,S,71,22,1,1,947000.0,48000.0
Greg Baty,22,TE,76,22,0,5,976000.0,644000.0
Willie Scott,22,TE,69,27,5,1,1077000.0,119000.0
Stephen Starring,22,WR,74,25,3,2,1031000.0,0.0
Derwin Williams,22,WR,68,25,1,2,1009000.0,0.0
Gerard Phelan,22,WR,64,23,0,3,606000.0,710000.0
Tony Franklin,22,K,89,29,7,4,2236000.0,2231000.0
Kenneth Sims,22,DE,80,26,4,5,7123000.0,7120000.0
Earl Cooper,23,RB,72,28,6,3,1001000.0,47000.0
Johnny Rembert,22,OLB,79,25,3,2,1829000.0,0.0
Steve Doig,22,OLB,73,26,3,1,1131000.0,0.0
Darryl Haley,22,OT,72,25,3,1,506000.0,0.0
Anthony Allen,25,WR,75,27,1,3,795000.0,16000.0
Art Plunkett,22,OT,74,27,5,1,1971000.0,189000.0
Ed Reynolds,22,MLB,76,24,3,1,841000.0,75000.0
Mel Black,22,MLB,71,24,0,3,782000.0,0.0
Rich Camarillo,22,P,95,26,5,6,2047000.0,756000.0
Tony Eason,22,QB,84,26,3,1,17455000.0,3345000.0
Tom Ramsey,22,QB,71,25,0,4,1869000.0,0.0
Stefon Adams,23,S,72,23,0,4,991000.0,0.0
Mike Davis,23,S,78,30,8,1,2331000.0,2508000.0
Napoleon McCallum,23,RB,75,22,0,3,759000.0,0.0
Vance Mueller,23,RB,73,22,0,3,809000.0,254000.0
Chris Bahr,23,K,92,33,10,4,2785000.0,715000.0
Howie Long,23,DE,90,26,5,3,1444000.0,2430000.0
Jerry Robinson,23,OLB,83,29,7,2,1107000.0,0.0
Linden King,23,OLB,78,31,8,1,937000.0,0.0
Bruce Davis,23,OT,85,30,6,2,4967000.0,557000.0
Henry Lawrence,23,OT,80,34,12,1,1200000.0,849000.0
Jeff Barnes,23,MLB,79,31,9,1,1456000.0,0.0
Bob Nelson,23,MLB,69,33,7,1,316000.0,0.0
Ray Guy,23,P,99,36,13,4,4259000.0,4089000.0
Marc Wilson,23,QB,83,29,6,2,7876000.0,0.0
Rusty Hilger,23,QB,67,24,1,3,1022000.0,186000.0
Jim Plunkett,23,QB,84,38,15,1,12990000.0,3246000.0
Elvis Franks,23,DE,74,29,6,1,1068000.0,0.0
Sean Jones,23,DE,85,23,2,2,1521000.0,0.0
Henry Ellard,24,WR,84,25,3,3,6481000.0,1004000.0
Daryl Turner,28,WR,80,23,2,1,1177000.0,182000.0
Mickey Marvin,23,OG,84,30,9,4,3445000.0,2995000.0
Rod Martin,23,OLB,83,32,9,3,1811000.0,0.0
Jamie Kimmel,23,OLB,72,24,0,4,781000.0,1000.0
Chris Riehm,23,OT,71,25,0,3,453000.0,0.0
Stacey Toran,23,S,79,24,2,2,4488000.0,2181000.0
James Davis,23,S,75,29,4,1,696000.0,0.0
Todd Christensen,23,TE,91,30,8,3,2139000.0,1505000.0
Byron Franklin,28,WR,76,28,4,3,1441000.0,0.0
Trey Junkin,23,TE,65,25,3,1,957000.0,0.0
Jessie Hester,23,WR,81,23,1,3,1467000.0,0.0
Rod Barksdale,23,WR,74,24,0,4,633000.0,357000.0
Tim Moffett,23,WR,68,24,1,2,782000.0,0.0
Jim Smith,23,WR,67,31,7,1,786000.0,53000.0
Cle Montgomery,23,WR,71,30,7,2,983000.0,0.0
Charley Hannah,23,OG,86,31,9,1,1310000.0,603000.0
Bill Lewis,23,OG,77,23,0,4,2456000.0,1456000.0
Derrick Jensen,23,RB,71,30,7,2,937000.0,0.0
Craig Wolfley,29,OT,85,28,6,1,19931000.0,0.0
Andy Parker,23,TE,74,25,2,2,2218000.0,0.0
Shelby Jordan,23,OT,74,34,11,1,780000.0,0.0
Curt Marsh,23,OG,75,27,5,1,1022000.0,258000.0
Greg Townsend,23,DE,82,24,3,3,10499000.0,9684000.0
Odis McKinney,23,CB,77,29,8,1,732000.0,488000.0
Tom Newberry,24,OG,80,23,0,4,3609000.0,1325000.0
Eric Dickerson,24,RB,94,26,3,1,13435000.0,1547000.0
Tony Hunter,24,TE,74,26,3,1,841000.0,75000.0
Irv Pankey,24,OT,84,28,6,1,5320000.0,580000.0
Dennis Harrah,24,OG,94,33,11,4,11517000.0,0.0
Jim Dombrowski,27,OT,82,22,0,4,8440000.0,6814000.0
Greg Meisner,24,DT,78,27,5,3,894000.0,221000.0
Alvin Wright,24,DT,73,25,0,4,208000.0,0.0
Mike Gunman,24,RB,81,28,6,3,3271000.0,0.0
Vince Newsome,24,S,90,25,3,2,5594000.0,3611000.0
Johnnie Johnson,24,S,78,29,6,1,2196000.0,0.0
Harvey Clayton,29,CB,78,25,3,1,1701000.0,40000.0
Donnie Elder,29,CB,73,23,1,2,710000.0,143000.0
Charles White,24,RB,81,28,6,4,1659000.0,0.0
Rob Carpenter,24,RB,76,31,9,1,1043000.0,0.0
Doug Reed,24,DE,85,26,2,4,4486000.0,1381000.0
Charles DeJurnett,24,DE,78,34,10,1,1797000.0,714000.0
Duval Love,24,OG,77,23,1,3,896000.0,114000.0
Joey Jones,25,WR,72,23,0,4,1002000.0,179000.0
Chris Thrift,24,OLB,74,27,7,1,628000.0,64000.0
Chris Brown,29,CB,71,24,2,2,764000.0,179000.0
Norwood Vann,24,OLB,73,24,2,1,1013000.0,580000.0
Jackie Slater,24,OT,93,32,10,2,6178000.0,1563000.0
Nolan Cromwell,24,S,91,31,9,3,9556000.0,0.0
Mark Pembrook,24,S,68,23,0,4,620000.0,111000.0
Damone Johnson,24,TE,76,24,0,3,937000.0,72000.0
James McDonald,24,TE,67,25,3,1,765000.0,171000.0
Ron Brown,24,WR,78,25,2,2,1310000.0,0.0
Mike Young,24,WR,76,24,1,2,1096000.0,0.0
Mark Pattison,24,WR,64,24,0,3,829000.0,0.0
Bobby Duckworth,24,WR,75,29,4,1,2591000.0,124000.0
Mike Lansford,24,K,84,28,4,6,1077000.0,0.0
Gary Jeter,24,DE,81,31,9,1,1211000.0,0.0
Kent Hill,24,OG,77,29,7,1,755000.0,53000.0
Kevin Greene,24,OLB,80,24,1,3,2478000.0,291000.0
Mike McDonald,24,OLB,73,28,1,1,1041000.0,0.0
Mike Schaed,24,OT,65,22,0,3,107000.0,939000.0
Robert Cox,24,OT,67,22,0,2,1085000.0,0.0
Steve Busick,24,MLB,76,27,5,4,810000.0,24000.0
Mike Munchak,30,OG,86,26,4,3,1888000.0,59000.0
Jim Laughlin,24,MLB,76,28,6,3,1575000.0,0.0
Dan Wagoner,32,CB,79,26,4,2,1022000.0,39000.0
Dale Hatcher,24,P,80,23,1,3,686000.0,0.0
Steve Bartkowski,24,QB,81,33,11,1,7223000.0,1298000.0
Dieter Brock,24,QB,73,35,13,1,2495000.0,0.0
Steve Dils,24,QB,75,30,7,2,8552000.0,2475000.0
Pat Howell,25,OG,79,29,7,3,853000.0,0.0
Dwight Garner,25,RB,72,21,0,4,394000.0,558000.0
Cap Boso,25,TE,78,26,4,4,1997000.0,0.0
Marshharne Graves,25,OT,76,24,2,2,744000.0,156000.0
Curtis Greer,25,DT,78,28,6,1,927000.0,0.0
Art Monk,26,WR,94,28,6,4,1971000.0,662000.0
Ricardo Mayes,25,DT,74,26,4,2,780000.0,292000.0
Kenny King,25,RB,74,29,7,1,1172000.0,0.0
Anthony Young,25,S,74,22,1,3,1389000.0,0.0
Glenn Robinson,25,S,79,28,6,1,1745000.0,296000.0
Eric Moran,30,OG,73,26,2,1,732000.0,488000.0
Otis Wonsley,25,RB,77,29,5,2,2682000.0,124000.0
Stan Edwards,25,RB,74,26,4,1,732000.0,488000.0
Lynn Dickey,25,QB,80,37,14,3,2354000.0,5310000.0
Kim Bokamper,25,DE,78,31,9,3,1173000.0,0.0
Byron Smith,25,DE,74,23,2,2,913000.0,0.0
Emil Boures,25,OG,72,26,4,1,632000.0,0.0
John Woodring,25,MLB,74,27,5,1,731000.0,0.0
Aaron Smith,25,OLB,77,24,2,2,2249000.0,0.0
Dean Miraldi,25,OT,71,28,4,1,701000.0,33000.0
Terry Jackson,32,CB,76,30,8,1,1283000.0,409000.0
Keith Lee,25,S,74,28,5,1,1531000.0,0.0
Rod Kush,25,S,79,29,6,1,878000.0,0.0
Michael Cherry,32,CB,71,22,0,3,386000.0,0.0
Robert Stallings,25,TE,70,24,2,1,1184000.0,0.0
Darren Long,25,TE,66,23,0,3,679000.0,981000.0
Chuck Scott,25,WR,74,23,0,5,1228000.0,579000.0
Vince Heflin,25,WR,76,27,4,2,1022000.0,39000.0
Nick Bruckner,25,WR,73,25,3,1,2136000.0,2114000.0
Joe Cooper,25,K,80,25,1,3,775000.0,30000.0
Walt Bowyer,25,DE,71,26,4,2,669000.0,40000.0
Bob Olderman,25,OG,68,24,1,3,437000.0,558000.0
Curtis McGriff,32,DT,77,28,6,3,1172000.0,0.0
Mike Rozier,30,RB,80,25,1,2,1413000.0,547000.0
Angelo Snipes,25,OLB,74,23,0,3,437000.0,951000.0
Charles Bowser,25,OLB,78,26,4,5,1676000.0,357000.0
Kevin Belcher,25,OT,71,24,1,3,724000.0,203000.0
Russ Grimm,26,OG,92,27,5,3,4285000.0,357000.0
Kelvin Clark,25,OT,77,30,7,2,828000.0,120000.0
Bobby Bell,25,MLB,73,24,2,2,584000.0,139000.0
Roosevelt Barnes,25,MLB,79,28,5,2,857000.0,0.0
Mike Black,25,P,80,25,3,1,867000.0,39000.0
Paul McDonald,25,QB,76,28,6,1,7030000.0,218000.0
Gino Hartley,25,QB,73,28,6,1,1228000.0,0.0
Raleigh McKenzie,26,OG,77,23,1,3,911000.0,242000.0
Rick Badanjek,26,RB,72,24,0,4,835000.0,0.0
Dennis Swilley,31,C,74,31,9,2,1239000.0,1241000.0
Clint Didier,26,TE,83,27,4,2,3875000.0,370000.0
Joe  Jacoby,26,OT,89,27,5,3,13863000.0,7567000.0
R.C. Thielemann,26,OG,86,31,9,2,5607000.0,2726000.0
Dean Hamel,26,DT,77,25,1,2,3222000.0,0.0
Darryl Grant,26,DT,81,26,5,2,2486000.0,2862000.0
Reggie Branch,26,RB,78,23,1,3,4366000.0,1633000.0
Rufus Bess,31,CB,77,30,7,2,781000.0,218000.0
Curtis Jordan,26,S,82,32,10,1,1645000.0,0.0
Todd Bowles,26,S,77,22,0,4,724000.0,37000.0
Keith Griffin,26,RB,69,24,2,1,1041000.0,154000.0
Ken Jenkins,26,RB,70,27,3,1,792000.0,521000.0
Charles Mann,26,DE,87,25,3,3,2389000.0,122000.0
Tom Beasley,26,DE,76,32,8,1,1505000.0,0.0
Steve Jordan,31,TE,90,25,4,4,8518000.0,5055000.0
Ron Tilton,26,OG,67,23,0,2,845000.0,360000.0
Sheldon Andrus,27,DT,74,23,0,4,1350000.0,54000.0
Rich Milot,26,OLB,83,29,7,5,1738000.0,0.0
Monte Coleman,26,OLB,81,28,7,2,3710000.0,2254000.0
Mark May,26,OT,88,26,5,4,8612000.0,5449000.0
Ken Coffey,26,S,81,25,2,3,6764000.0,8050000.0
Alvin Walton,26,S,76,22,0,4,1378000.0,0.0
Terry Orr,26,TE,73,25,0,4,633000.0,357000.0
Todd Frain,26,TE,65,24,0,4,239000.0,2394000.0
Ricky Sanders,26,WR,78,26,0,3,1677000.0,0.0
James Noble,26,WR,67,23,0,4,1022000.0,0.0
Eric Yarber,26,WR,66,23,0,4,1131000.0,222000.0
Clarence Verdin,26,WR,72,23,0,4,1378000.0,0.0
Mark Moseley,26,K,85,38,16,1,1928000.0,0.0
Steve Hamilton,26,DE,75,25,1,3,889000.0,236000.0
Bruce Clark,27,DE,83,28,4,4,4227000.0,3864000.0
Calvin Daniels,26,OLB,83,27,4,3,2300000.0,121000.0
Mel Kaufman,26,OLB,82,28,5,1,1215000.0,400000.0
David Fonoti,26,OT,68,23,0,3,842000.0,0.0
Milford Hodge,27,DT,75,25,0,3,650000.0,212000.0
Don McQuaid,26,OT,66,25,1,1,568000.0,35000.0
Jeff Paine,26,MLB,74,25,2,2,885000.0,41000.0
Joe Krakoski,26,MLB,65,23,0,4,526000.0,278000.0
Steve Cox,26,P,90,28,5,1,1184000.0,0.0
Jay Schroeder,26,QB,83,25,1,2,13435000.0,3849000.0
Doug Williams,26,QB,83,31,7,1,2048000.0,123000.0
Mark Rypien,26,QB,74,23,0,3,635000.0,303000.0
Dan Kirtman,27,RB,66,23,1,2,937000.0,0.0
Brett Maxie,27,S,83,24,1,3,2154000.0,120000.0
Frank Wattelet,27,S,79,27,5,1,1072000.0,0.0
John Williams,27,RB,69,25,1,3,534000.0,0.0
Mel Gray,27,RB,66,25,0,4,766000.0,7000.0
Dave Wilson,27,QB,81,27,4,1,1701000.0,40000.0
Jumpy Geathers,27,DE,77,26,2,2,2220000.0,637000.0
Jon Dumbauld,27,DE,73,23,0,4,1008000.0,179000.0
Ralph Williams,27,OG,75,28,3,1,912000.0,0.0
Edwin Bailey,28,OG,86,27,5,5,10014000.0,6432000.0
Pat Swilling,27,OLB,85,21,0,4,1154000.0,0.0
James Haynes,27,OLB,76,26,2,2,678000.0,67000.0
Jamie Williams,30,TE,80,26,3,1,3635000.0,372000.0
Stan Brock,27,OT,87,28,6,1,5851000.0,0.0
Antonio Gibson,27,S,78,24,0,4,1450000.0,0.0
Reggie Sutton,27,S,67,21,0,4,1005000.0,0.0
John Tice,27,TE,81,26,3,1,2840000.0,241000.0
Eugene Goodlow,27,WR,77,27,3,1,1350000.0,121000.0
Kelvin Edwards,27,WR,68,22,0,3,731000.0,106000.0
Herbert Harris,27,WR,65,25,0,3,698000.0,0.0
Morten Andersen,27,K,99,27,4,1,4585000.0,469000.0
Frank Warren,27,DE,79,27,5,1,3750000.0,357000.0
Jack Del Rio,27,MLB,75,23,1,3,1597000.0,103000.0
Joe Kohlbrand,27,OLB,74,23,1,3,1745000.0,0.0
Dave Lafary,27,OT,73,31,9,1,2815000.0,2995000.0
Daren Gilbert,27,OT,73,22,1,3,1366000.0,0.0
Glen Redd,27,MLB,74,28,4,2,633000.0,0.0
Alvin Toles,27,MLB,72,23,1,3,442000.0,256000.0
Brian Hansen,27,P,90,25,2,2,3699000.0,3218000.0
Bobby Hebert,27,QB,80,28,2,1,6474000.0,3408000.0
Babe Laufenberg,27,QB,70,26,0,3,1281000.0,0.0
Randall Morris,28,RB,72,25,2,1,639000.0,33000.0
Mike Tice,28,TE,81,27,5,2,3161000.0,2300000.0
Ron Mattes,28,OT,80,23,0,4,7121000.0,0.0
Reggie Kinlaw,28,DT,76,29,7,3,662000.0,383000.0
John Rovito,28,DT,66,23,0,4,728000.0,0.0
Rick Parros,28,RB,69,28,5,1,782000.0,141000.0
Eugene Robinson,28,S,87,23,1,4,4681000.0,7061000.0
Paul Moyer,28,S,76,25,3,2,1587000.0,0.0
Eric Lane,28,RB,69,27,5,2,706000.0,0.0
Bobby Joe Edmunds,28,RB,69,22,0,4,781000.0,1000.0
Dave Krieg,28,QB,85,27,6,2,11029000.0,0.0
Jacob Green,28,DE,89,29,6,6,2447000.0,195000.0
Randy Edwards,28,DE,79,25,2,1,782000.0,141000.0
Jon Borchardt,28,OG,78,29,7,4,3536000.0,7216000.0
Gerald Williams,29,DT,78,23,0,4,4858000.0,821000.0
Keith Butler,28,MLB,82,30,8,4,5261000.0,3890000.0
Sam Merriman,28,OLB,76,25,3,2,2089000.0,419000.0
Mike Wilson,28,OT,85,31,8,1,4320000.0,359000.0
Gary Zimmerman,31,OT,86,25,0,3,2290000.0,0.0
Eddie Anderson,28,S,75,23,0,4,940000.0,0.0
Charles Jackson,28,S,73,29,7,2,833000.0,262000.0
Gordon Hudson,28,TE,76,24,0,3,1022000.0,186000.0
Jim Laughton,28,TE,62,26,0,3,435000.0,249000.0
Ray Butler,28,WR,78,30,6,1,5460000.0,1291000.0
Paul Skansi,28,WR,74,26,3,2,661000.0,40000.0
Byron Walker,28,WR,71,26,4,1,732000.0,488000.0
Norm Johnson,28,K,93,26,4,7,2426000.0,0.0
Alonzo Mitz,28,DE,76,23,0,3,716000.0,718000.0
Bob Cryder,28,OG,77,30,8,1,1972000.0,672000.0
Bruce Scholtz,28,OLB,76,28,4,3,1932000.0,0.0
Michael Jackson,28,OLB,82,30,7,1,8326000.0,779000.0
Curt Singer,28,OT,73,24,0,4,602000.0,274000.0
Kani Kauahi,28,OT,75,27,4,1,724000.0,0.0
John Kaiser,28,MLB,72,24,2,1,903000.0,0.0
Glenn Cameron,28,MLB,69,33,12,1,382000.0,39000.0
Vince Gamache,28,P,75,23,0,3,396000.0,341000.0
Gale Gilbert,28,QB,69,25,1,3,556000.0,0.0
Sean Salisbury,28,QB,74,23,0,4,1078000.0,191000.0
Louis Lipps,29,WR,84,24,2,2,1126000.0,376000.0
John Stallworth,29,WR,83,34,12,1,2370000.0,539000.0
Weegie Thompson,29,WR,74,25,2,2,723000.0,489000.0
Calvin Sweeney,29,WR,76,31,6,1,946000.0,0.0
Jessie Britt,29,WR,65,23,0,4,911000.0,148000.0
Ray Pinney,29,OG,85,32,10,1,1575000.0,97000.0
Randy Rasmussen,29,OG,75,26,2,2,731000.0,0.0
Garry Dunn,29,DT,85,33,10,3,8643000.0,8659000.0
John Goodman,29,DT,68,27,5,1,911000.0,203000.0
Steve Morse,29,RB,66,23,1,3,342000.0,0.0
Lupe Sanchez,29,S,72,24,0,4,574000.0,300000.0
Frank Pokorny,29,WR,66,23,1,2,957000.0,0.0
Butch Johnson,32,WR,80,32,10,1,1022000.0,258000.0
Bill Callahan,29,S,66,22,0,3,179000.0,0.0
Frank Pollard,29,RB,76,29,6,1,1789000.0,123000.0
Rich Erenberg,29,RB,70,24,2,1,1019000.0,0.0
Harry Newsome,29,P,89,23,1,4,1547000.0,0.0
Mark Malone,29,QB,81,27,6,1,1835000.0,0.0
Alfred Anderson,31,RB,84,25,5,3,1228000.0,102000.0
Scott Campbell,29,QB,72,24,2,2,1196000.0,356000.0
Bubby Brister,29,QB,77,24,0,4,3337000.0,124000.0
Keith Gary,29,DE,81,27,3,1,904000.0,20000.0
Ed Nelson,29,DE,77,26,4,4,931000.0,0.0
John Jefferson,32,WR,82,30,9,2,3024000.0,2272000.0
John Rienstra,29,OG,77,23,0,4,1832000.0,1489000.0
Bryan Hinkle,29,OLB,90,27,4,1,2955000.0,242000.0
Gregg Carr,29,OLB,73,24,1,3,713000.0,0.0
Tunch Ilkin,29,OT,90,28,6,4,4674000.0,8349000.0
David Little,29,MLB,86,27,5,4,24859000.0,1572000.0
Donnie Shell,29,S,87,34,12,3,1685000.0,709000.0
Dave Edwards,29,S,70,24,1,3,715000.0,201000.0
Warren Seitz,29,TE,65,24,0,3,824000.0,7000.0
Bennie Cunningham,29,TE,77,31,11,3,5466000.0,1539000.0
Gary Anderson,29,K,90,28,4,1,1431000.0,0.0
Darryl Sims,29,DE,74,25,1,3,427000.0,1306000.0
Rob Fada,32,OG,73,25,3,1,625000.0,139000.0
Mike Merriweather,29,OLB,87,25,4,2,11428000.0,12475000.0
Dennis Winston,29,MLB,79,31,9,2,2583000.0,2276000.0
Anthony Henton,29,OLB,70,23,0,4,63000.0,840000.0
Mark Behning,29,OT,70,25,0,4,398000.0,312000.0
Jim Kovach,32,MLB,78,30,7,4,1227000.0,0.0
Bob Harris,32,MLB,74,25,3,2,1078000.0,0.0
Pete Rostosky,29,OT,71,25,2,2,1077000.0,791000.0
Robin Cole,29,MLB,77,31,9,1,1184000.0,0.0
Fred Small,29,MLB,67,23,2,2,61000.0,416000.0
Jeff Kiewel,32,OG,78,25,3,3,1317000.0,0.0
Earl Campbell,32,RB,78,31,8,1,929000.0,0.0
Mike Barber,32,TE,73,33,10,1,611000.0,0.0
Matt Herkenhoff,32,OT,78,35,10,2,806000.0,0.0
Ed White,32,OG,79,39,17,1,2710000.0,0.0
Taylor Brock,32,DT,74,24,2,2,1041000.0,0.0
Jared Dodson,32,DT,72,26,4,2,755000.0,174000.0
Randy Love,32,RB,76,29,7,3,1745000.0,0.0
Greg Williamson,32,S,75,27,4,1,1022000.0,258000.0
Roger Carrier,32,S,79,28,6,3,2252000.0,0.0
Tony Mumford,32,RB,72,23,1,3,1211000.0,0.0
Quentin Walker,32,RB,75,25,2,1,957000.0,0.0
Mike Bell,32,DE,78,29,7,1,4345000.0,460000.0
Fred Dean,32,DE,78,34,11,1,873000.0,0.0
Chuck Thomas,32,OG,70,25,1,3,1034000.0,0.0
Bruce Matthews,30,OT,85,25,3,1,11833000.0,0.0
Stuart Anderson,32,OLB,75,26,4,1,1407000.0,0.0
Jim Collins,32,OLB,79,28,5,1,2846000.0,1060000.0
Scott Bergold,32,OT,68,24,1,3,781000.0,0.0
Lee Nelson,32,S,79,32,10,1,1241000.0,120000.0
Oliver Murphy,32,S,73,26,4,1,1312000.0,0.0
John Sawyer,32,TE,77,33,11,1,1072000.0,0.0
James Wright,32,TE,72,30,7,1,641000.0,0.0
Herkie Walls,32,WR,72,25,3,1,1041000.0,154000.0
George Shorthose,32,WR,73,24,1,3,835000.0,0.0
Frank Mackey,32,WR,74,29,7,1,932000.0,0.0
Jess Atkinson,32,K,81,24,1,3,655000.0,273000.0
Tony Simmons,32,DE,72,23,1,3,841000.0,0.0
Doug Williams,30,OG,80,23,0,4,5905000.0,1395000.0
Vince Osby,32,OLB,72,25,2,1,111000.0,0.0
Jeff Jackson,32,OLB,77,24,2,1,1032000.0,0.0
John Thomas,32,OT,70,25,3,1,935000.0,0.0
Raven Butler,32,OT,78,33,11,2,5680000.0,4543000.0
Al Richardson,32,MLB,79,28,6,3,2046000.0,0.0
Derrick Simpson,32,MLB,73,25,3,1,1127000.0,135000.0
John Misko,32,P,80,31,4,2,1464000.0,290000.0
David Woodley,32,QB,80,27,6,2,3800000.0,681000.0
Joe Dufek,32,QB,73,25,4,3,3146000.0,1250000.0
Hugh Millen,32,QB,77,30,8,1,2658000.0,3975000.0
William Fuller,30,DE,81,24,0,5,1172000.0,586000.0
Lynn Madsen,30,DT,71,26,0,3,1417000.0,0.0
Larry Moriarty,30,RB,80,28,3,4,1118000.0,0.0
Jeff Donaldson,30,S,82,24,2,2,5243000.0,3211000.0
Bo Eason,30,S,75,25,2,2,732000.0,167000.0
Alan Pinkett,30,RB,74,22,0,4,733000.0,0.0
Butch Woolfolk,30,RB,74,26,4,1,2055000.0,123000.0
Ray Childress,30,DE,83,23,1,3,5110000.0,2891000.0
Malcolm Taylor,30,DE,72,26,2,1,640000.0,165000.0
Percy Chapman,30,OG,68,25,3,1,217000.0,798000.0
Terry Tausch,31,OG,80,27,4,1,975000.0,48000.0
John Grimsley,30,MLB,84,24,2,3,2344000.0,2432000.0
Robert Abraham,30,MLB,80,26,4,2,2375000.0,253000.0
Dean Steinkuhler,30,OT,80,25,1,3,3785000.0,4472000.0
Richard Johnson,30,S,78,23,1,1,1166000.0,1071000.0
Larry Griffin,30,S,76,23,0,3,826000.0,766000.0
Chris Dressel,30,TE,76,25,3,1,1958000.0,0.0
Jeff Parks,30,TE,65,21,0,4,120000.0,786000.0
Tim Smith,30,WR,77,29,6,1,1044000.0,0.0
Willie Drewery,30,WR,72,23,1,1,1236000.0,0.0
Mike Akiu,30,WR,69,24,1,1,652000.0,250000.0
Steve Tasker,30,WR,72,24,1,3,827000.0,871000.0
Tony Zendejas,30,K,85,26,1,5,795000.0,272000.0
Jesse Baker,30,DE,76,29,7,1,3531000.0,0.0
Robert Lyles,30,OLB,82,25,2,2,948000.0,307000.0
Avon Riley,30,OLB,75,28,5,1,1008000.0,860000.0
Harvey Salem,30,OT,78,25,3,2,3973000.0,0.0
Don Maggs,30,OT,78,24,0,4,4885000.0,7851000.0
Eric Fairs,30,MLB,72,22,0,3,1171000.0,0.0
Kirk Dodge,30,MLB,73,24,1,3,828000.0,0.0
Lee Johnson,30,P,86,24,1,4,1702000.0,3193000.0
Warren Moon,30,QB,84,29,7,3,18818000.0,0.0
Oliver Luck,30,QB,75,26,3,1,783000.0,903000.0
Jim Everett,30,QB,80,22,0,3,1390000.0,0.0
Neal Guggemos,31,CB,71,22,0,4,200000.0,474000.0
David Evans,31,CB,71,27,1,1,1172000.0,0.0
Kyle Morrell,31,CB,69,22,0,4,627000.0,332000.0
Joe Phillips,31,DT,79,23,0,4,1022000.0,0.0
Anthony Carter,31,WR,86,26,1,3,6930000.0,1016000.0
Leo Lewis,31,WR,79,30,5,1,2739000.0,241000.0
Hassan Jones,31,WR,77,22,0,3,2024000.0,0.0
Buster Rhymes,31,WR,70,24,1,3,530000.0,362000.0
Jim Hough,31,OG,82,30,8,4,944000.0,53000.0
Darrin Nelson,31,RB,85,26,2,1,8312000.0,0.0
Tim Newton,31,DT,74,23,1,3,1022000.0,186000.0
Mike Stensrud,31,DT,76,30,7,1,1701000.0,40000.0
Wayne Wilson,31,RB,82,27,4,3,5106000.0,1850000.0
Mike Lush,31,S,70,28,0,4,380000.0,637000.0
Ted Rosnagle,31,S,69,24,1,1,1067000.0,126000.0
Ted Brown,31,RB,78,29,7,4,1069000.0,0.0
Allen Rice,31,RB,73,24,3,2,744000.0,156000.0
Tommy Kramer,31,QB,86,31,9,4,32788000.0,0.0
Wade Wilson,31,QB,78,29,7,4,13896000.0,3576000.0
Steve Bono,31,QB,72,24,1,2,387000.0,0.0
Doug Martin,31,DE,83,25,3,1,7610000.0,4237000.0
Mark Mullaney,31,DE,77,33,11,1,697000.0,33000.0
Dave Huffman,31,OG,74,29,7,1,1172000.0,0.0
Tommy Sims,21,CB,71,21,0,4,904000.0,77000.0
David Howard,31,OLB,82,24,1,3,1075000.0,0.0
Dennis Fowlkes,31,OLB,68,25,3,1,895000.0,0.0
Tim Irwin,31,OT,83,28,5,4,1850000.0,1571000.0
Joey Browner,31,S,89,26,3,3,11455000.0,7719000.0
Willie Teal,31,S,75,28,6,2,1042000.0,0.0
Mike Mularkey,31,TE,76,24,3,1,1019000.0,0.0
Carl Hilton,31,TE,68,22,0,2,781000.0,218000.0
Jim Gustafson,31,WR,70,25,0,4,781000.0,1000.0
Chuck Nelson,31,K,82,27,4,1,1809000.0,0.0
Neil Elshire,31,DE,71,28,5,1,467000.0,0.0
Scott Studwell,31,MLB,84,32,9,3,7418000.0,10266000.0
Brent Boyd,31,OG,76,29,5,1,663000.0,0.0
Chris Martin,31,OLB,83,29,6,3,2455000.0,1174000.0
Jesse Solomon,31,OLB,79,22,0,4,1378000.0,0.0
Curtis Rouse,31,OT,74,26,4,3,1312000.0,0.0
Mark MacDonald,31,OT,70,25,1,2,904000.0,293000.0
Walker Lee Ashley,31,MLB,78,26,2,2,3919000.0,1426000.0
Matt Blair,31,MLB,72,35,11,1,665000.0,0.0
Greg Coleman,31,P,86,32,9,2,1118000.0,144000.0
Kenny Jackson,13,WR,80,24,2,2,2496000.0,1470000.0
Gregg Garrity,13,WR,73,25,3,2,810000.0,0.0
Mike Quick,13,WR,87,27,4,1,35921000.0,0.0
Gary Reasons,16,MLB,82,24,2,1,2252000.0,0.0
Ron Holmes,6,DE,80,23,1,2,2084000.0,882000.0
Anthony Batiste,21,OG,69,27,1,2,315000.0,0.0
Andre Townsend,4,DE,81,23,2,2,6133000.0,740000.0
