player,key,old,new,band
Al Harris,al harris|CB,Head2c,Head5c,dark (4-5)
Aldon Smith,aldon smith|OLB,Head2a,Head5a,dark (4-5)
Alge Crumpler,alge crumpler|TE,Head3d,Head5d,dark (4-5)
Andre Gurode,andre gurode|C,Head3d,Head4d,dark (4-5)
Andre Smith,andre smith|OT,Head2d,Head5d,dark (4-5)
Antoine Winfield,antoine winfield|CB,Head3c,Head4c,dark (4-5)
Antonio Cromartie,antonio cromartie|CB,Head3a,Head5a,dark (4-5)
Aqib Talib,aqib talib|CB,Head2c,Head4c,dark (4-5)
Arian Foster,arian foster|RB,Head3a,Head4a,dark (4-5)
Aubrayo Franklin,aubrayo franklin|DT,Head3d,Head4d,dark (4-5)
Ben Grubbs,ben grubbs|OG,Head3b,Head5b,dark (4-5)
Ben Roethlisberger,ben roethlisberger|QB,Head4c,Head3c,light (1-3)
Bob Sanders,bob sanders|S,Head3a,Head5a,dark (4-5)
Brandon Flowers,brandon flowers|CB,Head3a,Head4a,dark (4-5)
Brandon Moore,brandon moore|OG,Head3d,Head5d,dark (4-5)
Brian Westbrook,brian westbrook|RB,Head3c,Head5c,dark (4-5)
Bryant McKinnie,bryant mckinnie|OT,Head3d,Head5d,dark (4-5)
Budda Baker,budda baker|S,Head1a,Head5a,dark (4-5)
Calvin Johnson,calvin johnson|WR,Head3a,Head4a,dark (4-5)
Cameron Wake,cameron wake|DE,Head2c,Head5c,dark (4-5)
Carl Nicks,carl nicks|OG,Head3b,Head5b,dark (4-5)
Casey Hampton,casey hampton|DT,Head3d,Head4d,dark (4-5)
Chad Johnson,chad johnson|WR,Head3c,Head5c,dark (4-5)
Chad Ochocinco,chad ochocinco|WR,Head3c,Head5c,dark (4-5)
Champ Bailey,champ bailey|CB,Head2c,Head4c,dark (4-5)
Charles Woodson,charles woodson|CB,Head3c,Head4c,dark (4-5)
Chris Johnson,chris johnson|RB,Head2c,Head5c,dark (4-5)
Chris Jones,chris jones|DT,Head3a,Head5a,dark (4-5)
D'Brickashaw Ferguson,dbrickashaw ferguson|OT,Head3d,Head4d,dark (4-5)
D.K. Metcalf,dk metcalf|WR,Head2a,Head5a,dark (4-5)
Darnell Dockett,darnell dockett|DE,Head3d,Head5d,dark (4-5)
Darrelle Revis,darrelle revis|CB,Head3c,Head5c,dark (4-5)
Darren Sharper,darren sharper|S,Head3c,Head4c,dark (4-5)
David Harris,david harris|MLB,Head3a,Head5a,dark (4-5)
DeMarco Murray,demarco murray|RB,Head3a,Head5a,dark (4-5)
DeMeco Ryans,demeco ryans|MLB,Head3a,Head4a,dark (4-5)
Deebo Samuel,deebo samuel|WR,Head2a,Head5a,dark (4-5)
Denzel Ward,denzel ward|CB,Head2a,Head5a,dark (4-5)
Derwin James,derwin james|S,Head2a,Head4a,dark (4-5)
Dez Bryant,dez bryant|WR,Head2a,Head5a,dark (4-5)
Donovan McNabb,donovan mcnabb|QB,Head2c,Head5c,dark (4-5)
Duane Brown,duane brown|OT,Head2d,Head5d,dark (4-5)
Dwight Freeney,dwight freeney|DE,Head3d,Head4d,dark (4-5)
Ed Reed,ed reed|S,Head3c,Head5c,dark (4-5)
Fred Warner,fred warner|MLB,Head2a,Head4a,dark (4-5)
Greg Jennings,greg jennings|WR,Head3c,Head5c,dark (4-5)
Haloti Ngata,haloti ngata|DT,Head2d,Head4d,dark (4-5)
Jaire Alexander,jaire alexander|CB,Head2a,Head5a,dark (4-5)
Jamal Williams,jamal williams|DT,Head3d,Head5d,dark (4-5)
Jason Taylor,jason taylor|DE,Head2d,Head5d,dark (4-5)
Jeff Saturday,jeff saturday|C,Head4d,Head3d,light (1-3)
Jeremy Shockey,jeremy shockey|TE,Head4c,Head1c,light (1-3)
Jimmy Graham,jimmy graham|TE,Head2d,Head5d,dark (4-5)
Joe Haden,joe haden|CB,Head2c,Head4c,dark (4-5)
Jonathan Taylor,jonathan taylor|RB,Head2a,Head4a,dark (4-5)
Josh Gordon,josh gordon|WR,Head2c,Head4c,dark (4-5)
Julio Jones,julio jones|WR,Head2c,Head5c,dark (4-5)
Justin Houston,justin houston|OLB,Head2d,Head5d,dark (4-5)
Justin Simmons,justin simmons|S,Head1a,Head5a,dark (4-5)
Justin Smith,justin smith|DE,Head4d,Head3d,light (1-3)
Kellen Winslow,kellen winslow|TE,Head2c,Head4c,dark (4-5)
Lamar Jackson,lamar jackson|QB,Head2a,Head4a,dark (4-5)
LeSean McCoy,lesean mccoy|RB,Head2a,Head5a,dark (4-5)
Leon Hall,leon hall|CB,Head2c,Head4c,dark (4-5)
Logan Mankins,logan mankins|OG,Head4d,Head3d,light (1-3)
Marshawn Lynch,marshawn lynch|RB,Head2c,Head4c,dark (4-5)
Mat McBriar,mat mcbriar|P,Head4c,Head2c,light (1-3)
Matt Light,matt light|OT,Head4d,Head3d,light (1-3)
Michael Roos,michael roos|OT,Head4d,Head3d,light (1-3)
Muhammad Wilkerson,muhammad wilkerson|DE,Head2b,Head4b,dark (4-5)
Nick Chubb,nick chubb|RB,Head2a,Head5a,dark (4-5)
Orlando Pace,orlando pace|OT,Head2d,Head4d,dark (4-5)
Patrick Mahomes,patrick mahomes|QB,Head1a,Head3a,medium (3)
Patrick Peterson,patrick peterson|CB,Head2c,Head5c,dark (4-5)
Patrick Willis,patrick willis|MLB,Head2a,Head5a,dark (4-5)
Randy Moss,randy moss|WR,Head2c,Head5c,dark (4-5)
Ray Lewis,ray lewis|MLB,Head2c,Head5c,dark (4-5)
Richard Sherman,richard sherman|CB,Head2a,Head4a,dark (4-5)
Robert Quinn,robert quinn|DE,Head2b,Head5b,dark (4-5)
Rodney Hudson,rodney hudson|C,Head2d,Head5d,dark (4-5)
Roquan Smith,roquan smith|MLB,Head2a,Head5a,dark (4-5)
Sebastian Vollmer,sebastian vollmer|OT,Head4b,Head3b,light (1-3)
Shawn Andrews,shawn andrews|OG,Head2b,Head4b,dark (4-5)
Steve Hutchinson,steve hutchinson|OG,Head4d,Head2d,light (1-3)
T.J. Hockenson,tj hockenson|TE,Head5a,Head1a,light (1-3)
T.J. Houshmandzadeh,tj houshmandzadeh|WR,Head2c,Head4c,dark (4-5)
T.J. Watt,tj watt|OLB,Head4a,Head3a,light (1-3)
Terrell Owens,terrell owens|WR,Head2c,Head5c,dark (4-5)
Terrell Suggs,terrell suggs|OLB,Head2d,Head4d,dark (4-5)
Terry McLaurin,terry mclaurin|WR,Head2a,Head5a,dark (4-5)
Todd Heap,todd heap|TE,Head4c,Head2c,light (1-3)
Tony Gonzalez,tony gonzalez|TE,Head2c,Head3c,medium (3)
Tyrann Mathieu,tyrann mathieu|S,Head2a,Head5a,dark (4-5)
Tyron Smith,tyron smith|OT,Head2d,Head5d,dark (4-5)
Vita Vea,vita vea|DT,Head2b,Head5b,dark (4-5)
Walter Jones,walter jones|OT,Head2d,Head4d,dark (4-5)
Willie Roaf,willie roaf|OT,Head2d,Head5d,dark (4-5)
aaron francisco,aaron francisco|S,Head2a,Head5a,dark
aaron moorehead,aaron moorehead|WR,Head2a,Head4a,dark
aaron ross,aaron ross|CB,Head2c,Head5c,dark
aaron rouse,aaron rouse|S,Head2a,Head5a,dark
abdul hodge,abdul hodge|MLB,Head2a,Head4a,dark
abram elam,abram elam|S,Head2a,Head4a,dark
adalius thomas,adalius thomas|MLB,Head2d,Head5d,dark
adalius thomas,adalius thomas|OLB,Head2b,Head4b,dark
adam hayward,adam hayward|OLB,Head2a,Head5a,dark
adewale ogunleye,adewale ogunleye|DE,Head2c,Head4c,dark
adrian dingle,adrian dingle|DE,Head1b,Head5b,dark
adrian jones,adrian jones|OT,Head2b,Head5b,dark
adrian ross,adrian ross|OLB,Head1a,Head4a,dark
ahmad bradshaw,ahmad bradshaw|RB,Head2a,Head5a,dark
ahmad carroll,ahmad carroll|CB,Head2a,Head5a,dark
ahmard hall,ahmard hall|RB,Head2c,Head5c,dark
ainsley battles,ainsley battles|S,Head2a,Head4a,dark
aj davis,aj davis|CB,Head2a,Head4a,dark
akeem jordan,akeem jordan|OLB,Head2a,Head5a,dark
akin ayodele,akin ayodele|MLB,Head2c,Head4c,dark
akin ayodele,akin ayodele|OLB,Head2a,Head5a,dark
alan ball,alan ball|CB,Head2a,Head5a,dark
alan branch,alan branch|DT,Head3d,Head5d,dark
alan harper,alan harper|DT,Head3b,Head5b,dark
albert haynesworth,albert haynesworth|DT,Head3b,Head5b,dark
alex smith,alex smith|TE,Head2c,Head5c,dark
alfonso boone,alfonso boone|DT,Head3d,Head5d,dark
alonzo ephraim,alonzo ephraim|C,Head3b,Head5b,dark
alvin pearman,alvin pearman|RB,Head3a,Head5a,dark
amobi okoye,amobi okoye|DT,Head3b,Head5b,dark
amon gordon,amon gordon|DT,Head3b,Head5b,dark
amon gordon,amon gordon|DE,Head3b,Head4b,dark
andra davis,andra davis|MLB,Head3c,Head4c,dark
andre caldwell,andre caldwell|WR,Head3a,Head5a,dark
andre davis,andre davis|WR,Head3c,Head5c,dark
andre fluellen,andre fluellen|DT,Head3b,Head5b,dark
andre frazier,andre frazier|OLB,Head3a,Head4a,dark
andre goodman,andre goodman|CB,Head3c,Head5c,dark
andre king,andre king|WR,Head3c,Head5c,dark
anthony adams,anthony adams|DT,Head3d,Head4d,dark
anthony becht,anthony becht|TE,Head3d,Head4d,dark
anthony bryant,anthony bryant|DT,Head3b,Head5b,dark
anthony hargrove,anthony hargrove|DE,Head3b,Head5b,dark
anthony herrera,anthony herrera|OG,Head3d,Head5d,dark
anthony madison,anthony madison|CB,Head3a,Head5a,dark
anthony montgomery,anthony montgomery|DT,Head3b,Head5b,dark
anthony simmons,anthony simmons|MLB,Head1a,Head5a,dark
anthony smith,anthony smith|S,Head3a,Head4a,dark
anthony spencer,anthony spencer|OLB,Head3b,Head4b,dark
anthony waters,anthony waters|MLB,Head3a,Head5a,dark
antoine cason,antoine cason|CB,Head3a,Head5a,dark
antonio johnson,antonio johnson|DT,Head3b,Head5b,dark
antonio smith,antonio smith|DE,Head3c,Head5c,dark
antowain smith,antowain smith|RB,Head3c,Head5c,dark
antwaan randle el,antwaan randle el|WR,Head3c,Head5c,dark
antwan barnes,antwan barnes|OLB,Head3a,Head5a,dark
antwaun molden,antwaun molden|CB,Head3a,Head5a,dark
antwon burton,antwon burton|DT,Head3b,Head4b,dark
arman shields,arman shields|WR,Head3a,Head4a,dark
arnaz battle,arnaz battle|WR,Head3c,Head4c,dark
arron sears,arron sears|OG,Head3b,Head4b,dark
artis hicks,artis hicks|OG,Head3d,Head5d,dark
ashley ambrose,ashley ambrose|CB,Head1c,Head5c,dark
ashton youboty,ashton youboty|CB,Head3a,Head5a,dark
atari bigby,atari bigby|S,Head3a,Head4a,dark
aundrae allison,aundrae allison|WR,Head3a,Head5a,dark
aveion cason,aveion cason|RB,Head3a,Head4a,dark
baraka atkins,baraka atkins|DE,Head3b,Head5b,dark
barrett green,barrett green|OLB,Head1a,Head5a,dark
bart scott,bart scott|MLB,Head3c,Head5c,dark
beau bell,beau bell|MLB,Head3a,Head4a,dark
ben obomanu,ben obomanu|WR,Head3c,Head5c,dark
ben patrick,ben patrick|TE,Head3a,Head5a,dark
benny sapp,benny sapp|CB,Head3a,Head5a,dark
bernard berrian,bernard berrian|WR,Head3c,Head4c,dark
bernard pollard,bernard pollard|S,Head3a,Head4a,dark
bill gramatica,bill gramatica|K,Head3a,Head5a,dark
billy miller,billy miller|TE,Head3c,Head5c,dark
billy yates,billy yates|OG,Head3d,Head5d,dark
bj askew,bj askew|RB,Head3a,Head5a,dark
blaine saipaia,blaine saipaia|C,Head3b,Head4b,dark
blaine saipaia,blaine saipaia|OG,Head3b,Head4b,dark
bo scaife,bo scaife|TE,Head3a,Head5a,dark
bobby engram,bobby engram|WR,Head3c,Head5c,dark
bobby mccray,bobby mccray|DE,Head3a,Head5a,dark
bobby shaw,bobby shaw|WR,Head1a,Head5a,dark
bobby wade,bobby wade|WR,Head3a,Head5a,dark
boomer grigsby,boomer grigsby|MLB,Head1a,Head4a,dark
brad hopkins,brad hopkins|OT,Head1d,Head4d,dark
brad smith,brad smith|WR,Head3c,Head5c,dark
bradie james,bradie james|MLB,Head3a,Head4a,dark
branden albert,branden albert|OG,Head3b,Head5b,dark
brandon gorin,brandon gorin|OT,Head3b,Head5b,dark
brandon jackson,brandon jackson|RB,Head3a,Head5a,dark
brandon jacobs,brandon jacobs|RB,Head3d,Head4d,dark
brandon jones,brandon jones|WR,Head3a,Head5a,dark
brandon keith,brandon keith|OT,Head3b,Head4b,dark
brandon lloyd,brandon lloyd|WR,Head3a,Head5a,dark
brandon manumaleuna,brandon manumaleuna|TE,Head3d,Head5d,dark
brandon mcdonald,brandon mcdonald|CB,Head3a,Head4a,dark
brandon mcgowan,brandon mcgowan|S,Head3a,Head4a,dark
brandon mckinney,brandon mckinney|DT,Head3d,Head5d,dark
brandon mebane,brandon mebane|DT,Head2d,Head4d,dark
brandon meriweather,brandon meriweather|S,Head3a,Head5a,dark
brandon mitchell,brandon mitchell|DT,Head1b,Head5b,dark
brandon moore,brandon moore|MLB,Head3b,Head5b,dark
brandon siler,brandon siler|MLB,Head3a,Head4a,dark
brandon williams,brandon williams|WR,Head3c,Head5c,dark
braylon edwards,braylon edwards|WR,Head3a,Head4a,dark
brendon ayanbadejo,brendon ayanbadejo|OLB,Head3c,Head5c,dark
brendon ayanbadejo,brendon ayanbadejo|MLB,Head3a,Head5a,dark
brent grimes,brent grimes|CB,Head2c,Head4c,dark
brian clark,brian clark|WR,Head3a,Head5a,dark
brian iwuh,brian iwuh|OLB,Head3a,Head5a,dark
brian iwuh,brian iwuh|MLB,Head3a,Head4a,dark
brian simmons,brian simmons|MLB,Head3c,Head4c,dark
brian simmons,brian simmons|OLB,Head3a,Head5a,dark
brian smith,brian smith|DE,Head3a,Head5a,dark
brian walker,brian walker|S,Head3a,Head5a,dark
brian waters,brian waters|OG,Head3d,Head4d,dark
brian williams,brian williams|CB,Head3c,Head5c,dark
brodney pool,brodney pool|S,Head3a,Head5a,dark
brodrick bunkley,brodrick bunkley|DT,Head3d,Head5d,dark
bruce davis,bruce davis|OLB,Head3a,Head4a,dark
bryan gilmore,bryan gilmore|WR,Head3a,Head5a,dark
bryan kehl,bryan kehl|OLB,Head3a,Head4a,dark
bryan knight,bryan knight|OLB,Head1c,Head5c,dark
bryan robinson,bryan robinson|DT,Head3d,Head5d,dark
bryan robinson,bryan robinson|DE,Head3d,Head4d,dark
bryan thomas,bryan thomas|OLB,Head3d,Head4d,dark
bryan thomas,bryan thomas|DE,Head3b,Head4b,dark
bryant johnson,bryant johnson|WR,Head3a,Head4a,dark
bryant mcfadden,bryant mcfadden|CB,Head3a,Head5a,dark
buster davis,buster davis|WR,Head3a,Head5a,dark
buster davis,buster davis|MLB,Head3a,Head4a,dark
buster davis,buster davis|OLB,Head3a,Head5a,dark
calvin lowry,calvin lowry|S,Head3a,Head5a,dark
calvin pace,calvin pace|OLB,Head3d,Head4d,dark
calvin pace,calvin pace|DE,Head3b,Head5b,dark
carey davis,carey davis|RB,Head3a,Head5a,dark
carlos rogers,carlos rogers|CB,Head3c,Head4c,dark
cato june,cato june|OLB,Head3a,Head4a,dark
cedric benson,cedric benson|RB,Head3a,Head4a,dark
chad brown,chad brown|OLB,Head3c,Head5c,dark
chad brown,chad brown|MLB,Head3c,Head5c,dark
chad jackson,chad jackson|WR,Head3a,Head4a,dark
chad nkang,chad nkang|S,Head3a,Head5a,dark
chad slaughter,chad slaughter|OT,Head3b,Head5b,dark
chandler williams,chandler williams|WR,Head3a,Head4a,dark
channing crowder,channing crowder|MLB,Head3a,Head5a,dark
channing crowder,channing crowder|OLB,Head3a,Head5a,dark
chansi stuckey,chansi stuckey|WR,Head3a,Head4a,dark
charles godfrey,charles godfrey|S,Head3a,Head5a,dark
charles gordon,charles gordon|CB,Head3a,Head5a,dark
charles stackhouse,charles stackhouse|RB,Head3c,Head5c,dark
charlie anderson,charlie anderson|OLB,Head3a,Head4a,dark
charlie batch,charlie batch|QB,Head3c,Head5c,dark
charlie garner,charlie garner|RB,Head3c,Head5c,dark
charlie peprah,charlie peprah|S,Head3a,Head5a,dark
chartric darby,chartric darby|DT,Head3d,Head5d,dark
chaun thompson,chaun thompson|OLB,Head3a,Head4a,dark
chauncey davis,chauncey davis|DE,Head3b,Head4b,dark
chauncey washington,chauncey washington|RB,Head3a,Head5a,dark
chester pitts,chester pitts|OG,Head3d,Head5d,dark
chester pitts,chester pitts|OT,Head3b,Head4b,dark
chester taylor,chester taylor|RB,Head3c,Head5c,dark
chevis jackson,chevis jackson|CB,Head3a,Head5a,dark
chike okeafor,chike okeafor|DE,Head3b,Head4b,dark
chilo rachal,chilo rachal|OG,Head3b,Head4b,dark
chris canty,chris canty|DE,Head3d,Head5d,dark
chris carr,chris carr|CB,Head3a,Head4a,dark
chris chester,chris chester|OG,Head3d,Head5d,dark
chris clemons,chris clemons|DE,Head3c,Head4c,dark
chris clemons,chris clemons|OLB,Head3a,Head4a,dark
chris crocker,chris crocker|S,Head3c,Head5c,dark
chris davis,chris davis|WR,Head3a,Head4a,dark
chris draft,chris draft|MLB,Head3c,Head5c,dark
chris draft,chris draft|OLB,Head3c,Head5c,dark
chris ellis,chris ellis|DE,Head3b,Head4b,dark
chris francies,chris francies|WR,Head3a,Head5a,dark
chris gocong,chris gocong|OLB,Head3b,Head4b,dark
chris hope,chris hope|S,Head3c,Head5c,dark
chris houston,chris houston|CB,Head3a,Head5a,dark
chris johnson,chris johnson|CB,Head2c,Head5c,dark
chris kemoeatu,chris kemoeatu|OG,Head3b,Head4b,dark
chris leak,chris leak|QB,Head3a,Head5a,dark
chris naeole,chris naeole|OG,Head3d,Head5d,dark
chris spencer,chris spencer|C,Head3d,Head4d,dark
chris taylor,chris taylor|RB,Head3a,Head4a,dark
chris white,chris white|C,Head3b,Head5b,dark
chris wilson,chris wilson|DE,Head3a,Head4a,dark
chris young,chris young|S,Head3a,Head5a,dark
cj ah you,cj ah you|DE,Head3b,Head4b,dark
clark haggans,clark haggans|OLB,Head3c,Head4c,dark
cletis gordon,cletis gordon|CB,Head3a,Head4a,dark
cliff avril,cliff avril|DE,Head3d,Head4d,dark
cliff russell,cliff russell|WR,Head3a,Head4a,dark
clint ingram,clint ingram|OLB,Head3a,Head5a,dark
clint session,clint session|OLB,Head3a,Head5a,dark
clinton portis,clinton portis|RB,Head3a,Head4a,dark
colin cole,colin cole|DT,Head3d,Head5d,dark
copeland bryan,copeland bryan|DE,Head3a,Head5a,dark
corey graham,corey graham|CB,Head3c,Head4c,dark
corey hilliard,corey hilliard|OT,Head3b,Head4b,dark
corey sears,corey sears|DE,Head3d,Head5d,dark
corey webster,corey webster|CB,Head3c,Head4c,dark
corey williams,corey williams|DT,Head3d,Head5d,dark
cornelius griffin,cornelius griffin|DT,Head3d,Head4d,dark
correll buckhalter,correll buckhalter|RB,Head3c,Head5c,dark
cortland finnegan,cortland finnegan|CB,Head3a,Head5a,dark
courtney bryan,courtney bryan|S,Head3a,Head4a,dark
courtney roby,courtney roby|WR,Head3c,Head5c,dark
courtney watson,courtney watson|MLB,Head3a,Head5a,dark
craphonso thorpe,craphonso thorpe|WR,Head3a,Head5a,dark
curtis conway,curtis conway|WR,Head3c,Head5c,dark
curtis fuller,curtis fuller|S,Head3a,Head5a,dark
curtis martin,curtis martin|RB,Head3c,Head5c,dark
dajuan morgan,dajuan morgan|S,Head3a,Head4a,dark
dallas baker,dallas baker|WR,Head3a,Head4a,dark
damion cook,damion cook|OT,Head3b,Head5b,dark
damion mcintosh,damion mcintosh|OT,Head3d,Head5d,dark
damione lewis,damione lewis|DT,Head3d,Head5d,dark
danieal manning,danieal manning|S,Head3c,Head4c,dark
daniel bullocks,daniel bullocks|S,Head3a,Head4a,dark
daniel coats,daniel coats|TE,Head3b,Head4b,dark
daniel graham,daniel graham|TE,Head3c,Head5c,dark
daniel muir,daniel muir|DT,Head3d,Head4d,dark
dante hughes,dante hughes|CB,Head3a,Head4a,dark
dante ridgeway,dante ridgeway|WR,Head3a,Head4a,dark
dante rosario,dante rosario|TE,Head3a,Head4a,dark
dante wesley,dante wesley|CB,Head3c,Head5c,dark
danthony batiste,danthony batiste|OG,Head3b,Head5b,dark
darius walker,darius walker|RB,Head3a,Head5a,dark
darnell bing,darnell bing|S,Head3a,Head5a,dark
darnell dinkins,darnell dinkins|TE,Head3c,Head4c,dark
darnell dockett,darnell dockett|DT,Head3b,Head4b,dark
darnell sanders,darnell sanders|TE,Head3b,Head5b,dark
darnerien mccants,darnerien mccants|WR,Head3a,Head5a,dark
darrell mcclover,darrell mcclover|OLB,Head3a,Head5a,dark
darrell reid,darrell reid|DT,Head3b,Head5b,dark
darren howard,darren howard|DE,Head3d,Head5d,dark
darren mcfadden,darren mcfadden|RB,Head3c,Head4c,dark
darryl blackstock,darryl blackstock|OLB,Head3a,Head5a,dark
dashon goldson,dashon goldson|S,Head3a,Head4a,dark
david bowens,david bowens|DE,Head3d,Head5d,dark
david bowens,david bowens|OLB,Head3d,Head4d,dark
david clowney,david clowney|WR,Head3a,Head4a,dark
david garrard,david garrard|QB,Head3c,Head5c,dark
david irons,david irons|CB,Head3a,Head4a,dark
david jones,david jones|CB,Head3a,Head4a,dark
david martin,david martin|TE,Head3d,Head4d,dark
david pittman,david pittman|CB,Head3a,Head4a,dark
david thornton,david thornton|OLB,Head3c,Head5c,dark
davin joseph,davin joseph|OG,Head3d,Head4d,dark
dawan landry,dawan landry|S,Head3c,Head5c,dark
dede dorsey,dede dorsey|RB,Head3a,Head4a,dark
dedric ward,dedric ward|WR,Head1c,Head5c,dark
deion sanders,deion sanders|CB,Head2c,Head5c,dark
deltha oneal,deltha oneal|CB,Head3c,Head5c,dark
demetric evans,demetric evans|DE,Head3d,Head4d,dark
demetrius williams,demetrius williams|WR,Head3a,Head4a,dark
dennis norman,dennis norman|C,Head3b,Head5b,dark
dennis northcutt,dennis northcutt|WR,Head3c,Head5c,dark
deon anderson,deon anderson|RB,Head3a,Head5a,dark
dequincy scott,dequincy scott|DE,Head1b,Head5b,dark
derek hagan,derek hagan|WR,Head3a,Head4a,dark
derek stanley,derek stanley|WR,Head3a,Head5a,dark
derick armstrong,derick armstrong|WR,Head3a,Head5a,dark
derreck robinson,derreck robinson|DE,Head3b,Head5b,dark
derrick deese,derrick deese|OT,Head3d,Head5d,dark
derrick dockery,derrick dockery|OG,Head3d,Head5d,dark
derrick harvey,derrick harvey|DE,Head3b,Head4b,dark
derrick jones,derrick jones|DE,Head3a,Head5a,dark
derrick martin,derrick martin|CB,Head3a,Head5a,dark
derrick ward,derrick ward|RB,Head3c,Head4c,dark
deshawn wynn,deshawn wynn|RB,Head3a,Head4a,dark
deshea townsend,deshea townsend|CB,Head3c,Head5c,dark
desmond bishop,desmond bishop|MLB,Head3a,Head4a,dark
desmond clark,desmond clark|TE,Head3c,Head5c,dark
deuce lutui,deuce lutui|OG,Head3b,Head4b,dark
devard darling,devard darling|WR,Head3a,Head5a,dark
devin aromashodu,devin aromashodu|WR,Head3a,Head5a,dark
devin hester,devin hester|WR,Head3c,Head5c,dark
devin hester,devin hester|CB,Head3a,Head5a,dark
devin thomas,devin thomas|WR,Head3a,Head5a,dark
devone claybrooks,devone claybrooks|DT,Head3b,Head4b,dark
dewayne washington,dewayne washington|CB,Head3c,Head4c,dark
dewayne white,dewayne white|DE,Head3b,Head4b,dark
dhani jones,dhani jones|OLB,Head3a,Head5a,dark
domata peko,domata peko|DT,Head2d,Head5d,dark
domenik hixon,domenik hixon|WR,Head3a,Head4a,dark
dominic rhodes,dominic rhodes|RB,Head3c,Head4c,dark
dominique byrd,dominique byrd|TE,Head3a,Head4a,dark
donald driver,donald driver|WR,Head3c,Head5c,dark
donald penn,donald penn|OT,Head2d,Head5d,dark
donald strickland,donald strickland|CB,Head3c,Head5c,dark
donnie avery,donnie avery|WR,Head3a,Head4a,dark
donnie edwards,donnie edwards|OLB,Head3c,Head4c,dark
donnie edwards,donnie edwards|MLB,Head3c,Head4c,dark
dontarrious thomas,dontarrious thomas|MLB,Head3a,Head5a,dark
dontarrious thomas,dontarrious thomas|OLB,Head3a,Head4a,dark
donte nicholson,donte nicholson|S,Head3a,Head5a,dark
donte stallworth,donte stallworth|WR,Head3c,Head4c,dark
drayton florence,drayton florence|CB,Head3c,Head4c,dark
dre bly,dre bly|CB,Head3c,Head5c,dark
dre moore,dre moore|DT,Head3b,Head4b,dark
drew carter,drew carter|WR,Head3a,Head5a,dark
drew coleman,drew coleman|CB,Head3a,Head5a,dark
drew haddad,drew haddad|WR,Head3a,Head5a,dark
dunta robinson,dunta robinson|CB,Head3c,Head5c,dark
dustin keller,dustin keller|TE,Head3a,Head4a,dark
dwan edwards,dwan edwards|DT,Head3d,Head4d,dark
dwan edwards,dwan edwards|DE,Head3b,Head4b,dark
dwayne bowe,dwayne bowe|WR,Head3a,Head4a,dark
dwayne jarrett,dwayne jarrett|WR,Head3a,Head5a,dark
dwayne rudd,dwayne rudd|MLB,Head1a,Head5a,dark
dwight lowery,dwight lowery|CB,Head3a,Head4a,dark
dwight smith,dwight smith|S,Head3a,Head4a,dark
earl bennett,earl bennett|WR,Head3a,Head4a,dark
earl cochran,earl cochran|DE,Head3b,Head4b,dark
earl holmes,earl holmes|MLB,Head3c,Head5c,dark
early doucet,early doucet|WR,Head3a,Head5a,dark
ed perry,ed perry|TE,Head3d,Head5d,dark
eddie freeman,eddie freeman|DT,Head3b,Head5b,dark
eddie kennison,eddie kennison|WR,Head3c,Head5c,dark
eddie royal,eddie royal|WR,Head3a,Head5a,dark
edwin mulitalo,edwin mulitalo|OG,Head3d,Head5d,dark
ellis hobbs,ellis hobbs|CB,Head3a,Head5a,dark
enoch demar,enoch demar|OG,Head1b,Head4b,dark
eric alexander,eric alexander|MLB,Head3a,Head5a,dark
eric alexander,eric alexander|OLB,Head3a,Head5a,dark
eric barton,eric barton|MLB,Head3c,Head5c,dark
eric barton,eric barton|OLB,Head3a,Head5a,dark
eric frampton,eric frampton|S,Head3a,Head5a,dark
eric hicks,eric hicks|DE,Head3d,Head4d,dark
eric king,eric king|CB,Head3a,Head5a,dark
eric moore,eric moore|DE,Head3b,Head5b,dark
eric warfield,eric warfield|CB,Head1a,Head4a,dark
eric wright,eric wright|CB,Head3a,Head4a,dark
ernest wilford,ernest wilford|WR,Head3c,Head5c,dark
ethan brooks,ethan brooks|OT,Head3d,Head4d,dark
eugene amano,eugene amano|C,Head3b,Head5b,dark
eugene amano,eugene amano|OG,Head3b,Head4b,dark
eugene wilson,eugene wilson|S,Head3c,Head4c,dark
evan oglesby,evan oglesby|CB,Head3a,Head5a,dark
fabian washington,fabian washington|CB,Head3a,Head4a,dark
felix jones,felix jones|RB,Head3a,Head5a,dark
floyd womack,floyd womack|OG,Head3d,Head5d,dark
floyd womack,floyd womack|OT,Head3b,Head5b,dark
flozell adams,flozell adams|OT,Head3d,Head5d,dark
frank omiyale,frank omiyale|OT,Head3b,Head5b,dark
frank walker,frank walker|CB,Head3c,Head4c,dark
fred bennett,fred bennett|CB,Head3a,Head4a,dark
fred davis,fred davis|TE,Head2a,Head5a,dark
fred evans,fred evans|DT,Head3d,Head5d,dark
fred jackson,fred jackson|RB,Head3c,Head5c,dark
fred matua,fred matua|OG,Head3b,Head5b,dark
fred mcafee,fred mcafee|RB,Head3c,Head5c,dark
fred robbins,fred robbins|DT,Head3d,Head4d,dark
fred smoot,fred smoot|CB,Head3a,Head4a,dark
fred taylor,fred taylor|RB,Head3c,Head4c,dark
freddie keiaho,freddie keiaho|OLB,Head3a,Head5a,dark
gabe watson,gabe watson|DT,Head3b,Head4b,dark
garrett wolfe,garrett wolfe|RB,Head3a,Head5a,dark
garrison hearst,garrison hearst|RB,Head3c,Head4c,dark
gary brackett,gary brackett|MLB,Head3c,Head5c,dark
gary russell,gary russell|RB,Head3a,Head5a,dark
george wilson,george wilson|S,Head3a,Head4a,dark
gerald alexander,gerald alexander|S,Head3a,Head5a,dark
gerald hayes,gerald hayes|MLB,Head3c,Head4c,dark
gerald hayes,gerald hayes|OLB,Head3a,Head5a,dark
gerris wilkinson,gerris wilkinson|OLB,Head3a,Head5a,dark
gibril wilson,gibril wilson|S,Head3a,Head5a,dark
glenn dorsey,glenn dorsey|DT,Head3b,Head5b,dark
glenn martinez,glenn martinez|WR,Head3a,Head5a,dark
grant irons,grant irons|OLB,Head3b,Head5b,dark
greg camarillo,greg camarillo|WR,Head3a,Head5a,dark
greg ellis,greg ellis|OLB,Head3d,Head4d,dark
greg ellis,greg ellis|DE,Head3b,Head5b,dark
greg favors,greg favors|OLB,Head3c,Head5c,dark
greg jones,greg jones|RB,Head3c,Head5c,dark
greg lewis,greg lewis|WR,Head3c,Head4c,dark
greg peterson,greg peterson|DT,Head3b,Head5b,dark
haloti ngata,haloti ngata|DE,Head2b,Head5b,dark
hamza abdullah,hamza abdullah|S,Head3a,Head5a,dark
hank baskett,hank baskett|WR,Head3a,Head5a,dark
harry douglas,harry douglas|WR,Head3c,Head4c,dark
hines ward,hines ward|WR,Head3c,Head4c,dark
hiram eugene,hiram eugene|S,Head3c,Head5c,dark
howard green,howard green|DT,Head3d,Head5d,dark
ian scott,ian scott|DT,Head3b,Head4b,dark
ifeanyi ohalete,ifeanyi ohalete|S,Head3a,Head4a,dark
ike charlton,ike charlton|CB,Head3a,Head5a,dark
ike taylor,ike taylor|CB,Head3c,Head4c,dark
isaac sopoaga,isaac sopoaga|DT,Head3d,Head5d,dark
isaac sowells,isaac sowells|OT,Head3b,Head4b,dark
isaiah ekejiuba,isaiah ekejiuba|OLB,Head3a,Head5a,dark
itula mili,itula mili|TE,Head3d,Head5d,dark
izell reese,izell reese|S,Head1c,Head4c,dark
jabar gaffney,jabar gaffney|WR,Head3c,Head5c,dark
jack brewer,jack brewer|S,Head3a,Head5a,dark
jack ikegwuonu,jack ikegwuonu|CB,Head3a,Head4a,dark
jack williams,jack williams|CB,Head3a,Head5a,dark
jackie battle,jackie battle|RB,Head3c,Head5c,dark
jacob ford,jacob ford|DE,Head3a,Head5a,dark
jacoby jones,jacoby jones|WR,Head3a,Head5a,dark
jamaal anderson,jamaal anderson|DE,Head3b,Head4b,dark
jamaal jackson,jamaal jackson|C,Head3d,Head5d,dark
jamar nesbit,jamar nesbit|OG,Head3d,Head5d,dark
jamar nesbit,jamar nesbit|C,Head3b,Head4b,dark
jamar williams,jamar williams|OLB,Head3a,Head5a,dark
jamarcus russell,jamarcus russell|QB,Head3b,Head5b,dark
jameel cook,jameel cook|RB,Head3a,Head5a,dark
jamel white,jamel white|RB,Head3a,Head5a,dark
james allen,james allen|OLB,Head3a,Head4a,dark
james anderson,james anderson|OLB,Head3c,Head4c,dark
james davis,james davis|OLB,Head3a,Head5a,dark
james farrior,james farrior|MLB,Head3c,Head4c,dark
james hardy,james hardy|WR,Head3a,Head4a,dark
james jackson,james jackson|RB,Head3a,Head5a,dark
james marten,james marten|OT,Head4b,Head3b,light
james mungro,james mungro|RB,Head1a,Head5a,dark
jamie duncan,jamie duncan|MLB,Head1a,Head5a,dark
jason spitz,jason spitz|OG,Head4d,Head1d,light
jeff charleston,jeff charleston|DE,Head4b,Head3b,light
jeff dugan,jeff dugan|TE,Head4a,Head1a,light
jeff garcia,jeff garcia|QB,Head4c,Head2c,light
jeff george,jeff george|QB,Head4c,Head1c,light
jeff king,jeff king|TE,Head4d,Head1d,light
jeremy trueblood,jeremy trueblood|OT,Head4d,Head2d,light
jerheme urban,jerheme urban|WR,Head4a,Head2a,light
jermane mayberry,jermane mayberry|OG,Head1d,Head4d,dark
jermon bushrod,jermon bushrod|OT,Head2b,Head4b,dark
jerome bettis,jerome bettis|RB,Head1c,Head5c,dark
jim leonhard,jim leonhard|S,Head4c,Head2c,light
jimmy smith,jimmy smith|WR,Head2c,Head4c,dark
joe klopfenstein,joe klopfenstein|TE,Head4a,Head2a,light
joe kowalewski,joe kowalewski|TE,Head4a,Head1a,light
joel dreessen,joel dreessen|TE,Head4c,Head3c,light
john beck,john beck|QB,Head4a,Head3a,light
john carlson,john carlson|TE,Head4a,Head3a,light
john digiorgio,john digiorgio|MLB,Head4a,Head3a,light
john kuhn,john kuhn|RB,Head4c,Head3c,light
john wendling,john wendling|S,Head4c,Head3c,light
jon dorenbos,jon dorenbos|C,Head4c,Head3c,light
jon kitna,jon kitna|QB,Head4c,Head1c,light
jon mcgraw,jon mcgraw|S,Head4c,Head1c,light
jonathan carter,jonathan carter|WR,Head1a,Head5a,dark
jonathan stewart,jonathan stewart|RB,Head2c,Head4c,dark
jonathan wells,jonathan wells|RB,Head1a,Head4a,dark
jordan palmer,jordan palmer|QB,Head4a,Head2a,light
jordon dizon,jordon dizon|MLB,Head4a,Head2a,light
jordy nelson,jordy nelson|WR,Head2c,Head5c,dark
josh harris,josh harris|QB,Head1c,Head5c,dark
josh thomas,josh thomas|DE,Head4a,Head2a,light
josh williams,josh williams|DT,Head5b,Head1b,light
junior seau,junior seau|MLB,Head2c,Head5c,dark
junior seau,junior seau|OLB,Head2c,Head4c,dark
justin lucas,justin lucas|S,Head1a,Head5a,dark
justin rogers,justin rogers|OLB,Head4a,Head1a,light
justin smiley,justin smiley|OG,Head4b,Head1b,light
kasey studdard,kasey studdard|OG,Head4b,Head3b,light
kawika mitchell,kawika mitchell|OLB,Head4c,Head2c,light
kawika mitchell,kawika mitchell|MLB,Head4a,Head3a,light
keith brooking,keith brooking|MLB,Head4c,Head3c,light
keith brooking,keith brooking|OLB,Head4a,Head1a,light
ken irvin,ken irvin|S,Head1a,Head5a,dark
kevin boss,kevin boss|TE,Head4a,Head1a,light
kevin kolb,kevin kolb|QB,Head4a,Head3a,light
kevin mathis,kevin mathis|CB,Head1c,Head5c,dark
kevin oconnell,kevin oconnell|QB,Head4a,Head1a,light
kevin shaffer,kevin shaffer|OT,Head4d,Head1d,light
khalid abdullah,khalid abdullah|OLB,Head1a,Head5a,dark
kirk barton,kirk barton|OT,Head4b,Head3b,light
kirk chambers,kirk chambers|OT,Head4b,Head3b,light
korey hall,korey hall|RB,Head4a,Head1a,light
kyle boller,kyle boller|QB,Head4a,Head2a,light
kyle eckel,kyle eckel|RB,Head4a,Head1a,light
kyle orton,kyle orton|QB,Head4c,Head1c,light
larry chester,larry chester|DT,Head1b,Head5b,dark
luke lawton,luke lawton|RB,Head4c,Head3c,light
madison hedgecock,madison hedgecock|RB,Head4b,Head2b,light
marcus price,marcus price|OT,Head1d,Head5d,dark
mark levoir,mark levoir|OT,Head4b,Head1b,light
mark setterstrom,mark setterstrom|OG,Head4b,Head1b,light
matt giordano,matt giordano|S,Head4c,Head3c,light
matt gutierrez,matt gutierrez|QB,Head4a,Head3a,light
matt jones,matt jones|WR,Head4a,Head1a,light
matt leinart,matt leinart|QB,Head4a,Head1a,light
matt roth,matt roth|DE,Head4b,Head2b,light
matt spaeth,matt spaeth|TE,Head4d,Head1d,light
matt stewart,matt stewart|OLB,Head4a,Head2a,light
michael koenen,michael koenen|P,Head4c,Head3c,light
michael otto,michael otto|OT,Head4d,Head2d,light
michael toudouze,michael toudouze|OG,Head4b,Head1b,light
mike brisiel,mike brisiel|OG,Head4d,Head3d,light
mike compton,mike compton|OG,Head4d,Head1d,light
mike devito,mike devito|DE,Head4b,Head3b,light
mike devito,mike devito|DT,Head4b,Head1b,light
mike hass,mike hass|WR,Head4a,Head3a,light
mike jones,mike jones|OG,Head4b,Head1b,light
mike karney,mike karney|RB,Head4a,Head3a,light
mike leach,mike leach|TE,Head4c,Head1c,light
mike mcglynn,mike mcglynn|C,Head4b,Head2b,light
mike mcmahon,mike mcmahon|QB,Head4a,Head3a,light
mike pollak,mike pollak|OG,Head4b,Head2b,light
mike vrabel,mike vrabel|OLB,Head4d,Head1d,light
mike vrabel,mike vrabel|MLB,Head4b,Head1b,light
mike wright,mike wright|DT,Head4b,Head1b,light
mikhael ricks,mikhael ricks|TE,Head1d,Head5d,dark
nate garner,nate garner|OG,Head4b,Head1b,light
nick greisen,nick greisen|MLB,Head4a,Head1a,light
nick greisen,nick greisen|OLB,Head4a,Head3a,light
nick harris,nick harris|P,Head4c,Head1c,light
nick kaczur,nick kaczur|OT,Head4d,Head1d,light
nick leckey,nick leckey|C,Head4b,Head1b,light
owen daniels,owen daniels|TE,Head4c,Head2c,light
pat mcquistan,pat mcquistan|OG,Head4b,Head1b,light
pat mcquistan,pat mcquistan|OT,Head4b,Head3b,light
patrick ramsey,patrick ramsey|QB,Head4a,Head2a,light
paul mcquistan,paul mcquistan|OG,Head4b,Head1b,light
paul posluszny,paul posluszny|MLB,Head4c,Head3c,light
paul soliai,paul soliai|DT,Head4d,Head3d,light
quinn pitcock,quinn pitcock|DT,Head4b,Head3b,light
quinn sypniewski,quinn sypniewski|TE,Head4b,Head3b,light
ramon guzman,ramon guzman|OLB,Head1a,Head4a,dark
reggie howard,reggie howard|CB,Head1a,Head4a,dark
reggie nelson,reggie nelson|S,Head2c,Head4c,dark
rhys lloyd,rhys lloyd|K,Head4a,Head2a,light
rich scanlon,rich scanlon|OLB,Head4a,Head1a,light
rich scanlon,rich scanlon|MLB,Head4a,Head2a,light
rich seubert,rich seubert|OG,Head4d,Head2d,light
richard angulo,richard angulo|TE,Head4b,Head1b,light
ricky brown,ricky brown|MLB,Head4a,Head1a,light
rob davis,rob davis|DE,Head1d,Head5d,dark
rob ninkovich,rob ninkovich|DE,Head4a,Head2a,light
rob petitti,rob petitti|OT,Head4b,Head3b,light
rodney leisle,rodney leisle|DT,Head4b,Head3b,light
roland williams,roland williams|TE,Head1b,Head5b,dark
roman phifer,roman phifer|MLB,Head1c,Head5c,dark
rudy niswanger,rudy niswanger|C,Head4b,Head1b,light
ryan fowler,ryan fowler|MLB,Head4a,Head3a,light
ryan ocallaghan,ryan ocallaghan|OT,Head4b,Head1b,light
ryon bingham,ryon bingham|DE,Head4b,Head1b,light
ryon bingham,ryon bingham|DT,Head4b,Head3b,light
sabby piscitelli,sabby piscitelli|S,Head4a,Head1a,light
sam baker,sam baker|OT,Head4b,Head1b,light
sam paulescu,sam paulescu|P,Head4a,Head3a,light
samson satele,samson satele|C,Head4b,Head1b,light
scott chandler,scott chandler|TE,Head4b,Head2b,light
scott fujita,scott fujita|OLB,Head4c,Head3c,light
scott mruczkowski,scott mruczkowski|C,Head4b,Head3b,light
scott mruczkowski,scott mruczkowski|OG,Head4b,Head2b,light
scott paxson,scott paxson|DT,Head4b,Head1b,light
sean conover,sean conover|DE,Head4b,Head2b,light
sean considine,sean considine|S,Head4a,Head1a,light
sean mchugh,sean mchugh|TE,Head4b,Head2b,light
shane matthews,shane matthews|QB,Head1c,Head4c,dark
shaun cody,shaun cody|DT,Head4b,Head3b,light
shaun suisham,shaun suisham|K,Head4c,Head2c,light
shaunard harts,shaunard harts|S,Head1a,Head4a,dark
spencer folau,spencer folau|OT,Head5d,Head3d,light
stephen spach,stephen spach|TE,Head4b,Head1b,light
steve gregory,steve gregory|S,Head4c,Head3c,light
steve weatherford,steve weatherford|P,Head4c,Head1c,light
stewart bradley,stewart bradley|OLB,Head4a,Head3a,light
stewart bradley,stewart bradley|MLB,Head4a,Head3a,light
ted ginn,ted ginn|WR,Head2c,Head4c,dark
terence newman,terence newman|CB,Head2c,Head5c,dark
terrell suggs,terrell suggs|DE,Head2b,Head5b,dark
terry jones,terry jones|TE,Head1b,Head5b,dark
tim brown,tim brown|OG,Head4c,Head1c,light
tim shaw,tim shaw|MLB,Head4a,Head2a,light
tom zbikowski,tom zbikowski|S,Head4a,Head2a,light
tony bryant,tony bryant|DE,Head1b,Head5b,dark
tony gonzalez,tony gonzalez|TE,Head3c,Head4c,dark
tony moll,tony moll|OT,Head4b,Head1b,light
tony pashos,tony pashos|OT,Head4d,Head2d,light
tony scheffler,tony scheffler|TE,Head4c,Head2c,light
tramon williams,tramon williams|CB,Head2c,Head5c,dark
trent edwards,trent edwards|QB,Head4c,Head2c,light
tyler brayton,tyler brayton|DE,Head4d,Head3d,light
tyler brayton,tyler brayton|OLB,Head4b,Head2b,light
tyler palko,tyler palko|QB,Head4a,Head3a,light
tyler thigpen,tyler thigpen|QB,Head4a,Head1a,light
tyson clabo,tyson clabo|OG,Head4b,Head3b,light
wayne chrebet,wayne chrebet|WR,Head5c,Head2c,light
wesly mallard,wesly mallard|OLB,Head2a,Head5a,dark
will herring,will herring|OLB,Head4a,Head2a,light
will overstreet,will overstreet|DE,Head4c,Head1c,light
will svitek,will svitek|OT,Head4d,Head1d,light
william gay,william gay|CB,Head2c,Head5c,dark
william hayes,william hayes|DE,Head2d,Head4d,dark
zach miller,zach miller|TE,Head4c,Head1c,light
zach strief,zach strief|OT,Head4d,Head3d,light
alan ball,alan ball|S,Head2a,Head5a,dark
anthony waters,anthony waters|OLB,Head3a,Head5a,dark
branden albert,branden albert|OT,Head3d,Head4d,dark
chad nkang,chad nkang|OLB,Head3a,Head5a,dark
chris canty,chris canty|DT,Head3b,Head5b,dark
chris gocong,chris gocong|MLB,Head3b,Head4b,dark
curtis lofton,curtis lofton|MLB,Head3a,Head4a,dark
danthony batiste,danthony batiste|OT,Head3b,Head5b,dark
dennis haley,dennis haley|OLB,Head3a,Head5a,dark
derreck robinson,derreck robinson|DT,Head3b,Head4b,dark
derrick martin,derrick martin|S,Head3a,Head5a,dark
dhani jones,dhani jones|MLB,Head3c,Head4c,dark
donte nicholson,donte nicholson|CB,Head3a,Head4a,dark
george wilson,george wilson|WR,Head3c,Head5c,dark
guy whimper,guy whimper|DE,Head3d,Head5d,dark
isaiah ekejiuba,isaiah ekejiuba|MLB,Head3a,Head5a,dark
james davis,james davis|RB,Head3a,Head4a,dark
jason taylor,jason taylor|OLB,Head2d,Head4d,dark
jason trusnik,jason trusnik|DE,Head4a,Head1a,light
jason trusnik,jason trusnik|OLB,Head4a,Head3a,light
matt giordano,matt giordano|CB,Head4a,Head1a,light
matt roth,matt roth|OLB,Head4b,Head2b,light
mike leach,mike leach|C,Head4c,Head2c,light
rob ninkovich,rob ninkovich|OLB,Head4a,Head3a,light
shawn andrews,shawn andrews|OT,Head2b,Head4b,dark
spencer havner,spencer havner|TE,Head4a,Head2a,light
steve vallos,steve vallos|OG,Head4d,Head1d,light
tyson clabo,tyson clabo|OT,Head4d,Head2d,light
zach strief,zach strief|OG,Head4d,Head3d,light
Aaron Beasley,aaron beasley|CB,Head1c,Head5c,dark
Adam Gettis,adam gettis|OG,Head2b,Head5b,dark
Adrian Clayborn,adrian clayborn|DE,Head2b,Head4b,dark
Ahtyba Rubin,ahtyba rubin|DT,Head2d,Head5d,dark
Akeem Ayers,akeem ayers|OLB,Head2a,Head4a,dark
Akeem Dent,akeem dent|MLB,Head2a,Head5a,dark
Albert McClellan,albert mcclellan|MLB,Head2a,Head5a,dark
Alfred Morris,alfred morris|RB,Head2a,Head5a,dark
Allen Bailey,allen bailey|DE,Head2b,Head5b,dark
Alshermond Singleton,alshermond singleton|OLB,Head1a,Head4a,dark
Andre Holmes,andre holmes|WR,Head2a,Head5a,dark
Andre Smith,andre smith|OLB,Head2b,Head5b,dark
Andrew Hawkins,andrew hawkins|WR,Head3c,Head4c,dark
Andrew Quarless,andrew quarless|TE,Head3a,Head5a,dark
Andy Jones,andy jones|WR,Head2a,Head5a,dark
Andy Mulumba,andy mulumba|OLB,Head3b,Head5b,dark
Antonio Allen,antonio allen|S,Head3a,Head5a,dark
Austin Howard,austin howard|OT,Head2d,Head5d,dark
Barry Church,barry church|S,Head2a,Head5a,dark
Ben Ijalana,ben ijalana|OT,Head2b,Head4b,dark
Benny Cunningham,benny cunningham|RB,Head2a,Head4a,dark
Bilal Powell,bilal powell|RB,Head2a,Head4a,dark
Bill Bentley,bill bentley|CB,Head3a,Head5a,dark
Bobby Rainey,bobby rainey|RB,Head3c,Head5c,dark
Brandian Ross,brandian ross|S,Head3a,Head5a,dark
Brandon Bennett,brandon bennett|RB,Head1c,Head5c,dark
Brandon Browner,brandon browner|CB,Head3a,Head5a,dark
Brandon Carr,brandon carr|CB,Head2c,Head5c,dark
Brandon Harris,brandon harris|CB,Head3a,Head4a,dark
Brandon King,brandon king|S,Head3a,Head4a,dark
Brandon McGee,brandon mcgee|CB,Head3a,Head4a,dark
Brandon Pettigrew,brandon pettigrew|TE,Head3b,Head5b,dark
Brandon Tate,brandon tate|WR,Head3c,Head4c,dark
Brandon Williams,brandon williams|DT,Head3c,Head4c,dark
Brandon Williams,brandon williams|CB,Head3a,Head4a,dark
Brandon Williams,brandon williams|TE,Head3a,Head5a,dark
Brandon Williams,brandon williams|DE,Head3a,Head5a,dark
Brian Allen,brian allen|C,Head5a,Head3a,light
Brian Hartline,brian hartline|WR,Head5a,Head3a,light
Brian Johnson,brian johnson|K,Head3b,Head4b,dark
Brice Butler,brice butler|WR,Head2a,Head5a,dark
Brice McCain,brice mccain|CB,Head3c,Head4c,dark
Brittan Golden,brittan golden|WR,Head2a,Head4a,dark
Bruce Carter,bruce carter|MLB,Head2a,Head5a,dark
Buster Skrine,buster skrine|CB,Head2c,Head5c,dark
Byron Maxwell,byron maxwell|CB,Head2a,Head5a,dark
Byron Stingily,byron stingily|OT,Head3b,Head4b,dark
C.J. Anderson,cj anderson|RB,Head2a,Head5a,dark
C.J. Spiller,cj spiller|RB,Head3c,Head5c,dark
Cam Johnson,cam johnson|DE,Head2b,Head5b,dark
Cam Newton,cam newton|QB,Head3c,Head4c,dark
Cameron Bradfield,cameron bradfield|OT,Head3b,Head4b,dark
Cameron Fleming,cameron fleming|OT,Head2b,Head4b,dark
Cary Williams,cary williams|CB,Head3a,Head5a,dark
Cassius Vaughn,cassius vaughn|CB,Head3a,Head5a,dark
Cecil Shorts,cecil shorts|WR,Head3a,Head4a,dark
Cedric Thornton,cedric thornton|DT,Head3b,Head5b,dark
Chad Slade,chad slade|OG,Head2b,Head4b,dark
Charles Clay,charles clay|TE,Head2a,Head5a,dark
Chaz Green,chaz green|OT,Head2b,Head5b,dark
Chimdi Chekwa,chimdi chekwa|CB,Head3a,Head4a,dark
Chris Barker,chris barker|OG,Head3b,Head5b,dark
Chris Carter,chris carter|OLB,Head3a,Head4a,dark
Chris Clark,chris clark|OT,Head3d,Head5d,dark
Chris Givens,chris givens|WR,Head3a,Head5a,dark
Chris Hairston,chris hairston|OT,Head3b,Head5b,dark
Chris Ivory,chris ivory|RB,Head2a,Head5a,dark
Chris Owens,chris owens|CB,Head3a,Head5a,dark
Chris Owusu,chris owusu|WR,Head3a,Head5a,dark
Christine Michael,christine michael|RB,Head2a,Head4a,dark
Chuck Wiley,chuck wiley|DE,Head1b,Head5b,dark
Chykie Brown,chykie brown|CB,Head3a,Head4a,dark
Clay Harbor,clay harbor|TE,Head3a,Head4a,dark
Colin Kaepernick,colin kaepernick|QB,Head2a,Head4a,dark
Corey Liuget,corey liuget|DT,Head2b,Head5b,dark
Corey Liuget,corey liuget|DE,Head2b,Head5b,dark
Corey White,corey white|CB,Head3a,Head5a,dark
Cortez Allen,cortez allen|CB,Head3a,Head5a,dark
Coty Sensabaugh,coty sensabaugh|CB,Head2a,Head5a,dark
Courtney Upshaw,courtney upshaw|DT,Head3b,Head5b,dark
Cyrus Gray,cyrus gray|RB,Head3a,Head4a,dark
D.J. Hayden,dj hayden|CB,Head2c,Head5c,dark
Da'Norris Searcy,danorris searcy|S,Head2a,Head5a,dark
Damaris Johnson,damaris johnson|WR,Head3a,Head5a,dark
Dannell Ellerbe,dannell ellerbe|MLB,Head3a,Head5a,dark
Dannell Ellerbe,dannell ellerbe|OLB,Head3c,Head4c,dark
Danny Lansanah,danny lansanah|OLB,Head3a,Head5a,dark
Danny McCray,danny mccray|S,Head3a,Head5a,dark
Darius Butler,darius butler|CB,Head3c,Head5c,dark
Darrel Young,darrel young|RB,Head3c,Head5c,dark
Darrin Walls,darrin walls|CB,Head3a,Head5a,dark
Daryl Richardson,daryl richardson|RB,Head3a,Head4a,dark
David Bruton,david bruton|S,Head3a,Head4a,dark
David Hawthorne,david hawthorne|MLB,Head3a,Head5a,dark
David King,david king|DE,Head2a,Head5a,dark
Davon House,davon house|CB,Head2a,Head4a,dark
DeMarcus Van Dyke,demarcus van dyke|CB,Head3a,Head5a,dark
DeShawn Shead,deshawn shead|CB,Head2a,Head5a,dark
DeVier Posey,devier posey|WR,Head2a,Head4a,dark
Dee Milliner,dee milliner|CB,Head3a,Head5a,dark
Demarcus Dobbs,demarcus dobbs|DE,Head3b,Head5b,dark
Denarius Moore,denarius moore|WR,Head3a,Head5a,dark
Dennis Gardeck,dennis gardeck|OLB,Head1d,Head4d,dark
Deonte Thompson,deonte thompson|WR,Head2a,Head5a,dark
Derek Newton,derek newton|OT,Head3b,Head4b,dark
Derrick Coleman,derrick coleman|RB,Head2a,Head4a,dark
Derrick Jones,derrick jones|CB,Head3a,Head4a,dark
Derrick Morgan,derrick morgan|OLB,Head2b,Head4b,dark
Derrick Shelby,derrick shelby|DE,Head2b,Head5b,dark
Desmond Bryant,desmond bryant|DE,Head3b,Head4b,dark
Desmond Bryant,desmond bryant|DT,Head3d,Head5d,dark
Deveron Carr,deveron carr|CB,Head3a,Head4a,dark
Dezman Moses,dezman moses|OLB,Head3a,Head5a,dark
Dion Lewis,dion lewis|RB,Head2a,Head5a,dark
Dominique Jones,dominique jones|TE,Head3b,Head5b,dark
Donald Stephenson,donald stephenson|OT,Head3b,Head4b,dark
Doug Baldwin,doug baldwin|WR,Head2a,Head5a,dark
Dwayne Harris,dwayne harris|WR,Head2c,Head4c,dark
Dwight Lowery,dwight lowery|S,Head3a,Head5a,dark
Ed Jasper,ed jasper|DT,Head2d,Head4d,dark
Eddie Pleasant,eddie pleasant|S,Head3a,Head5a,dark
Efe Obada,efe obada|DE,Head4b,Head2b,light
Elijah Qualls,elijah qualls|DT,Head2b,Head5b,dark
Emmitt Smith,emmitt smith|RB,Head3c,Head5c,dark
Eric Weems,eric weems|WR,Head3c,Head4c,dark
Erik Walden,erik walden|OLB,Head3c,Head5c,dark
Erin Henderson,erin henderson|MLB,Head3a,Head5a,dark
Frankie Luvu,frankie luvu|OLB,Head4a,Head3a,light
Freddie Jones,freddie jones|TE,Head1d,Head5d,dark
Garry Williams,garry williams|OT,Head3b,Head4b,dark
George Iloka,george iloka|S,Head2a,Head4a,dark
Glover Quin,glover quin|S,Head2c,Head5c,dark
Golden Tate,golden tate|WR,Head2a,Head5a,dark
Greg Comella,greg comella|RB,Head1a,Head5a,dark
Greg Little,greg little|WR,Head2a,Head4a,dark
Greg Salas,greg salas|WR,Head3a,Head4a,dark
Ian Williams,ian williams|DT,Head3b,Head4b,dark
Isaiah Frey,isaiah frey|CB,Head3a,Head5a,dark
Ishmaa'ily Kitchen,ishmaaily kitchen|DT,Head3b,Head5b,dark
J'Marcus Webb,jmarcus webb|OT,Head2b,Head4b,dark
Jabaal Sheard,jabaal sheard|OLB,Head2b,Head5b,dark
Jabaal Sheard,jabaal sheard|DE,Head2d,Head5d,dark
Jack Crawford,jack crawford|DE,Head2b,Head5b,dark
Jacquizz Rodgers,jacquizz rodgers|RB,Head2a,Head4a,dark
Jake Kumerow,jake kumerow|WR,Head1a,Head5a,dark
Jalil Brown,jalil brown|CB,Head3a,Head5a,dark
Jamari Lattimore,jamari lattimore|MLB,Head3a,Head4a,dark
James Hanna,james hanna|TE,Head3b,Head4b,dark
James Ihedigbo,james ihedigbo|S,Head3c,Head4c,dark
James Laurinaitis,james laurinaitis|MLB,Head4a,Head2a,light
James Thrash,james thrash|WR,Head4c,Head2c,light
Jared Cook,jared cook|TE,Head2c,Head4c,dark
Jared Crick,jared crick|DE,Head4b,Head1b,light
Jarvis Jenkins,jarvis jenkins|DE,Head2b,Head5b,dark
Jason Fox,jason fox|OT,Head4b,Head3b,light
Jason McCourty,jason mccourty|CB,Head2c,Head4c,dark
Jay Williams,jay williams|DE,Head1d,Head5d,dark
Je'Rod Cherry,jerod cherry|S,Head1c,Head5c,dark
Jeff Robinson,jeff robinson|TE,Head4d,Head3d,light
Jeremy Kerley,jeremy kerley|WR,Head2a,Head5a,dark
Jermaine Kearse,jermaine kearse|WR,Head2a,Head5a,dark
Jermey Parnell,jermey parnell|OT,Head2d,Head4d,dark
Jermon Bushrod,jermon bushrod|OG,Head2d,Head4d,dark
Jim Dray,jim dray|TE,Head4c,Head1c,light
Jimmy Smith,jimmy smith|CB,Head2c,Head4c,dark
Joe Hawley,joe hawley|C,Head4b,Head1b,light
Joe Looney,joe looney|C,Head2b,Head5b,dark
Joe Tafoya,joe tafoya|DE,Head4b,Head1b,light
Joe Thomas,joe thomas|MLB,Head2b,Head4b,dark
John Phillips,john phillips|TE,Head4c,Head1c,light
Johnathan Cyprien,johnathan cyprien|S,Head2a,Head5a,dark
Johnson Bademosi,johnson bademosi|CB,Head2a,Head4a,dark
Jon Condo,jon condo|C,Head4c,Head1c,light
Jonathan Cooper,jonathan cooper|OG,Head2b,Head5b,dark
Jordan Cameron,jordan cameron|TE,Head4a,Head1a,light
Jordan Kovacs,jordan kovacs|S,Head4a,Head1a,light
Jordan Poyer,jordan poyer|S,Head2c,Head5c,dark
Jose Cortez,jose cortez|K,Head4c,Head1c,light
Josh Bellamy,josh bellamy|WR,Head2a,Head5a,dark
Josh Bynes,josh bynes|MLB,Head2c,Head5c,dark
Josh Bynes,josh bynes|OLB,Head2a,Head5a,dark
Justin Drescher,justin drescher|C,Head4a,Head1a,light
K.J. Wright,kj wright|OLB,Head2c,Head5c,dark
Karl Williams,karl williams|WR,Head1c,Head5c,dark
Keith Tandy,keith tandy|S,Head2a,Head5a,dark
Kendall Wright,kendall wright|WR,Head2a,Head4a,dark
Kenny Britt,kenny britt|WR,Head2a,Head5a,dark
Kenny Stills,kenny stills|WR,Head2a,Head4a,dark
Kenny Vaccaro,kenny vaccaro|S,Head2a,Head4a,dark
Kevin Mawae,kevin mawae|C,Head4d,Head1d,light
Khaled Holmes,khaled holmes|C,Head4b,Head3b,light
Kraig Urbik,kraig urbik|OG,Head4d,Head2d,light
Kurt Coleman,kurt coleman|S,Head2a,Head5a,dark
Kyle Williams,kyle williams|WR,Head2b,Head5b,dark
L.J. Fort,lj fort|MLB,Head2a,Head4a,dark
LaAdrian Waddle,laadrian waddle|OT,Head2b,Head5b,dark
Lance Kendricks,lance kendricks|TE,Head2a,Head4a,dark
Larry Smith,larry smith|DT,Head1d,Head5d,dark
Lawrence Guy,lawrence guy|DE,Head2d,Head5d,dark
Leon McFadden,leon mcfadden|CB,Head2a,Head4a,dark
Lionel Barnes,lionel barnes|DE,Head1b,Head5b,dark
Malcolm Smith,malcolm smith|OLB,Head2a,Head5a,dark
Marc Mariani,marc mariani|WR,Head4a,Head2a,light
Marcell Dareus,marcell dareus|DT,Head2b,Head4b,dark
Marcus Cannon,marcus cannon|OT,Head2d,Head5d,dark
Marcus Gilbert,marcus gilbert|OT,Head2b,Head5b,dark
Marcus Gilchrist,marcus gilchrist|S,Head2a,Head5a,dark
Marcus Sherels,marcus sherels|CB,Head2c,Head5c,dark
Mario Addison,mario addison|DE,Head2d,Head4d,dark
Mark Nzeocha,mark nzeocha|MLB,Head2a,Head5a,dark
Mark Sanchez,mark sanchez|QB,Head4c,Head2c,light
Markus Kuhn,markus kuhn|DT,Head4b,Head3b,light
Marlon Brown,marlon brown|WR,Head2a,Head4a,dark
Martin Gramatica,martin gramatica|K,Head4c,Head3c,light
Mason Foster,mason foster|MLB,Head2a,Head4a,dark
Matt Simms,matt simms|QB,Head4a,Head1a,light
Matthew Mulligan,matthew mulligan|TE,Head4b,Head2b,light
Matthias Farley,matthias farley|S,Head2a,Head5a,dark
Micah Hyde,micah hyde|S,Head2c,Head4c,dark
Michael Campanaro,michael campanaro|WR,Head2a,Head5a,dark
Michael Crabtree,michael crabtree|WR,Head2c,Head4c,dark
Mike Cloud,mike cloud|RB,Head5a,Head2a,light
Mike Martin,mike martin|DT,Head4b,Head3b,light
Mike Pouncey,mike pouncey|C,Head2b,Head4b,dark
Monty Montgomery,monty montgomery|CB,Head1c,Head5c,dark
Mychal Kendricks,mychal kendricks|OLB,Head2a,Head5a,dark
Nate Palmer,nate palmer|MLB,Head2a,Head5a,dark
Nathan Stupar,nathan stupar|OLB,Head4a,Head1a,light
Nick Perry,nick perry|OLB,Head2b,Head4b,dark
Nick Williams,nick williams|WR,Head4a,Head3a,light
Nigel Bradham,nigel bradham|OLB,Head2a,Head5a,dark
Niles Paul,niles paul|TE,Head2a,Head4a,dark
Olin Kreutz,olin kreutz|C,Head4d,Head1d,light
Orlando Scandrick,orlando scandrick|CB,Head2c,Head4c,dark
Orson Charles,orson charles|TE,Head2a,Head5a,dark
Pat McAfee,pat mcafee|P,Head4a,Head3a,light
Patrick Chung,patrick chung|S,Head2c,Head4c,dark
Paul Kruger,paul kruger|DE,Head4b,Head1b,light
Phillip Dorsett,phillip dorsett|WR,Head2a,Head5a,dark
Phillip Gaines,phillip gaines|CB,Head2a,Head5a,dark
Phillip Lindsay,phillip lindsay|RB,Head3c,Head5c,dark
Pierre Desir,pierre desir|CB,Head2c,Head5c,dark
Pierre Garcon,pierre garcon|WR,Head2c,Head5c,dark
Poona Ford,poona ford|DT,Head4a,Head1a,light
Prince Amukamara,prince amukamara|CB,Head2a,Head4a,dark
Rafael Bush,rafael bush|S,Head2c,Head4c,dark
Ramon Foster,ramon foster|OG,Head2d,Head5d,dark
Ramon Humber,ramon humber|OLB,Head2c,Head4c,dark
Ramon Humber,ramon humber|MLB,Head2a,Head5a,dark
Randall Cobb,randall cobb|WR,Head2c,Head5c,dark
Randy Gregory,randy gregory|DE,Head2a,Head5a,dark
Rishard Matthews,rishard matthews|WR,Head2a,Head5a,dark
Rob Housler,rob housler|TE,Head4a,Head2a,light
Rob Konrad,rob konrad|RB,Head4a,Head3a,light
Robert Alford,robert alford|CB,Head2c,Head4c,dark
Robert Golden,robert golden|S,Head2a,Head5a,dark
Robert Hunt,robert hunt|OG,Head4b,Head3b,light
Robert Quinn,robert quinn|OLB,Head2d,Head4d,dark
Rod Streater,rod streater|WR,Head2a,Head5a,dark
Rodger Saffold,rodger saffold|OG,Head2d,Head5d,dark
Rogers Beckett,rogers beckett|S,Head1a,Head5a,dark
Ryan Mallett,ryan mallett|QB,Head4a,Head3a,light
Ryan Wendell,ryan wendell|C,Head4b,Head1b,light
Sam Acho,sam acho|OLB,Head2b,Head4b,dark
Scott Tolzien,scott tolzien|QB,Head4c,Head3c,light
Seth Williams,seth williams|WR,Head2a,Head5a,dark
Shareece Wright,shareece wright|CB,Head2c,Head4c,dark
Spencer Brown,spencer brown|RB,Head1b,Head5b,dark
Stevan Ridley,stevan ridley|RB,Head2a,Head5a,dark
Steve Martin,steve martin|DT,Head1d,Head4d,dark
T.J. Yates,tj yates|QB,Head4c,Head2c,light
T.Y. McGill,ty mcgill|DT,Head2b,Head4b,dark
Tai Streets,tai streets|WR,Head1a,Head5a,dark
Tank Carder,tank carder|MLB,Head4a,Head1a,light
Tanner Purdum,tanner purdum|C,Head4a,Head3a,light
Taylor Boggs,taylor boggs|C,Head4b,Head1b,light
Terrance Shaw,terrance shaw|CB,Head1c,Head5c,dark
Terrance Williams,terrance williams|WR,Head2a,Head5a,dark
Terrell McClain,terrell mcclain|DT,Head2b,Head5b,dark
Terrelle Pryor,terrelle pryor|WR,Head2a,Head4a,dark
Tim Barnes,tim barnes|C,Head4b,Head1b,light
Tim Masthay,tim masthay|P,Head4a,Head2a,light
Tom Johnson,tom johnson|DT,Head2d,Head4d,dark
Torrey Smith,torrey smith|WR,Head2a,Head4a,dark
Tramaine Brock,tramaine brock|CB,Head2a,Head5a,dark
Travaris Cadet,travaris cadet|RB,Head2a,Head4a,dark
Tyler Clutts,tyler clutts|RB,Head4b,Head1b,light
Tyrone Crawford,tyrone crawford|DE,Head2b,Head5b,dark
Vince Mayle,vince mayle|WR,Head2a,Head5a,dark
Virgil Green,virgil green|TE,Head2a,Head5a,dark
Wade Richey,wade richey|K,Head5a,Head3a,light
Wesley Woodyard,wesley woodyard|MLB,Head2c,Head4c,dark
Whitney Mercilus,whitney mercilus|OLB,Head2d,Head5d,dark
Willie Snead,willie snead|WR,Head2a,Head5a,dark
Zane Beadles,zane beadles|OG,Head4b,Head3b,light
aidan hutchinson,aidan hutchinson|DE,Head1a,Head5a,dark
albert mcclellan,albert mcclellan|OLB,Head2c,Head5c,dark
aldon smith,aldon smith|DE,Head2a,Head4a,dark
alec pierce,alec pierce|WR,Head1a,Head5a,dark
alex lewis,alex lewis|OG,Head5a,Head3a,light
andrew mcdonald,andrew mcdonald|OT,Head3b,Head5b,dark
andrew tiller,andrew tiller|OG,Head2b,Head4b,dark
antoine mcclain,antoine mcclain|OG,Head3b,Head5b,dark
bijan robinson,bijan robinson|RB,Head3a,Head5a,dark
brian jennings,brian jennings|TE,Head3c,Head5c,dark
bryan bresee,bryan bresee|DT,Head1a,Head5a,dark
cam jurgens,cam jurgens|OG,Head1c,Head5c,dark
cam skattebo,cam skattebo|RB,Head1a,Head4a,dark
chas alecxih,chas alecxih|DT,Head5b,Head1b,light
chigbo anunoby,chigbo anunoby|DT,Head3b,Head4b,dark
chris culliver,chris culliver|CB,Head3a,Head5a,dark
chris olave,chris olave|WR,Head3a,Head5a,dark
christian watson,christian watson|WR,Head3a,Head5a,dark
cody booth,cody booth|OT,Head5b,Head3b,light
cole strange,cole strange|OG,Head1c,Head4c,dark
cooper dejean,cooper dejean|CB,Head2b,Head5b,dark
dalton kincaid,dalton kincaid|TE,Head1a,Head5a,dark
darius fleming,darius fleming|OLB,Head3a,Head5a,dark
derek stingley,derek stingley|CB,Head3a,Head5a,dark
devin street,devin street|WR,Head3a,Head4a,dark
dillon gabriel,dillon gabriel|QB,Head3b,Head5b,dark
drake london,drake london|WR,Head3b,Head5b,dark
eric johnson,eric johnson|DT,Head1a,Head5a,dark
eric smith,eric smith|OT,Head3a,Head5a,dark
garrett wilson,garrett wilson|WR,Head3b,Head4b,dark
george karlaftis,george karlaftis|DE,Head2b,Head4b,dark
greg lloyd,greg lloyd|OLB,Head3a,Head5a,dark
irv smith,irv smith|TE,Head2a,Head5a,dark
isaiah williams,isaiah williams|WR,Head3a,Head5a,dark
jack campbell,jack campbell|MLB,Head2a,Head5a,dark
jason taylor,jason taylor|S,Head2b,Head5b,dark
jeremiah poutasi,jeremiah poutasi|OG,Head2b,Head4b,dark
johnny manziel,johnny manziel|QB,Head4a,Head3a,light
josh lenz,josh lenz|WR,Head4a,Head1a,light
kellen moore,kellen moore|QB,Head4a,Head3a,light
kenny pickett,kenny pickett|QB,Head1a,Head4a,dark
kyle hamilton,kyle hamilton|S,Head3a,Head5a,dark
kyle mccord,kyle mccord|QB,Head2a,Head5a,dark
ladd mcconkey,ladd mcconkey|WR,Head1a,Head4a,dark
lamar jackson,lamar jackson|CB,Head2a,Head5a,dark
lukas van ness,lukas van ness|DE,Head2a,Head5a,dark
luke mccaffrey,luke mccaffrey|WR,Head2a,Head4a,dark
luke musgrave,luke musgrave|TE,Head1b,Head4b,dark
michael mayer,michael mayer|TE,Head2a,Head5a,dark
nick martin,nick martin|OLB,Head1b,Head4b,dark
payton wilson,payton wilson|MLB,Head2b,Head5b,dark
quinn ewers,quinn ewers|QB,Head2c,Head5c,dark
reid fragel,reid fragel|OT,Head4b,Head3b,light
ricky pearsall,ricky pearsall|WR,Head2b,Head4b,dark
riley leonard,riley leonard|QB,Head1b,Head4b,dark
ryan seymour,ryan seymour|OG,Head4b,Head1b,light
sam laporta,sam laporta|TE,Head2a,Head5a,dark
sammy seamster,sammy seamster|CB,Head2a,Head5a,dark
spencer rattler,spencer rattler|QB,Head3b,Head4b,dark
stetson bennett,stetson bennett|QB,Head2a,Head5a,dark
tory taylor,tory taylor|P,Head2b,Head4b,dark
trevor penning,trevor penning|OT,Head1a,Head5a,dark
trevor robinson,trevor robinson|C,Head4b,Head1b,light
trey mcbride,trey mcbride|TE,Head2a,Head4a,dark
will howard,will howard|QB,Head2a,Head4a,dark
will levis,will levis|QB,Head2a,Head4a,dark
tony gonzalez,tony gonzalez|TE,Head4c,Head3b,restored: in-game edit
ray lewis,ray lewis|MLB,Head5c,Head5b,restored: in-game edit
terrell owens,terrell owens|WR,Head5c,Head5c,restored: in-game edit
randy moss,randy moss|WR,Head5c,Head5a,restored: in-game edit
orlando pace,orlando pace|OT,Head4d,Head5b,restored: in-game edit
walter jones,walter jones|OT,Head4d,Head5d,restored: in-game edit
