CFDA,CFFA,CLNA,CRSA,CDTA,COTA,CRDB,CRLB,CRQB,CRRB,CSPC,CCTC,CFUC,CCID,CDID,TGID,CHID,CPID,CHSD,CAGE,CDEF,COFF,CPSF,CLTF,CFSH,CETH,CSKI,CCTI,CCWI,CSAL,CSBL,CRDL,CFHL,CROL,CCPL,CWPL,CCHM,CCPM,CCLN,CFCO,CCLO,CFDP,CFRP,CSXP,CHAR,CFFR,CFRR,CDTR,CLTR,COTR,CRWR,CRKS,COPS,CRPS,CCWS,CRBT,CHGT,CMOT,CSBW,CKNW,CCPW,CFEX,CDTY,CHTY,COTY,CBSZ,CThg,CTgw
1,1,D.Jauron,83,50,52,85,73,65,60,1,1,0,0,2,3,105,2,31,54,88,70,0,1023,17,79,0,0,43,250,0,72,1,68,2,0,63,1,1,0,59,1,1,1,2,1,1,51,1023,48,55,38,0,40,1,90,72,73,0,87,0,1,95,1,0,0,0,0
1,1,D.LeBeau,90,42,51,84,95,45,55,1,0,0,1,28,29,0,28,31,70,95,44,1,1023,5,86,0,0,12,120,0,83,1,48,0,0,45,0,2,0,33,1,1,2,0,1,1,47,1023,44,50,35,2,39,0,90,74,80,0,93,0,1,95,0,0,4,0,0
1,1,G.Williams,85,52,51,85,90,65,60,1,0,0,2,25,1023,1,25,31,49,94,55,2,1023,5,90,0,0,11,100,0,78,0,60,0,0,72,0,0,0,21,1,1,3,0,1,1,51,1023,52,62,45,0,42,0,90,74,76,0,90,0,1,95,0,0,4,0,0
1,1,M.Shanahan,62,53,52,65,60,92,88,0,3,0,3,3,4,2,3,31,55,70,85,3,1023,33,95,0,0,130,410,0,55,0,70,5,0,77,7,3,0,79,1,1,4,0,1,1,51,1023,52,87,40,0,35,9,60,72,79,2,90,8,1,95,0,0,8,0,0
1,1,T.Dungy,95,49,51,90,88,54,60,1,1,0,5,9,10,102,9,31,51,95,60,5,1023,14,92,1,0,114,500,0,95,1,75,8,0,96,9,3,0,62,1,1,6,0,1,1,52,1023,57,63,43,0,48,9,90,73,87,1,93,9,1,95,1,0,16,2,0
1,1,A.Reid,90,58,48,92,84,80,76,0,2,0,12,12,13,106,12,1,49,78,83,8,1023,31,95,0,0,88,400,1,77,1,75,6,0,90,6,4,0,54,1,1,9,2,1,1,48,1023,54,77,37,0,39,6,90,76,90,0,92,8,1,95,1,0,24,2,0
1,1,J.Fassel,68,52,51,70,72,84,75,0,1,0,15,24,1023,3,24,31,57,70,84,9,1023,5,75,0,1,56,75,1,71,0,75,2,0,65,2,0,0,44,1,1,10,2,1,1,49,1023,48,73,41,1,43,2,90,73,70,0,83,2,1,95,0,0,4,0,0
1,1,T.Coughlin,67,50,46,61,65,75,71,0,0,0,16,15,16,110,15,31,60,63,75,10,1023,28,80,0,0,93,300,0,75,0,70,6,0,51,6,2,0,83,1,1,11,5,1,1,49,1023,48,75,38,0,35,5,90,72,90,0,80,4,1,95,1,0,28,0,0
1,1,H.Edwards,83,51,52,88,71,72,83,1,2,0,17,8,9,103,8,5,53,76,70,11,1023,35,92,1,0,48,500,0,70,1,71,3,0,88,3,4,0,48,1,1,12,0,1,1,53,1023,54,77,40,0,41,3,70,73,96,0,88,2,1,95,1,0,32,3,0
1,1,M.Mornhinweg,48,51,51,50,53,75,68,0,1,0,18,12,13,4,12,31,45,70,75,12,1023,2,70,0,0,5,65,0,55,0,85,0,0,60,0,2,0,27,1,1,13,2,1,1,52,1023,55,69,38,1,35,0,90,71,65,0,75,0,1,95,0,0,36,0,0
1,1,M.Sherman,65,48,52,68,72,74,73,0,0,0,19,31,32,5,31,31,52,60,81,13,1023,5,81,0,0,55,75,0,72,0,75,4,0,70,4,3,0,30,1,1,14,2,1,1,49,1023,51,71,45,1,42,5,90,74,75,0,75,2,1,95,0,0,4,0,1
1,1,B.Belichick,88,54,51,88,96,80,70,1,1,0,21,21,22,6,21,31,55,99,75,14,1023,2,98,2,0,0,450,0,90,0,50,0,0,74,0,3,0,0,1,1,15,0,1,1,52,1023,56,60,45,0,44,0,90,72,95,0,99,0,1,5,0,0,36,0,0
1,1,J.Gruden,72,51,54,70,68,82,85,0,1,0,22,5,6,109,5,31,44,65,80,16,1023,19,98,0,0,77,425,0,70,1,78,3,0,88,4,2,0,67,1,1,16,4,1,1,54,1023,56,80,45,0,38,4,76,71,90,1,95,5,1,95,1,0,44,0,0
1,1,M.Martz,59,52,63,55,58,95,92,0,1,0,23,18,19,7,18,31,56,50,96,17,1023,1,70,0,0,54,175,1,55,0,78,4,0,65,4,3,0,33,1,1,17,2,1,1,54,1023,58,94,38,1,35,3,90,74,65,0,92,3,1,95,0,0,48,0,1
1,1,B.Billick,55,48,52,65,75,80,74,1,1,0,24,24,25,8,24,2,53,71,81,18,1023,7,82,0,0,75,300,0,72,0,70,3,0,83,4,1,0,53,1,1,18,0,1,1,51,1023,47,83,39,0,40,5,76,72,90,1,85,5,1,95,0,0,52,0,0
1,1,M.Schottenheimer,64,52,48,68,65,75,81,0,0,0,25,7,1023,107,7,9,63,83,50,19,1023,32,85,0,1,200,425,0,68,1,72,13,0,61,13,0,0,126,1,1,19,0,1,1,49,1023,47,69,38,0,35,15,90,77,90,0,85,5,1,5,1,0,56,6,1
1,1,J.Haslett,76,50,50,77,75,64,63,1,2,0,26,23,24,9,23,7,51,76,65,20,1023,1,80,0,0,42,75,0,72,0,65,1,0,59,1,3,0,38,1,1,20,2,1,1,49,1023,52,62,38,2,35,2,90,73,85,0,68,1,1,95,0,0,60,0,0
1,1,M.Holmgren,50,47,50,55,63,92,85,0,1,0,27,27,28,10,27,31,59,45,85,21,1023,21,70,0,0,147,765,2,68,0,88,10,0,83,11,2,0,93,1,1,21,4,1,1,54,1023,53,88,37,0,41,13,90,75,85,1,95,12,1,95,0,0,64,0,1
1,1,J.Fisher,65,48,50,73,75,75,70,0,2,0,29,29,30,11,29,6,49,65,70,22,1023,16,88,0,0,105,500,1,75,0,77,4,0,90,4,1,0,93,1,1,23,2,1,1,47,1023,48,65,48,0,50,4,70,73,83,0,85,5,1,95,0,0,68,0,0
1,1,D.Green,63,49,51,61,65,90,86,0,0,0,30,6,1023,12,6,31,57,70,85,23,1023,22,85,2,0,113,275,0,70,0,77,8,0,90,8,0,0,94,1,1,24,0,1,1,49,1023,51,85,41,0,42,8,90,72,82,0,85,4,1,95,0,0,72,0,0
1,1,D.Capers,83,50,50,82,77,70,62,1,1,0,31,11,12,100,11,16,57,80,65,24,1023,1,75,0,0,47,75,0,78,1,51,1,0,70,1,2,0,67,1,1,25,5,1,1,51,1023,52,65,35,2,40,1,90,70,70,0,74,1,1,5,1,0,76,0,0
1,1,D.Anderson,81,50,47,85,72,35,36,0,0,0,37,0,1023,13,32,31,45,78,35,29,1023,5,70,2,0,0,75,0,70,0,42,0,0,65,0,0,0,0,1,1,15,1,1,1,55,1023,51,38,37,0,39,0,62,72,71,0,52,0,1,95,0,1,4,0,1
1,1,L.Barton,70,50,47,65,75,38,43,0,0,0,40,0,1023,14,32,31,45,80,37,27,1023,2,72,0,0,0,75,0,74,0,42,0,0,67,0,0,0,0,1,1,15,2,1,1,55,1023,51,42,35,0,41,0,90,67,70,0,58,0,1,95,0,1,36,0,1
1,1,J.Trenton,65,50,47,68,72,74,73,0,0,0,45,0,1023,15,32,31,45,60,81,29,1023,2,81,2,0,0,75,0,72,0,75,0,0,70,0,0,0,0,1,1,15,2,1,1,55,1023,51,71,45,0,42,0,90,72,75,0,75,0,1,95,0,1,36,0,0
1,1,P.Henderson,11,50,47,11,11,11,11,0,0,0,47,1,1023,14,32,31,45,1,1,14,1023,2,1,0,0,0,75,0,11,0,11,0,0,1,0,0,0,0,1,1,15,2,1,1,55,1023,51,11,11,0,11,0,90,71,1,0,1,0,1,5,0,1,36,0,0
1,1,J.Fox,86,53,48,88,92,58,63,1,1,0,50,20,21,16,20,31,52,93,75,33,1023,18,96,0,0,44,475,1,90,0,53,2,0,90,2,4,0,36,1,1,26,5,1,1,49,1023,47,65,40,0,40,2,50,74,91,0,89,5,1,95,0,0,80,0,0
1,1,M.Tice,58,46,51,45,55,62,69,0,0,0,53,30,1023,17,30,31,47,43,78,35,1023,2,76,0,0,23,75,0,58,0,77,1,0,61,1,0,0,26,1,1,28,0,1,1,55,1023,53,80,38,0,40,1,86,76,81,0,60,1,1,95,0,0,36,0,0
1,1,M.Sweatman,36,49,53,38,35,35,40,1,0,0,56,15,1023,6,15,31,60,35,36,28,1023,5,58,0,0,0,16,0,42,0,36,0,0,40,0,0,0,0,1,1,29,5,1,1,51,1023,52,41,81,3,80,0,90,72,55,0,41,0,1,95,0,0,4,0,1
1,1,B.Bratkowski,35,50,51,37,40,88,85,0,1,0,57,1,2,6,1,31,51,39,90,31,1023,5,74,0,0,0,71,0,45,0,65,0,0,63,0,1,0,0,1,1,30,5,1,1,49,1023,47,85,42,1,41,0,90,72,67,0,78,0,1,95,0,0,4,0,1
1,1,M.Duffner,74,50,54,72,83,40,37,1,0,0,58,1,1023,14,1,31,53,72,45,14,1023,5,72,0,0,0,75,0,70,0,45,0,0,59,0,0,0,0,1,1,31,2,1,1,45,1023,52,35,35,2,39,0,90,72,61,0,69,0,1,95,0,0,4,0,0
1,1,A.Roberts,38,50,53,35,42,36,39,0,0,0,59,1,1023,18,1,31,40,36,66,32,1023,5,62,2,0,0,75,0,40,0,65,0,0,39,0,0,0,0,1,1,32,0,1,1,49,1023,51,71,74,0,75,0,90,72,61,0,45,0,1,95,0,0,4,0,0
1,1,K.Gilbride,41,50,53,40,35,85,60,0,0,0,60,15,16,6,15,31,55,43,86,31,1023,2,68,0,0,0,75,0,36,0,52,0,0,61,0,3,0,0,1,1,33,5,1,1,52,1023,46,75,38,1,35,0,90,72,68,0,82,0,1,95,0,0,36,0,0
1,1,J.Gray,90,50,52,96,75,35,40,1,0,0,61,2,1023,18,2,31,44,91,36,32,1023,5,86,2,0,0,75,0,71,0,36,0,0,80,0,0,0,0,1,1,34,0,1,1,51,1023,49,41,45,2,42,0,90,72,81,0,86,0,1,95,0,0,4,0,0
1,1,D.Smith,35,50,52,37,40,38,43,1,0,0,62,25,26,6,25,31,54,38,42,25,1023,2,62,0,0,0,18,0,35,0,42,0,0,43,0,2,0,0,1,1,35,5,1,1,47,1023,49,36,70,3,68,0,90,72,63,0,36,0,1,95,0,0,36,0,0
1,1,G.Kubiak,40,46,52,39,36,79,75,0,0,0,63,33,32,19,31,31,46,43,88,36,1023,10,66,0,0,6,200,0,41,0,70,0,0,68,0,5,0,10,1,1,36,2,1,1,49,1023,47,72,45,0,42,0,90,72,67,0,86,0,1,5,0,0,88,0,0
1,1,F.Bush,72,51,50,70,83,45,43,1,0,0,65,3,1023,18,3,31,43,82,45,29,1023,2,72,2,0,0,75,0,36,0,36,0,0,77,0,0,0,0,1,1,38,0,1,1,48,1023,53,41,41,2,42,0,90,72,76,0,73,0,1,95,0,0,36,0,0
1,1,B.Arians,42,50,48,43,38,79,63,0,0,0,66,28,29,6,28,31,54,38,74,31,1023,2,73,0,0,0,70,0,42,0,62,0,0,61,0,3,0,0,1,1,39,5,1,1,42,1023,54,61,35,1,40,0,90,72,65,0,65,0,1,95,0,0,36,0,0
1,1,J.Rosburg,74,50,49,73,72,45,38,1,0,0,68,13,14,15,13,31,51,68,37,25,1023,2,58,0,0,0,20,0,38,0,48,0,0,38,0,3,0,0,1,1,41,2,1,1,47,1023,50,42,74,3,76,0,90,72,66,0,65,0,1,95,0,0,36,0,0
1,1,B.Muir,38,50,49,41,45,61,68,0,1,0,69,5,6,14,5,31,66,45,72,14,1023,5,70,0,0,0,66,0,43,0,88,0,0,59,0,1,0,0,1,1,42,2,1,1,51,1023,51,62,45,1,44,0,90,72,63,0,60,0,1,95,0,0,4,0,1
1,1,M.Kiffin,93,50,52,94,95,45,41,1,1,0,70,5,6,6,5,31,67,99,48,28,1023,5,90,0,0,0,170,0,95,0,43,0,0,80,0,1,0,0,1,1,43,5,1,1,51,1023,51,38,45,2,40,0,90,72,80,0,93,0,1,95,0,0,4,0,0
1,1,R.Bisaccia,36,50,49,43,38,36,45,1,1,0,71,5,6,14,5,31,47,42,40,31,1023,5,58,0,0,0,20,0,45,0,37,0,0,35,0,1,0,0,1,1,44,2,1,1,51,1023,51,36,78,3,75,0,90,72,64,0,38,0,1,95,0,0,4,0,0
1,1,L.Marmie,81,50,53,82,74,45,41,1,0,0,73,23,1023,6,23,31,64,78,35,30,1023,5,73,0,0,0,75,0,75,0,39,0,0,80,0,0,0,0,1,1,45,5,1,1,54,1023,51,35,41,2,40,0,90,72,60,0,76,0,1,95,0,0,4,0,1
1,1,C.Cameron,41,51,51,40,36,94,95,0,0,0,75,11,12,107,11,31,46,41,90,37,1023,5,85,0,0,0,300,0,38,0,85,0,0,86,0,4,0,0,1,1,47,0,1,1,49,1023,46,80,38,0,35,0,50,72,85,0,88,0,1,5,1,0,92,0,1
1,1,D.Lindsey,71,50,47,73,83,36,40,1,0,0,76,7,1023,14,7,31,63,74,36,31,1023,2,71,0,0,0,75,0,76,0,38,0,0,58,0,0,0,0,1,1,48,4,1,1,46,1023,48,41,38,2,35,0,90,72,61,0,75,0,1,95,0,0,36,0,0
1,1,S.Crosby,42,52,49,38,41,41,41,1,1,0,77,7,8,14,7,31,57,38,41,14,1023,2,55,0,0,0,20,0,39,0,40,0,0,36,0,1,0,0,1,1,49,2,1,1,51,1023,48,36,90,3,89,0,90,72,60,0,70,0,1,5,0,0,36,0,0
1,1,A.Saunders,42,50,55,35,41,90,85,0,0,0,78,25,26,14,25,31,60,42,94,27,1023,2,77,0,0,0,75,0,45,0,80,0,0,80,0,1,0,0,1,1,50,2,1,1,55,1023,51,89,39,1,40,0,90,72,81,0,90,0,1,95,0,0,36,0,0
1,1,F.Gansz Jr.,38,49,51,35,42,45,42,1,1,0,80,24,25,14,24,31,45,35,42,14,1023,2,62,0,0,0,40,0,43,0,39,0,0,41,0,3,0,0,1,1,52,2,1,1,53,1023,52,38,91,3,92,0,90,72,54,0,36,0,1,95,0,0,36,0,0
1,1,T.Moore,65,51,51,38,42,98,95,0,1,0,81,9,10,6,9,31,68,36,98,28,1023,2,80,0,0,0,100,0,44,0,72,0,0,92,0,4,0,0,1,1,53,5,1,1,52,1023,56,97,38,1,35,0,90,72,85,0,99,0,1,95,0,0,36,0,0
1,1,R.Meeks,77,49,51,70,75,42,38,1,1,0,82,9,10,18,9,31,53,77,45,26,1023,2,73,2,0,0,75,0,80,0,44,0,0,72,0,2,0,0,1,1,54,0,1,1,52,1023,50,65,42,2,40,0,90,72,75,0,76,0,1,95,0,0,36,0,0
1,1,R.Purnell,35,50,49,37,40,36,36,1,1,0,83,9,10,6,9,31,59,37,40,31,1023,2,68,0,0,0,20,0,43,0,43,0,0,42,0,2,0,0,1,1,55,5,1,1,51,1023,52,45,90,3,87,0,90,72,55,0,38,0,1,95,0,0,36,0,0
1,1,J.Washburn,66,50,53,65,88,40,38,1,0,0,84,10,1023,6,10,31,56,76,36,30,1023,2,65,0,0,0,75,0,93,0,61,0,0,71,0,0,0,0,1,1,56,5,1,1,45,1023,56,39,38,2,35,0,90,72,70,0,75,0,1,95,0,0,36,0,0
1,1,M.Zimmer,72,51,51,73,75,42,35,1,0,0,85,13,14,14,13,31,51,77,41,25,1023,2,74,0,0,0,35,0,76,0,40,0,0,60,0,3,0,0,1,1,57,2,1,1,52,1023,47,38,39,2,38,0,90,72,67,0,73,0,1,95,0,0,36,0,0
1,1,N.Turner,35,49,52,37,40,93,75,0,4,0,87,7,8,10,7,31,55,40,89,21,1023,1,66,0,1,58,150,0,45,0,82,1,0,60,1,4,0,82,1,1,58,2,1,1,51,1023,53,86,37,0,41,4,90,72,67,0,88,1,1,5,0,0,96,0,0
1,1,J.Bates,85,50,49,91,85,40,37,1,0,0,88,19,1023,6,19,31,60,92,42,14,1023,5,90,0,0,0,75,0,84,0,45,0,0,79,0,0,0,0,1,1,59,5,1,1,51,1023,48,35,35,2,38,0,90,72,73,0,91,0,1,95,0,0,4,0,0
1,1,K.Armstrong,42,50,51,38,37,42,40,1,1,0,89,11,12,18,11,31,43,38,45,29,1023,2,63,2,0,0,16,0,35,0,38,0,0,37,0,2,0,0,1,1,60,0,1,1,51,1023,47,42,82,3,86,0,90,72,58,0,41,0,1,95,0,0,36,0,0
1,1,B.Childress,41,47,53,40,35,85,63,0,1,0,90,30,31,112,30,31,51,45,82,39,1023,25,83,0,0,6,220,0,36,1,67,0,0,76,0,5,0,10,1,1,61,2,1,1,48,1023,49,69,43,0,45,0,50,72,77,0,87,0,1,95,1,0,100,0,0
1,1,J.Johnson,98,46,51,94,84,35,40,1,2,0,91,12,13,6,12,31,66,91,40,14,1023,2,90,0,0,0,90,0,90,0,36,0,0,85,0,3,0,0,1,1,62,5,1,1,48,1023,52,41,37,2,39,0,90,72,90,0,93,0,1,95,0,0,36,0,0
1,1,J.Harbaugh,40,51,51,48,45,38,45,1,0,0,92,12,1023,14,12,31,44,45,36,25,1023,2,85,0,0,0,80,0,37,0,35,0,0,40,0,0,0,0,1,1,63,2,1,1,52,1023,52,40,93,3,95,0,90,72,70,0,70,0,1,95,0,0,36,0,0
1,1,W.Phillips,85,52,51,83,86,36,39,1,0,0,93,10,11,21,10,31,60,90,38,40,1023,2,77,0,0,48,300,0,82,0,41,3,0,55,3,4,0,39,1,1,64,1,1,1,51,1023,48,40,38,0,42,4,90,72,66,0,91,0,1,5,0,0,36,0,0
1,1,J.DeCamillis,38,52,51,41,43,35,41,1,0,0,95,16,17,14,16,31,42,41,37,25,1023,2,59,0,0,0,40,0,36,0,37,0,0,45,0,3,0,0,1,1,66,2,1,1,49,1023,52,38,93,3,94,0,90,72,51,0,36,0,1,5,0,0,36,0,0
1,1,G.Knapp,42,51,53,43,38,85,71,0,0,0,96,22,23,22,22,31,43,40,82,25,1023,2,72,0,0,0,80,0,42,0,75,0,0,75,0,2,0,0,1,1,67,0,1,1,49,1023,52,70,40,1,41,0,90,72,76,0,79,0,1,95,0,0,36,0,0
1,1,J.Mora Jr.,70,52,50,65,82,38,43,1,0,0,97,13,1023,23,13,18,45,84,37,41,1023,24,83,0,0,19,250,0,78,0,42,1,0,77,1,0,0,13,1,1,68,2,1,1,47,1023,48,42,35,0,41,1,90,72,75,0,73,1,1,95,0,0,108,0,0
1,1,B.DeHaven,42,50,52,42,38,35,40,1,0,0,98,27,28,14,27,31,59,38,42,14,1023,2,61,0,0,0,40,0,41,0,36,0,0,43,0,3,0,0,1,1,69,4,1,1,51,1023,49,37,72,3,73,0,90,72,62,0,38,0,1,95,0,0,36,0,0
1,1,S.Payton,38,51,48,45,41,75,70,0,0,0,99,26,27,114,26,31,43,39,80,42,1023,20,75,0,0,10,250,0,39,1,65,1,0,85,1,4,0,6,1,1,70,2,1,1,49,1023,47,75,38,0,35,1,90,72,75,0,70,1,1,95,1,0,112,0,0
1,1,B.Read,48,50,54,38,35,36,39,1,0,0,101,10,11,14,10,31,41,45,36,31,1023,2,62,0,0,0,65,0,42,0,41,0,0,43,0,1,0,0,1,1,72,2,1,1,50,1023,48,40,68,3,69,0,90,72,41,0,45,0,1,95,0,0,36,0,0
1,1,J.Bonamego,50,52,52,35,37,38,43,1,1,0,104,26,27,6,26,31,44,41,37,27,1023,2,64,0,0,0,25,0,40,0,42,0,0,38,0,3,0,0,1,1,73,5,1,1,51,1023,51,45,70,3,68,0,90,72,53,0,41,0,1,95,0,0,36,0,0
1,1,T.Cottrell,78,50,65,77,85,38,41,1,2,0,105,7,8,18,7,31,60,80,37,32,1023,2,71,2,0,0,200,0,80,0,45,0,0,80,0,2,0,0,1,1,74,0,1,1,48,1023,56,42,40,2,41,0,90,72,68,0,83,0,1,95,0,0,36,0,1
1,1,P.Hackett,42,51,54,41,38,86,72,0,0,0,106,17,1023,6,17,31,59,43,86,28,1023,2,72,0,0,0,75,0,45,0,64,0,0,57,0,0,0,0,1,1,75,5,1,1,52,1023,47,61,11,1,11,0,90,72,61,0,88,0,1,95,0,0,36,0,0
1,1,M.Westhoff,38,53,49,35,38,45,43,1,1,0,107,17,18,14,17,31,59,42,40,28,1023,2,61,0,0,0,25,0,41,0,36,0,0,35,0,3,0,0,1,1,76,2,1,1,51,1023,52,37,79,3,77,0,90,72,62,0,42,0,1,95,0,0,36,0,0
1,1,M.Carthon,38,50,52,42,41,55,82,0,0,0,108,4,1023,18,4,31,45,38,78,32,1023,2,85,2,0,0,72,0,38,0,62,0,0,76,0,0,0,0,1,1,77,0,1,1,51,1023,47,70,45,1,44,0,90,72,80,0,77,0,1,95,0,0,36,0,0
1,1,K.Schottenheimer,76,50,52,79,70,41,42,1,0,0,109,18,1023,14,18,31,57,81,40,14,1023,2,72,0,0,0,75,0,68,0,38,0,0,62,0,0,0,0,1,1,78,2,1,1,51,1023,51,38,38,2,35,0,90,72,65,0,74,0,1,95,0,0,36,0,0
1,1,C.Priefer,35,49,51,37,35,41,38,1,1,0,110,18,1023,6,18,31,66,40,45,30,1023,2,60,0,0,0,16,0,42,0,43,0,0,42,0,0,0,0,1,1,79,5,1,1,51,1023,52,40,90,3,76,0,90,72,68,0,38,0,1,95,0,0,36,0,0
1,1,E.Donatell,71,50,52,72,78,42,35,1,0,0,112,13,1023,14,13,31,49,76,45,27,1023,2,69,0,0,0,32,0,72,0,40,0,0,69,0,0,0,0,1,1,81,2,1,1,64,1023,53,39,45,2,42,0,90,72,72,0,58,0,1,95,0,0,36,0,0
1,1,M.Singletary,70,50,52,74,92,42,35,1,0,0,113,0,1023,22,0,31,48,90,37,32,1023,2,95,2,0,0,90,0,70,0,43,0,0,76,0,0,0,0,1,1,82,0,1,1,49,1023,52,45,35,2,37,0,90,70,85,0,85,0,1,95,0,0,36,0,0
1,1,D.Henning,35,50,41,37,40,84,85,0,1,0,114,20,1023,6,20,31,64,37,90,28,1023,2,72,0,1,38,73,0,45,0,65,0,0,71,0,0,0,73,1,1,83,5,1,1,52,1023,49,83,38,1,35,0,90,72,62,0,68,0,1,95,0,0,36,0,0
1,1,J.Del Rio,72,46,49,68,89,40,37,1,1,0,115,16,17,24,16,17,44,90,41,44,1023,11,72,0,0,34,333,0,74,0,45,1,0,83,1,2,0,30,1,1,84,2,1,1,48,1023,48,35,35,0,40,2,90,72,88,0,60,0,1,95,0,0,116,0,0
1,1,S.O'Brien,36,50,43,41,36,40,37,0,1,0,116,3,4,14,3,31,46,37,42,31,1023,2,61,0,0,0,65,0,38,0,38,0,0,37,0,1,0,0,1,1,85,2,1,1,53,1023,52,41,68,3,69,0,90,72,60,0,41,0,1,95,0,0,36,0,0
1,1,R.Crennel,95,51,48,93,92,35,40,1,2,0,118,4,5,25,4,31,59,97,60,45,1023,13,85,2,0,10,240,0,90,0,36,0,0,75,0,2,0,22,1,1,86,0,1,1,47,1023,52,41,45,0,44,0,82,72,85,0,95,0,1,5,0,0,120,0,0
1,1,B.Seely,38,53,51,42,36,45,40,1,1,0,119,21,22,14,21,31,51,45,39,14,1023,2,55,0,0,0,15,0,35,0,35,0,0,40,0,2,0,0,1,1,87,2,1,1,49,1023,52,42,81,3,78,0,90,72,58,0,42,0,1,95,0,0,36,0,1
1,1,C.Bresnahan,76,50,51,75,72,36,39,1,1,0,121,1,2,26,1,31,47,73,40,30,1023,2,74,0,0,0,65,0,71,0,41,0,0,70,0,2,0,0,1,1,88,1,1,1,52,1023,52,45,45,2,38,0,90,72,73,0,60,0,1,95,0,0,36,0,0
1,1,B.Casullo,42,54,53,36,41,36,35,1,0,0,122,27,1023,22,27,31,55,36,43,14,1023,2,65,1,0,0,15,0,37,0,37,0,0,45,0,0,0,0,1,1,89,0,1,1,51,1023,52,40,83,3,82,0,90,72,58,0,40,0,1,95,0,0,36,0,1
1,1,L.Smith,76,52,48,85,92,38,43,1,0,0,124,0,1,27,0,8,50,95,39,46,1023,8,90,2,0,29,420,1,87,0,42,2,0,88,2,5,0,19,1,1,90,0,1,1,51,1023,52,36,38,0,35,2,79,72,85,0,80,2,1,95,0,0,124,0,0
1,1,B.April,45,51,51,38,42,41,36,1,1,0,125,2,3,14,2,31,44,41,43,14,1023,2,71,0,0,0,25,0,41,0,43,0,0,51,0,1,0,0,1,1,91,2,1,1,52,1023,52,39,91,3,92,0,90,72,66,0,78,0,1,95,0,0,36,0,0
1,1,M.Nolan,93,48,51,92,90,45,43,1,0,0,127,14,15,28,14,31,47,91,36,47,1023,29,75,0,0,11,180,0,83,0,36,0,0,69,0,4,0,21,1,1,93,2,1,1,49,1023,52,41,39,0,40,0,85,72,76,0,81,0,1,5,0,0,128,0,0
1,1,G.Zauner,36,50,52,43,38,42,38,1,0,0,128,6,1023,6,6,31,56,42,38,27,1023,2,75,0,0,0,75,0,42,0,38,0,0,36,0,0,0,0,1,1,94,5,1,1,45,1023,58,36,75,3,78,0,90,72,71,0,68,0,1,95,0,0,36,0,0
1,1,H.Jackson,42,50,53,38,75,62,63,0,0,0,129,13,14,15,13,31,41,45,83,29,1023,2,71,2,0,0,75,0,37,0,67,0,0,63,0,3,0,0,1,1,95,0,1,1,51,1023,52,88,11,1,11,0,90,72,67,0,68,0,1,95,0,0,36,0,0
1,1,M.Lewis,81,51,50,88,97,41,38,1,3,0,130,1,2,108,1,31,48,92,38,48,1023,23,90,2,0,35,350,0,83,1,37,1,0,90,1,2,0,30,1,1,96,0,1,1,49,1023,52,42,38,0,35,1,90,72,91,0,65,0,1,95,1,0,132,0,0
1,1,M.Stock,41,47,51,43,45,36,45,1,0,0,131,19,20,6,19,31,68,38,35,30,1023,2,51,0,0,0,20,0,36,0,45,0,0,37,0,3,0,0,1,1,97,5,1,1,49,1023,52,38,68,3,69,0,90,72,62,0,36,0,1,95,0,0,36,0,1
1,1,M.McCarthy,38,49,49,35,42,65,68,0,0,0,132,19,20,113,19,31,43,42,68,49,1023,34,62,0,0,8,200,0,40,1,66,0,0,59,0,3,0,8,1,1,98,2,1,1,47,1023,48,63,45,0,44,0,85,72,61,0,58,0,1,95,1,0,136,0,0
1,1,R.Venturi,75,50,51,77,75,42,35,1,0,0,133,26,1023,14,26,31,60,79,45,31,1023,2,77,0,0,2,75,0,75,0,40,0,0,62,0,0,0,17,1,1,99,2,1,1,52,1023,48,38,38,2,35,0,90,72,65,0,65,0,1,95,0,0,36,0,0
1,1,A.Everest,42,50,52,38,45,35,40,1,0,0,134,14,15,14,14,31,53,35,37,14,1023,2,62,0,0,0,75,0,36,0,41,0,0,42,0,3,0,0,1,1,100,2,1,1,53,1023,48,45,72,3,70,0,90,72,68,0,37,0,1,95,0,0,36,0,0
1,1,G.Haskell,35,50,55,37,40,86,90,0,1,0,135,27,28,6,27,31,64,39,91,28,1023,2,73,0,0,0,80,0,45,0,82,0,0,76,0,2,0,0,1,1,101,5,1,1,52,1023,48,83,78,1,77,0,90,72,68,0,85,0,1,95,0,0,36,0,0
1,1,P.Rodriguez,36,52,53,45,36,36,39,1,1,0,137,16,1023,13,16,31,66,35,45,50,1023,2,65,1,0,0,15,0,37,0,41,0,0,40,0,0,0,0,1,1,102,5,1,1,54,1023,52,41,82,3,83,0,90,72,58,0,41,0,1,95,0,0,36,0,0
1,1,M.Mularkey,41,51,55,40,35,85,82,0,1,0,138,11,12,29,11,31,45,41,82,51,1023,2,76,0,0,9,80,0,36,0,71,0,0,72,0,3,0,7,1,1,103,2,1,1,54,1023,51,88,38,1,35,1,90,72,77,0,80,0,1,95,0,0,140,0,0
1,1,T.Lewis,68,47,51,75,88,35,40,1,0,0,139,15,1023,18,15,31,45,88,42,50,1023,2,79,2,0,0,50,0,91,0,36,0,0,87,0,0,0,0,1,1,104,0,1,1,51,1023,52,41,43,2,45,0,90,72,78,0,80,0,1,95,0,0,36,0,0
1,1,K.Spencer,35,50,52,41,38,40,41,1,1,0,140,6,7,14,6,31,53,40,41,28,1023,2,76,0,0,0,20,0,35,0,35,0,0,41,0,2,0,0,1,1,105,2,1,1,51,1023,54,42,93,3,92,0,90,72,53,0,72,0,1,95,0,0,36,0,0
1,1,M.Heimerdinger,40,50,52,39,36,77,72,0,0,0,141,17,1023,14,17,31,54,45,81,28,1023,2,75,0,0,0,75,0,41,0,75,0,0,64,0,0,0,0,1,1,106,2,1,1,53,1023,51,74,39,1,40,0,90,72,68,0,73,0,1,95,0,0,36,0,0
1,1,J.Schwartz,77,46,52,76,83,36,39,1,1,0,142,29,30,14,29,31,41,85,40,14,1023,2,82,0,0,0,70,0,81,0,41,0,0,72,0,2,0,0,1,1,107,2,1,1,54,1023,51,40,48,2,50,0,90,72,78,0,55,0,1,95,0,0,36,0,0
1,1,A.Lowry,36,49,52,41,35,39,45,1,1,0,143,29,30,14,29,31,56,39,38,25,1023,2,61,0,0,0,20,0,42,0,36,0,0,45,0,2,0,0,1,1,108,2,1,1,51,1023,51,40,83,3,85,0,90,72,60,0,41,0,1,95,0,0,36,0,0
1,1,S.Linehan,42,53,54,43,38,88,86,0,0,0,144,23,24,30,23,31,44,36,92,52,1023,27,79,0,0,8,350,0,42,0,82,0,0,78,0,4,0,8,1,1,109,2,1,1,52,1023,57,93,38,0,35,0,50,72,75,0,92,0,1,95,0,0,144,0,0
1,1,J.Hayes,65,50,52,65,68,43,36,1,0,0,146,25,1023,22,25,31,46,43,45,27,1023,2,52,2,0,0,75,0,76,0,38,0,0,36,0,0,0,0,1,1,110,0,1,1,48,1023,51,35,40,0,41,0,90,72,63,0,42,0,1,95,0,0,36,0,0
1,1,C.Palmer,41,52,52,36,42,71,68,0,0,0,147,10,1023,13,10,31,56,41,68,29,1023,2,70,0,0,5,45,0,38,0,55,0,0,55,0,0,0,27,1,1,111,5,1,1,51,1023,51,70,38,1,35,0,90,72,59,0,69,0,1,95,0,0,36,0,1
1,1,J.Marciano,45,47,52,36,45,43,41,1,1,0,149,31,32,6,31,31,53,43,41,27,1023,2,59,0,0,0,25,0,39,0,45,0,0,41,0,2,0,0,1,1,112,5,1,1,49,1023,51,36,95,3,96,0,90,72,70,0,79,0,1,95,0,0,36,0,0
1,1,G.Catavolos,41,50,51,77,66,35,35,1,0,0,151,11,1023,22,11,31,59,68,35,14,1023,2,65,0,0,0,75,0,68,0,35,0,0,58,0,0,0,0,1,1,113,0,1,1,54,1023,52,35,42,2,38,0,90,72,55,0,60,0,1,95,0,0,36,0,1
1,1,R.Milus,72,50,51,81,35,35,35,1,0,0,152,4,1023,22,4,31,40,73,35,28,1023,2,60,1,0,0,75,0,35,0,35,0,0,71,0,0,0,0,1,1,114,0,1,1,48,1023,50,35,38,2,40,0,90,72,55,0,68,0,1,95,0,0,36,0,0
1,1,T.Brasher,73,51,46,72,71,35,35,1,0,0,153,6,1023,13,6,31,64,79,35,29,1023,2,76,0,0,0,75,0,96,0,35,0,0,76,0,0,0,0,1,1,115,5,1,1,49,1023,48,35,35,2,39,0,90,69,81,0,71,0,1,95,0,0,36,0,0
1,1,W.Nunnely,35,50,52,35,35,35,35,1,0,0,154,8,1023,22,8,31,54,70,35,28,1023,2,62,1,0,0,75,0,75,0,35,0,0,61,0,0,0,0,1,1,116,0,1,1,51,1023,52,35,39,2,40,0,90,72,61,0,42,0,1,95,0,0,36,0,0
1,1,P.Boudreau,35,50,52,35,35,35,35,0,0,0,156,11,1023,14,11,31,54,35,78,14,1023,2,65,0,0,0,75,0,35,0,77,0,0,55,0,0,0,0,1,1,117,2,1,1,47,1023,52,35,35,1,40,0,90,72,63,0,45,0,1,95,0,0,36,0,0
1,1,G.Warhop,35,50,47,35,35,35,35,0,0,0,158,7,1023,22,7,31,41,35,77,30,1023,2,60,2,0,0,75,0,35,0,76,0,0,58,0,0,0,0,1,1,119,0,1,1,54,1023,46,35,37,1,35,0,90,72,45,0,41,0,1,95,0,0,36,0,0
1,1,G.Huey,35,50,57,35,35,65,93,0,0,0,161,30,1023,18,30,31,59,35,85,26,1023,2,76,2,0,0,75,0,35,0,70,0,0,72,0,0,0,0,1,1,121,0,1,1,54,1023,55,68,41,1,35,0,90,72,71,0,70,0,1,95,0,0,36,0,0
1,1,R.Ford,35,50,52,35,35,35,35,0,0,0,166,21,1023,18,21,31,52,35,73,26,1023,2,60,1,0,0,75,0,35,0,35,0,0,53,0,0,0,0,1,1,126,0,1,1,54,1023,54,78,37,1,41,0,90,71,65,0,40,0,1,95,0,0,36,0,0
1,1,J.Robinson,35,50,52,35,35,35,35,0,0,0,168,19,1023,14,19,31,50,35,76,31,1023,2,55,0,0,0,75,0,35,0,35,0,0,44,0,0,0,0,1,1,128,2,1,1,54,1023,47,72,35,1,43,0,90,73,58,0,42,0,1,95,0,0,36,0,0
1,1,T.Robiskie,35,50,52,35,35,55,40,0,0,0,169,4,1023,18,4,31,52,35,80,53,1023,2,67,1,0,1,75,0,35,0,35,0,0,69,0,0,0,2,1,1,129,0,1,1,51,1023,49,80,37,1,40,0,90,72,53,0,70,0,1,95,0,0,36,0,0
1,1,S.Walters,35,50,52,35,35,35,35,0,0,0,170,17,1023,14,17,31,58,35,72,30,1023,2,61,0,0,0,75,0,35,0,35,0,0,71,0,0,0,0,1,1,130,2,1,1,54,1023,48,77,38,1,41,0,90,70,59,0,45,0,1,95,0,0,36,0,0
1,1,B.Miller,62,50,52,60,65,35,35,1,0,0,171,19,1023,18,19,31,43,65,58,26,1023,2,65,1,0,0,75,0,42,0,40,0,0,60,0,0,0,0,1,1,131,0,1,1,54,1023,49,58,72,3,73,0,90,73,61,0,63,0,1,95,0,0,36,0,0
1,1,J.Barry,77,50,48,78,90,35,35,1,0,0,172,18,19,14,18,31,37,80,35,25,1023,2,82,0,0,0,75,0,35,0,35,0,0,76,0,3,0,0,1,1,132,4,1,1,49,1023,49,35,35,2,35,0,90,72,83,0,74,0,1,95,0,0,36,0,0
1,1,D.Simmons,39,50,50,37,36,45,37,0,1,0,173,1,2,14,1,31,34,35,68,25,1023,2,65,0,0,0,23,0,44,0,35,0,0,67,0,2,0,0,1,1,133,4,1,1,50,1023,50,39,90,3,85,0,90,72,68,0,68,0,1,95,0,0,36,0,0
1,1,T.Rathman,35,50,50,35,35,35,88,0,0,0,175,14,1023,14,14,31,44,51,83,25,1023,5,78,0,0,0,75,0,35,0,35,0,0,79,0,0,0,0,1,1,134,4,1,1,49,1023,52,35,35,1,36,0,90,73,76,0,82,0,1,95,0,0,4,0,0
1,1,B.Schottenheimer,35,49,52,35,35,78,35,0,0,0,178,17,18,14,17,31,33,35,73,25,1023,2,56,0,0,0,40,0,35,0,35,0,0,48,0,5,0,0,1,1,137,2,1,1,51,1023,53,35,35,1,40,0,90,73,55,0,66,0,1,95,0,0,36,0,0
1,1,C.Joiner,35,50,47,35,35,35,35,0,0,0,179,10,1023,13,10,31,59,35,82,26,1023,2,68,1,0,0,75,0,35,0,35,0,0,69,0,0,0,0,1,1,138,0,1,1,50,1023,44,89,37,1,41,0,90,71,60,0,78,0,1,95,0,0,36,0,0
1,1,S.Hoffman,35,50,52,35,35,35,35,0,0,0,181,10,1023,6,10,31,45,58,58,31,1023,2,55,0,0,0,75,0,35,0,35,0,0,57,0,0,0,0,1,1,140,5,1,1,51,1023,50,35,76,3,75,0,90,70,58,0,38,0,1,95,0,0,36,0,0
1,1,R.Thomas,34,50,47,34,36,52,44,0,0,0,182,12,1023,22,12,31,39,35,71,27,1023,5,58,1,0,0,75,0,34,0,70,0,0,49,0,0,0,0,1,1,141,0,1,1,49,1023,48,69,35,1,36,0,90,72,65,0,52,0,1,95,0,0,4,0,0
1,1,P.Johnson,50,50,53,65,92,35,35,1,0,0,184,15,1023,18,15,31,42,80,35,43,1023,2,75,2,0,0,75,0,80,0,35,0,0,65,0,0,0,0,1,1,142,0,1,1,48,1023,48,35,35,2,35,0,90,76,78,0,70,0,1,95,0,0,36,0,0
1,1,H.Ellard,35,50,56,55,35,35,38,0,0,0,185,10,1023,13,10,31,45,40,81,26,1023,2,69,2,0,0,75,0,35,0,35,0,0,70,0,0,0,0,1,1,143,5,1,1,49,1023,55,94,45,1,44,0,90,71,65,0,68,0,1,95,0,0,36,0,0
1,1,G.Cunningham,73,51,52,75,80,35,35,1,1,0,190,8,9,6,8,31,61,81,35,54,1023,2,65,0,0,16,90,0,75,0,35,0,0,65,0,1,0,16,1,1,145,5,1,1,53,1023,51,35,65,2,60,1,90,71,80,0,73,0,1,95,0,0,36,0,1
1,1,J.Tice,35,50,51,35,35,40,38,0,0,0,191,30,1023,14,30,31,46,35,69,27,1023,2,65,0,0,0,75,0,38,0,70,0,0,68,0,0,0,0,1,1,146,2,1,1,51,1023,51,56,38,3,36,0,90,72,66,0,50,0,1,95,0,0,36,0,0
1,1,G.Blache,72,49,52,75,76,42,35,1,0,0,192,25,26,13,25,31,57,73,41,32,1023,2,74,1,0,0,35,0,75,0,40,0,0,60,0,3,0,0,1,1,147,5,1,1,51,1023,51,38,38,2,40,0,90,70,63,0,70,0,1,95,0,0,36,0,0
1,1,M.Trgovac,82,46,51,80,85,36,40,1,1,0,194,20,21,6,20,31,48,95,36,31,1023,2,90,0,0,0,53,0,92,0,65,0,0,87,0,2,0,0,1,1,149,5,1,1,45,1023,52,36,45,2,37,0,90,74,78,0,92,0,1,95,0,0,36,0,0
1,1,R.Tillman,52,50,51,36,60,43,41,1,0,0,195,30,1023,14,30,31,57,58,39,31,1023,5,58,0,0,0,75,0,64,0,45,0,0,42,0,0,0,0,1,1,150,2,1,1,53,1023,53,48,78,0,77,0,90,72,52,0,43,0,1,95,0,0,4,0,0
1,1,G.Edwards,65,52,51,68,74,42,40,1,0,0,196,25,1023,15,25,31,39,70,43,31,1023,5,55,2,0,0,75,0,70,0,52,0,0,62,0,0,0,0,1,1,151,0,1,1,49,1023,52,36,37,2,40,0,90,72,60,0,61,0,1,95,0,0,4,0,0
1,1,L.Coyer,78,53,50,82,83,43,43,1,0,0,197,3,1023,6,3,31,63,85,38,31,1023,2,70,0,0,0,60,0,68,0,48,0,0,72,0,0,0,0,1,1,152,5,1,1,52,1023,53,36,35,2,36,0,90,72,68,0,86,0,1,95,0,0,36,0,0
1,1,S.Fairchild,39,50,54,35,39,86,82,0,1,0,198,2,3,6,2,31,49,42,89,31,1023,2,64,0,0,0,75,0,36,0,58,0,0,70,0,3,0,0,1,1,153,5,1,1,49,1023,47,85,41,1,38,0,90,72,68,0,88,0,1,95,0,0,36,0,0
1,1,J.Sullivan,43,50,47,45,50,60,58,0,0,0,199,6,1023,6,6,31,62,43,68,31,1023,2,62,0,0,0,75,0,68,0,76,0,0,55,0,0,0,0,1,1,154,5,1,1,52,1023,51,79,40,1,43,0,90,72,64,0,51,0,1,95,0,0,36,0,0
1,1,P.Mangurian,41,50,48,44,51,61,59,0,0,0,200,13,1023,6,13,31,51,50,78,31,1023,2,63,0,0,0,75,0,65,0,77,0,0,51,0,0,0,0,1,1,155,5,1,1,49,1023,52,70,35,1,36,0,90,72,70,0,73,0,1,5,0,0,36,0,0
1,1,L.Frazier,81,50,51,85,72,35,36,1,0,0,201,30,31,6,30,31,48,78,35,31,1023,2,70,0,0,0,75,0,70,0,42,0,0,65,0,1,0,0,1,1,156,5,1,1,49,1023,52,38,37,2,39,0,90,72,71,0,52,0,1,95,0,0,36,0,0
1,1,M.Smith,72,49,51,80,89,38,37,1,1,0,202,16,17,6,16,31,47,87,38,31,1023,2,70,0,0,0,63,0,82,0,55,0,0,72,0,2,0,0,1,1,157,5,1,1,52,1023,53,39,35,2,38,0,90,72,75,0,70,0,1,95,0,0,36,0,0
1,1,B.Musgrave,37,50,51,35,38,88,56,0,0,0,203,16,1023,6,16,31,39,51,69,31,1023,2,65,0,0,0,75,0,50,0,59,0,0,62,0,0,0,0,1,1,158,5,1,1,49,1023,53,62,39,1,38,0,90,72,69,0,70,0,1,95,0,0,36,0,0
1,1,L.Mac Duff,58,51,51,56,58,36,38,1,0,0,204,14,1023,6,14,31,58,78,53,31,1023,2,51,0,0,0,23,0,60,0,45,0,0,58,0,0,0,0,1,1,159,5,1,1,49,1023,52,35,85,3,83,0,90,72,52,0,52,0,1,95,0,0,36,0,0
1,1,T.Schonert,39,50,52,37,38,80,65,0,0,0,205,15,1023,6,15,31,51,39,64,31,1023,2,62,0,0,0,75,0,35,0,58,0,0,55,0,0,0,0,1,1,160,5,1,1,50,1023,51,50,40,1,41,0,90,72,66,0,54,0,1,95,0,0,36,0,0
1,1,L.Williams,11,50,64,11,11,11,11,0,0,0,210,0,1023,6,32,31,45,1,1,27,1023,5,1,0,0,0,75,0,11,0,11,0,0,1,0,0,0,0,1,1,15,5,1,1,46,1023,44,11,11,0,11,0,90,72,1,0,1,0,1,95,0,1,4,0,1
1,1,C.Gordon,11,50,49,11,11,11,11,0,0,0,211,0,1023,22,32,31,45,1,1,28,1023,2,1,0,0,0,0,0,11,0,11,0,0,1,0,0,0,0,1,1,15,0,1,1,68,1023,54,11,11,0,11,0,90,68,1,0,1,0,1,95,0,1,36,4,0
1,1,D.McFlint,11,50,48,11,11,11,11,0,0,0,212,1,1023,18,32,31,45,1,1,50,1023,5,1,2,0,0,0,0,11,0,11,0,0,1,0,0,0,0,1,1,15,0,1,1,60,1023,51,11,11,0,11,0,90,73,1,0,1,0,1,5,0,1,4,5,0
1,1,G.Harris,11,50,46,11,11,11,11,0,0,0,213,0,1023,22,32,31,45,1,1,14,1023,2,1,0,0,0,0,0,11,0,11,0,0,1,0,0,0,0,1,1,15,0,1,1,52,1023,57,11,11,0,11,0,90,69,1,0,1,0,1,95,0,1,36,4,1
1,1,J.Young,11,50,43,11,11,11,11,0,0,0,214,3,1023,26,32,31,45,1,1,30,1023,5,1,0,0,0,0,0,11,0,11,0,0,1,0,0,0,0,1,1,15,1,1,1,47,1023,45,11,11,0,11,0,90,72,1,0,1,0,1,95,0,1,4,0,0
1,1,R.Evans,11,50,40,11,11,11,11,0,0,0,215,0,1023,22,32,31,45,1,1,31,1023,2,1,0,0,0,75,0,11,0,11,0,0,1,0,0,0,0,1,1,15,0,1,1,42,1023,53,11,11,0,11,0,90,75,1,0,1,0,1,95,0,1,36,0,0
1,1,G.Walker,11,50,52,11,11,11,11,0,0,0,216,0,1023,22,32,31,45,1,1,25,1023,2,1,0,0,0,75,0,11,0,11,0,0,1,0,0,0,0,1,1,15,0,1,1,58,1023,47,11,11,0,11,0,90,66,1,0,1,0,1,95,0,1,36,4,0
1,1,A.Hall,11,50,57,11,11,11,11,0,0,0,217,3,1023,22,32,31,45,1,1,27,1023,5,1,0,0,0,75,0,11,0,11,0,0,1,0,0,0,0,1,1,15,0,1,1,41,1023,42,11,11,0,11,0,90,70,1,0,1,0,1,95,0,1,4,5,1
1,1,T.Shea,42,50,48,35,41,96,63,0,0,0,220,0,1023,15,0,31,61,42,84,14,1023,2,73,0,0,0,75,0,45,0,60,0,0,77,0,0,0,0,1,1,161,2,1,1,52,1023,47,81,39,1,40,0,90,72,74,0,68,0,1,95,0,0,36,0,0
1,1,R.Rivera,87,50,48,88,90,35,40,1,0,0,221,0,1023,22,0,31,44,96,60,14,1023,2,84,1,0,0,80,0,83,0,36,0,0,78,0,0,0,0,1,1,162,0,1,1,49,1023,51,41,37,2,39,0,90,72,86,0,80,0,1,95,0,0,36,0,0
1,1,D.Toub,41,50,49,49,55,35,40,1,1,0,222,0,1,15,0,31,45,65,40,25,1023,2,70,0,0,0,20,0,70,0,40,0,0,69,0,1,0,0,1,1,163,2,1,1,51,1023,48,44,69,3,68,0,90,72,68,0,58,0,1,95,0,0,36,0,0
1,1,T.Clements,41,50,53,40,35,82,70,0,0,0,223,2,1023,13,2,31,53,40,82,25,1023,5,70,0,0,0,75,0,36,0,71,0,0,70,0,0,0,0,1,1,164,0,1,1,53,1023,51,77,38,1,35,0,90,72,76,0,73,0,1,95,0,0,4,0,0
1,1,R.Bradford,82,50,52,75,58,35,35,1,0,0,224,3,1023,18,3,31,36,75,40,53,1023,2,71,2,0,0,25,0,50,0,35,0,0,69,0,0,0,0,1,1,165,0,1,1,51,1023,53,35,70,3,68,0,90,70,59,0,71,0,1,95,0,0,36,0,0
1,1,J.Hufnagel,67,53,52,61,65,90,78,0,0,0,225,15,1023,6,15,31,55,67,85,14,1023,2,66,0,0,0,21,0,75,0,65,0,0,71,0,0,0,0,1,1,166,2,1,1,49,1023,49,75,38,1,35,0,90,72,65,0,70,0,1,95,0,0,36,0,0
1,1,C.Pendergast,85,51,52,86,85,38,43,1,1,0,226,6,7,14,6,31,39,88,42,25,1023,2,80,0,0,0,80,0,83,0,42,0,0,82,0,1,0,0,1,1,167,0,1,1,49,1023,52,42,38,2,42,0,90,72,85,0,78,0,1,95,0,0,36,0,0
1,1,T.Tollner,43,50,53,36,45,75,65,0,0,0,229,18,1023,13,18,31,66,43,73,14,1023,2,71,0,0,0,75,0,39,0,67,0,0,57,0,0,0,0,1,1,169,5,1,1,52,1023,48,68,38,1,37,0,90,72,62,0,70,0,1,95,0,0,36,0,0
1,1,W.Robinson,70,50,51,65,75,38,43,1,0,0,230,14,1023,14,14,31,50,80,37,25,1023,2,72,0,0,0,75,0,74,0,42,0,0,67,0,0,0,0,1,1,170,1,1,1,49,1023,52,42,35,2,41,0,90,72,70,0,58,0,1,95,0,0,36,0,0
1,1,D.Henderson,80,50,52,81,82,41,45,1,2,0,231,18,1023,18,18,31,49,79,40,53,1023,2,80,2,0,0,75,0,80,0,39,0,0,71,0,0,0,0,1,1,171,0,1,1,51,1023,48,38,41,2,43,0,90,72,82,0,70,0,1,95,0,0,36,0,0
1,1,B.Slowik,71,50,55,84,65,42,35,1,1,0,232,3,4,14,3,31,53,71,45,27,1023,5,69,0,0,0,75,0,65,0,40,0,0,69,0,1,0,0,1,1,172,2,1,1,64,1023,52,39,45,2,42,0,78,72,70,0,58,0,1,95,0,0,4,0,0
1,1,T.Walsh,38,51,52,37,38,39,38,0,1,0,233,22,1023,18,22,31,56,41,43,53,1023,2,42,0,0,0,50,0,36,0,40,0,0,41,0,0,0,0,1,1,15,5,1,1,53,1023,51,37,38,1,36,0,90,72,40,0,42,0,1,95,0,0,36,0,1
1,1,R.Ryan,90,54,52,92,89,38,43,1,1,0,234,22,23,13,22,31,44,94,37,31,1023,2,90,0,0,0,95,0,88,0,42,0,0,76,0,1,0,0,1,1,173,0,1,1,46,1023,53,42,40,2,44,0,90,72,90,0,90,0,1,5,0,0,36,0,0
1,1,D.Breaux,35,50,65,37,40,79,63,0,0,0,235,25,1023,14,25,31,58,37,68,28,1023,2,69,0,0,0,45,0,45,0,65,0,0,58,0,0,0,0,1,1,174,2,1,1,56,1023,63,58,38,1,35,0,90,72,62,0,65,0,1,95,0,0,36,0,0
1,1,J.Gibbs,72,52,49,70,74,91,90,0,0,0,236,25,26,111,25,31,66,75,91,56,1023,37,90,0,0,145,500,1,70,0,80,6,0,87,9,3,0,87,1,1,175,1,1,1,51,1023,47,78,69,0,68,11,90,71,92,3,95,17,1,95,1,0,152,0,1
1,1,M.Michaels,45,50,49,39,36,45,38,1,0,0,237,27,1023,14,27,31,43,41,37,25,1023,2,58,0,0,0,75,0,38,0,36,0,0,38,0,0,0,0,1,1,176,2,1,1,48,1023,52,42,73,0,76,0,90,72,62,0,42,0,1,95,0,0,36,0,0
1,1,K.Whisenhunt,40,48,52,40,40,92,93,0,4,0,238,6,7,101,6,31,45,50,90,57,1023,2,85,0,0,0,250,0,40,0,75,0,0,85,0,4,0,0,1,1,177,2,1,1,51,1023,45,85,38,0,36,0,73,72,80,0,92,0,1,95,1,0,156,0,0
1,1,K.Olivadotti,35,50,52,35,68,35,35,1,0,0,239,25,1023,13,25,31,32,68,35,32,1023,2,60,0,0,0,75,0,35,0,35,0,0,67,0,0,0,0,1,1,178,0,1,1,51,1023,52,35,65,3,69,0,90,72,62,0,47,0,1,95,0,0,36,0,0
1,1,C.Foerster,35,50,54,37,40,75,75,0,0,0,240,11,1023,14,11,31,45,40,81,28,1023,2,66,0,0,0,75,0,45,0,78,0,0,65,0,0,0,0,1,1,179,0,1,1,52,1023,51,74,37,1,41,0,90,72,67,0,76,0,1,95,0,0,36,0,0
1,1,T.Grantham,67,50,52,72,80,45,60,1,1,0,242,4,5,15,4,31,40,81,60,25,1023,5,75,0,0,0,75,0,75,0,50,0,0,60,0,1,0,0,1,1,15,0,1,1,53,1023,51,40,39,2,38,0,90,72,52,0,75,0,1,95,0,0,4,0,0
1,1,K.Rowen,35,50,52,35,35,80,53,0,0,0,243,6,1023,22,6,31,54,35,77,14,1023,2,65,0,0,0,76,0,35,0,54,0,0,63,0,0,0,0,1,1,181,0,1,1,51,1023,51,49,40,1,34,0,90,72,48,0,66,0,1,95,0,0,36,0,0
1,1,R.Smith,72,49,48,73,71,40,37,1,0,0,244,31,32,14,31,31,51,73,42,14,1023,2,68,0,0,0,50,0,72,0,45,0,0,72,0,2,0,0,1,1,15,2,1,1,52,1023,47,35,35,2,38,0,90,72,69,0,70,0,1,95,0,0,36,0,0
1,1,B.Davis,70,51,51,65,82,38,43,1,0,0,245,14,1023,14,14,31,41,80,37,25,1023,2,79,0,0,0,34,0,78,0,42,0,0,67,0,0,0,0,1,1,182,2,1,1,49,1023,52,42,35,2,41,0,90,72,68,0,58,0,1,95,0,0,36,0,0
1,1,C.Smith,37,48,51,35,38,83,60,0,0,0,246,16,1023,6,16,31,58,38,74,31,1023,2,65,0,0,0,40,0,50,0,59,0,0,62,0,0,0,0,1,1,183,5,1,1,49,1023,52,62,39,1,38,0,90,72,69,0,55,0,1,95,0,0,36,0,0
1,1,D.Crossman,36,48,51,41,36,40,37,1,0,0,247,20,21,18,20,31,40,37,42,31,1023,2,61,0,0,0,20,0,38,0,38,0,0,37,0,2,0,0,1,1,15,0,1,1,49,1023,53,41,85,3,89,0,90,72,60,0,41,0,1,95,0,0,36,0,0
1,1,E.Mangini,82,48,51,83,85,50,50,1,1,0,248,17,18,31,17,31,36,85,50,59,1023,15,75,0,0,10,175,0,70,0,40,1,0,80,1,4,0,6,1,1,184,2,1,1,49,1023,47,50,39,0,39,1,85,72,75,0,87,0,1,95,0,0,164,0,1
1,1,D.Scarnecchia,41,50,52,40,35,60,68,0,0,0,249,21,1023,14,21,31,58,40,72,14,1023,2,81,0,0,0,75,0,36,0,82,0,0,70,0,0,0,0,1,1,15,2,1,1,51,1023,53,64,39,1,40,0,90,72,75,0,85,0,1,95,0,0,36,0,0
1,1,B.Ligashesky,41,49,51,43,45,36,45,1,0,0,250,28,29,6,28,31,45,38,35,30,1023,2,51,0,0,0,20,0,36,0,45,0,0,37,0,3,0,0,1,1,185,2,1,1,52,1023,52,38,75,3,76,0,90,72,62,0,36,0,1,95,0,0,36,0,1
1,1,R.Ryan,91,53,51,94,96,36,41,1,1,0,251,24,25,13,24,31,44,97,35,31,1023,2,80,0,0,0,120,0,90,0,40,0,0,81,0,3,0,0,1,1,186,0,1,1,51,1023,52,40,35,2,41,0,90,72,82,0,94,0,1,95,0,0,36,0,0
1,1,M.Sheppard,38,50,53,35,42,80,68,0,1,0,253,26,1023,14,26,31,51,40,71,31,1023,2,68,0,0,0,75,0,40,0,56,0,0,62,0,0,0,0,1,1,15,2,1,1,53,1023,48,82,45,3,44,0,90,72,66,0,76,0,1,95,0,0,36,0,0
1,1,S.Loney,42,50,55,43,38,64,72,0,1,0,254,30,1023,14,30,31,54,36,68,14,1023,2,79,0,0,0,75,0,42,0,86,0,0,70,0,0,0,0,1,1,15,2,1,1,46,1023,53,72,38,3,35,0,90,72,70,0,73,0,1,95,0,0,36,0,1
1,1,N.Chow,38,50,57,45,41,90,82,0,0,0,255,29,30,22,29,31,61,39,90,25,1023,2,68,1,0,0,95,0,39,0,73,0,0,65,0,2,0,0,1,1,187,0,1,1,49,1023,56,86,38,1,35,0,90,72,68,0,91,0,1,95,0,0,36,0,1
1,1,R.Turner,42,50,51,35,41,84,83,0,0,0,256,0,1,15,0,31,54,42,84,14,1023,2,68,0,0,0,125,0,45,0,60,0,0,77,0,1,0,0,1,1,188,2,1,1,52,1023,46,81,39,1,40,0,90,72,69,0,72,0,1,95,0,0,36,0,0
1,1,P.Fewell,70,50,50,75,79,35,42,1,1,0,257,2,3,14,2,16,44,81,63,31,1023,2,62,2,0,47,73,0,43,0,51,1,0,71,1,2,0,67,1,1,189,2,1,1,51,1023,52,42,35,2,40,1,90,72,61,0,70,1,1,5,0,0,36,0,0
1,1,R.Dennison,39,50,51,35,39,80,70,0,1,0,258,3,4,14,3,31,49,56,83,31,1023,2,72,0,0,0,78,0,36,0,98,0,0,74,0,2,0,0,1,1,190,2,1,1,51,1023,53,65,41,1,38,0,90,72,69,0,70,0,1,95,0,0,36,0,0
1,1,M.Solari,39,53,51,35,39,73,90,0,1,0,259,8,9,14,8,31,52,53,82,31,1023,2,85,0,0,0,75,0,36,0,75,0,0,82,0,2,0,0,1,1,15,2,1,1,52,1023,48,81,41,1,38,0,90,72,76,0,80,0,1,95,0,0,36,0,0
1,1,M.Priefer,45,49,52,36,45,43,41,1,1,0,260,8,9,14,8,31,41,43,41,31,1023,2,54,0,0,0,65,0,39,0,45,0,0,60,0,1,0,0,1,1,79,2,1,1,51,1023,51,36,85,3,80,0,90,72,53,0,61,0,1,95,0,0,36,0,0
1,1,R.Marinelli,91,51,49,92,93,64,63,1,0,0,261,18,19,32,18,31,58,91,61,60,1,26,86,0,0,3,275,0,97,0,65,0,0,82,0,4,0,13,1,1,191,2,1,1,49,1023,52,62,41,0,42,0,90,72,88,0,81,0,1,95,0,0,172,0,0
1,1,B.Sutton,77,45,50,75,91,45,62,1,1,0,262,17,18,14,17,16,56,78,70,31,1023,2,81,0,0,47,50,0,44,0,51,1,0,73,1,3,0,67,1,1,192,2,1,1,51,1023,52,43,35,2,40,1,90,72,72,0,74,1,1,5,0,0,36,0,0
1,1,B.Sanders,60,51,51,80,85,45,45,1,0,0,264,19,20,14,19,31,53,80,45,31,1023,2,70,0,0,0,40,0,75,0,45,0,0,65,0,3,0,0,1,1,193,2,1,1,49,1023,52,45,41,2,38,0,90,72,65,0,75,0,1,95,0,0,36,0,0
1,1,J.McDaniels,39,48,52,35,39,86,75,0,1,0,265,21,22,14,21,31,30,42,84,14,1023,2,76,0,0,0,50,0,36,0,58,0,0,74,0,2,0,0,1,1,15,2,1,1,49,1023,55,60,41,1,38,0,90,72,74,0,76,0,1,95,0,0,36,0,0
1,1,D.Pees,83,47,50,82,90,65,62,1,1,0,266,21,22,14,21,16,58,83,70,14,1023,2,75,0,0,47,50,0,80,0,51,1,0,70,1,2,0,67,1,1,15,2,1,1,52,1023,52,65,35,2,40,1,90,72,70,0,78,1,1,5,0,0,36,0,0
1,1,A.Shell,66,54,52,65,54,74,73,0,0,0,267,22,1023,115,22,31,60,45,82,61,1,30,84,2,0,56,240,0,71,1,94,3,0,76,1,0,0,52,1,1,194,0,1,1,53,1023,51,72,45,0,44,0,90,72,83,0,91,2,1,95,1,0,176,0,0
1,1,T.Daisher,45,49,53,36,45,43,41,1,1,0,268,4,5,14,4,31,51,43,41,31,1023,2,59,0,0,0,20,0,39,0,45,0,0,41,0,1,0,0,1,1,195,2,1,1,50,1023,52,36,91,3,87,0,90,72,53,0,36,0,1,95,0,0,36,0,0
1,1,G.Olson,39,51,58,35,39,71,66,0,1,0,269,23,24,14,23,31,44,42,61,14,1023,2,64,0,0,0,73,0,36,0,58,0,0,56,0,3,0,0,1,1,196,2,1,1,49,1023,56,48,41,1,38,0,90,72,62,0,53,0,1,95,0,0,36,0,0
1,1,G.Gibbs,72,49,52,76,79,52,52,1,1,0,270,26,27,14,26,16,55,79,45,31,1023,2,78,0,0,47,75,0,77,0,51,1,0,77,1,2,0,67,1,1,197,2,1,1,53,1023,51,53,35,2,40,1,90,72,75,0,76,1,1,5,0,0,36,0,0
1,1,D.Marrone,39,51,51,35,39,82,81,0,1,0,271,26,27,14,26,31,43,42,79,31,1023,2,69,0,0,0,65,0,36,0,75,0,0,82,0,3,0,0,1,1,198,2,1,1,53,1023,52,86,41,1,38,0,90,72,72,0,74,0,1,95,0,0,36,0,0
1,1,J.Marshall,79,48,50,81,82,80,62,1,1,0,272,27,28,14,27,16,61,83,68,31,1023,2,75,0,0,47,70,0,80,0,51,1,0,70,1,2,0,67,1,1,15,2,1,1,53,1023,52,65,35,2,40,1,90,72,70,0,78,1,1,5,0,0,36,0,0
1,1,M.Tomlin,86,46,49,84,81,54,62,1,0,0,273,28,29,116,28,16,35,85,70,62,1023,5,73,2,0,0,250,0,79,0,51,0,0,80,0,4,0,0,1,1,199,0,1,1,55,1023,51,65,35,0,40,0,50,72,75,0,82,0,1,5,1,0,180,0,0
1,1,D.Bevell,39,47,52,35,39,79,67,0,1,0,274,30,31,14,30,31,36,42,73,38,1023,1,64,0,0,0,75,0,36,0,69,0,0,56,0,3,0,0,1,1,200,2,1,1,51,1023,53,48,41,1,38,0,90,72,62,0,70,0,1,95,0,0,96,0,0
1,1,P.Ferraro,45,47,51,36,45,43,41,1,1,0,275,30,31,14,30,31,48,43,41,38,1023,1,77,0,0,0,25,0,39,0,45,0,0,72,0,3,0,0,1,1,201,2,1,1,52,1023,52,36,88,3,86,0,90,72,78,0,70,0,1,95,0,0,96,0,0
1,1,B.Babich,60,50,50,75,85,35,35,1,0,0,277,0,1,14,0,31,60,80,40,14,1023,1,75,0,0,0,75,0,80,0,35,0,0,70,0,1,0,0,1,1,15,2,1,1,51,1023,52,35,35,2,40,0,90,72,60,0,70,0,1,95,0,0,36,0,0
1,1,R.Chudzinski,40,48,51,40,40,65,65,0,1,0,278,4,5,28,4,31,39,40,65,47,1023,29,70,0,0,0,75,0,40,0,55,0,0,68,0,1,0,0,1,1,15,2,1,1,49,1023,52,60,39,1,40,0,90,72,70,0,72,0,1,95,0,0,128,0,0
1,1,T.Haley,40,48,51,40,40,70,75,0,1,0,279,6,7,14,6,31,40,40,75,28,1023,2,70,0,0,0,75,0,40,0,60,0,0,70,0,1,0,0,1,1,15,2,1,1,49,1023,52,80,39,1,40,0,90,72,65,0,70,0,1,95,0,0,36,0,0
1,1,C.Shelmon,45,50,50,75,45,75,88,1,1,0,280,7,8,14,7,16,56,40,80,31,1023,2,65,2,0,0,73,0,43,0,65,0,0,75,0,1,0,0,1,1,15,0,1,1,51,1023,52,65,35,1,40,0,90,72,65,0,70,0,1,95,0,0,36,0,0
1,1,J.Garrett,40,48,51,40,40,85,65,0,0,0,281,10,11,14,10,31,41,40,75,31,1023,2,80,0,0,0,180,0,40,0,55,0,0,72,0,2,0,0,1,1,15,3,1,1,49,1023,52,70,39,1,40,0,90,72,75,0,72,0,1,95,0,0,36,0,0
1,1,B.Stewart,85,50,52,75,70,35,35,1,0,0,282,10,11,18,10,31,42,79,40,53,1023,2,75,2,0,0,75,0,65,0,35,0,0,74,0,1,0,0,1,1,15,0,1,1,51,1023,53,35,40,2,40,0,90,70,65,0,72,0,1,95,0,0,36,0,0
1,1,R.Segrest,35,50,50,35,35,35,45,0,0,0,283,12,13,14,12,31,34,65,55,25,1023,5,75,0,0,0,75,0,70,0,35,0,0,70,0,1,0,0,1,1,15,4,1,1,49,1023,52,45,35,3,36,0,90,73,70,0,68,0,1,95,0,0,4,0,0
1,1,B.Petrino,45,48,51,45,45,82,79,0,0,0,284,13,14,113,13,31,46,55,77,63,1023,2,78,0,0,0,480,0,45,0,65,0,0,76,0,5,0,0,1,1,202,2,1,1,49,1023,52,78,39,0,40,0,82,72,79,0,80,0,1,95,1,0,184,0,0
1,1,G.Manusky,35,49,52,65,81,35,35,1,0,0,285,14,15,14,14,31,41,78,40,25,1023,2,65,0,0,0,65,0,65,0,35,0,0,74,0,3,0,0,1,1,15,2,1,1,51,1023,53,35,35,2,40,0,90,73,60,0,69,0,1,95,0,0,36,0,0
1,1,J.Hostler,35,49,52,65,60,80,68,0,0,0,286,14,15,14,14,31,40,40,79,25,1023,2,65,0,0,0,65,0,45,0,52,0,0,76,0,3,0,0,1,1,15,2,1,1,51,1023,53,77,35,1,40,0,90,73,60,0,72,0,1,95,0,0,36,0,0
1,1,S.Spagnuolo,39,50,85,78,80,40,40,1,0,0,287,15,16,14,15,31,47,75,40,31,1023,2,70,0,0,0,70,0,70,0,40,0,0,75,0,3,0,0,1,1,15,2,1,1,45,1023,58,40,41,2,38,0,90,72,70,0,70,0,1,95,0,0,36,0,0
1,1,T.Quinn,65,50,85,45,45,40,40,1,0,0,288,15,16,14,15,31,39,55,50,31,1023,2,65,0,0,0,50,0,45,0,40,0,0,70,0,3,0,0,1,1,15,2,1,1,45,1023,58,40,75,3,80,0,90,72,65,0,65,0,1,95,0,0,36,0,0
1,1,D.Koetter,45,51,51,45,45,85,75,0,0,0,289,16,17,14,16,31,47,50,79,31,1023,2,69,0,0,0,80,0,45,0,55,0,0,60,0,3,0,0,1,1,15,2,1,1,49,1023,52,80,41,1,38,0,90,72,66,0,65,0,1,95,0,0,36,0,0
1,1,S.Kwan,65,50,57,50,50,60,55,0,0,0,290,18,19,22,18,31,39,55,55,25,1023,2,68,1,0,0,85,0,50,0,55,0,0,65,0,3,0,0,1,1,15,0,1,1,49,1023,56,55,75,3,75,0,90,72,68,0,78,0,1,95,0,0,36,0,1
1,1,J.Philbin,39,50,85,35,39,75,75,0,0,0,291,19,20,14,19,31,45,42,76,31,1023,2,70,0,0,0,90,0,36,0,90,0,0,65,0,3,0,0,1,1,15,2,1,1,45,1023,58,75,41,1,38,0,90,72,66,0,60,0,1,95,0,0,36,0,0
1,1,J.Davidson,45,46,51,40,40,70,70,0,0,0,292,20,21,18,20,31,39,43,78,31,1023,2,76,0,0,0,100,0,40,0,80,0,0,61,0,2,0,0,1,1,15,0,1,1,55,1023,53,70,38,1,40,0,86,76,80,0,60,0,1,95,0,0,84,0,1
1,1,B.Schneider,75,48,51,75,70,45,45,1,0,0,293,22,23,14,22,31,34,60,45,31,1023,2,75,0,0,0,20,0,55,0,45,0,0,70,0,2,0,0,1,1,15,2,1,1,49,1023,52,45,70,3,70,0,90,72,70,0,70,0,1,95,0,0,36,0,0
1,1,L.Kiffin,40,48,51,40,40,80,75,0,0,0,294,33,23,112,22,31,31,45,70,64,1023,2,75,0,0,0,200,0,40,0,45,0,0,65,0,5,0,0,1,1,203,2,1,1,49,1023,52,70,39,0,40,0,90,72,65,0,72,0,1,5,1,0,188,0,0
1,1,A.Roberts,75,50,50,45,45,45,45,0,1,0,295,23,24,14,23,31,54,40,45,31,1023,2,65,2,0,0,50,0,43,0,45,0,0,75,0,1,0,0,1,1,32,0,1,1,51,1023,52,65,70,3,70,0,90,72,65,0,70,0,1,95,0,0,36,0,0
1,1,R.Neuheisel,42,53,54,43,38,88,75,0,0,0,296,24,25,30,24,31,46,45,86,31,1023,2,79,0,0,0,95,0,42,0,60,0,0,78,0,2,0,0,1,1,109,2,1,1,52,1023,57,75,38,1,35,0,90,72,75,0,82,0,1,95,0,0,36,0,0
