franchise,teamID,name,pos,age,povr,rating_note,college,team78,reason,why_here
Memphis Southmen,TEN,Jim Otis,RB,30,90,,Ohio State,st-louis-cardinals,RETIRED,bought outright
Memphis Southmen,TEN,Too Tall Jones,DE,27,88,,Tennessee State,dallas-cowboys,LEFT THE GAME,reserved: the pool holds few DEs
Memphis Southmen,TEN,Otis Sistrunk,DT,32,87,,,oakland-raiders,RETIRED,bought outright
Memphis Southmen,TEN,Willie Hall,LB,29,86,,Southern California,oakland-raiders,UNRESOLVED,no doctrine claims him; placed on fit
Memphis Southmen,TEN,Jerrel Wilson,P,37,85,,Southern Mississippi,new-england-patriots,CAREER ENDED AFTER 1978,reserved: the pool holds few Ps
Memphis Southmen,TEN,Rick Volk,DB,33,85,,Michigan,miami-dolphins,RETIRED,"ex-Dolphin, as in 1974"
Memphis Southmen,TEN,Jim Bailey,DT,30,85,,Kansas,atlanta-falcons,UNRESOLVED,no doctrine claims him; placed on fit
Memphis Southmen,TEN,Curtis Johnson,DB,30,84,,Toledo,miami-dolphins,UNRESOLVED,"ex-Dolphin, as in 1974"
Memphis Southmen,TEN,Wayne Moore,OT,33,83,,Lamar,miami-dolphins,UNRESOLVED,"ex-Dolphin, as in 1974"
Memphis Southmen,TEN,Reggie Haynes,TE,24,82,,Nevada-Las Vegas,washington-redskins,SOURCE CONFLICT,reserved: the pool holds few TEs
Memphis Southmen,TEN,Mike Montler,C,34,79,,Colorado,detroit-lions,CAREER ENDED AFTER 1978,reserved: the pool holds few Cs
Memphis Southmen,TEN,Carl Ekern,LB,24,79,,San Jose State,los-angeles-rams,,young and cheap; the slots are spent
Memphis Southmen,TEN,Troy Archer,DT,23,78,,Colorado,new-york-giants,,young and cheap; the slots are spent
Memphis Southmen,TEN,Cleveland Franklin,RB,23,78,,Baylor,philadelphia-eagles,,young and cheap; the slots are spent
Memphis Southmen,TEN,Nick Lowery,K,22,77,,Dartmouth,new-england-patriots,,reserved: the pool holds few Ks
Memphis Southmen,TEN,Dan Nugent,OG,25,77,,Auburn,washington-redskins,,reserved: the pool holds few OGs
Memphis Southmen,TEN,Phil Dokes,DT,23,77,,Oklahoma State,buffalo-bills,,young and cheap; the slots are spent
Memphis Southmen,TEN,Jimmy DuBose,RB,24,77,,Florida,tampa-bay-buccaneers,,young and cheap; the slots are spent
Memphis Southmen,TEN,Brad Shearer,DT,23,76,,Texas,chicago-bears,,young and cheap; the slots are spent
Memphis Southmen,TEN,Gary Danielson,QB,27,75,,Purdue,detroit-lions,,reserved: the pool holds few QBs
Memphis Southmen,TEN,Richard Neal,DE,31,75,,Southern,new-orleans-saints,,reserved: the pool holds few DEs
Memphis Southmen,TEN,Oscar Roan,TE,27,75,,Southern Methodist,cleveland-browns,,reserved: the pool holds few TEs
Memphis Southmen,TEN,Tony Sumler,DB,22,75,,Wichita State,detroit-lions,,young and cheap; the slots are spent
Memphis Southmen,TEN,Nat Terry,DB,22,75,,Florida State,pittsburgh-steelers,,young and cheap; the slots are spent
Memphis Southmen,TEN,Mike Osborn,LB,22,75,,Kansas State,philadelphia-eagles,,young and cheap; the slots are spent
Memphis Southmen,TEN,Kenny Harrison,WR,24,75,,Southern Methodist,san-francisco-49ers,,young and cheap; the slots are spent
Memphis Southmen,TEN,Jesse Turnbow,DT,22,73,,Tennessee,cleveland-browns,,young and cheap; the slots are spent
Memphis Southmen,TEN,Curtis Townsend,LB,23,73,,Arkansas,st-louis-cardinals,,young and cheap; the slots are spent
Memphis Southmen,TEN,Fred Anderson,DE,24,72,,Prairie View A&M,pittsburgh-steelers,,reserved: the pool holds few DEs
Memphis Southmen,TEN,Greg Marshall,DT,22,72,,Oregon State,baltimore-colts,,young and cheap; the slots are spent
Memphis Southmen,TEN,Chris Devlin,LB,24,72,,Penn State,chicago-bears,,young and cheap; the slots are spent
Memphis Southmen,TEN,Jesse Thompson,WR,22,72,,California,detroit-lions,,young and cheap; the slots are spent
Memphis Southmen,TEN,Greg Boykin,RB,24,72,,Northwestern,san-francisco-49ers,,young and cheap; the slots are spent
Memphis Southmen,TEN,Mark Nichols,LB,22,72,,Colorado State,san-francisco-49ers,,young and cheap; the slots are spent
Memphis Southmen,TEN,Andy Bolton,RB,24,71,,Fisk,detroit-lions,,young and cheap; the slots are spent
Memphis Southmen,TEN,Bill Fifer,OT,23,71,,West Texas A&M,detroit-lions,,young and cheap; the slots are spent
Memphis Southmen,TEN,Elmo Boyd,WR,24,71,,Eastern Kentucky,san-francisco-49ers,,young and cheap; the slots are spent
Memphis Southmen,TEN,Gerald Skinner,OT,24,71,,Arkansas,green-bay-packers,,young and cheap; the slots are spent
Memphis Southmen,TEN,Mark Bailey,RB,23,71,,Long Beach State,kansas-city-chiefs,,young and cheap; the slots are spent
Memphis Southmen,TEN,Stan Johnson,DT,23,71,,Tennessee State,kansas-city-chiefs,,young and cheap; the slots are spent
Memphis Southmen,TEN,Bob Lingenfelter,OT,24,71,,Nebraska,minnesota-vikings,,young and cheap; the slots are spent
Memphis Southmen,TEN,Bill Troup,QB,27,70,,South Carolina,baltimore-colts,,reserved: the pool holds few QBs
Memphis Southmen,TEN,Rick Nuzum,C,26,69,,Kentucky,green-bay-packers,,reserved: the pool holds few Cs
Memphis Southmen,TEN,Steve Schindler,OG,24,69,,Boston College,denver-broncos,,reserved: the pool holds few OGs
Memphis Southmen,TEN,Bill Adams,OG,28,67,,Holy Cross,buffalo-bills,,reserved: the pool holds few OGs
Memphis Southmen,TEN,Fran Tarkenton,QB,38,,,Georgia,minnesota-vikings,RETIRED,bought outright
Charlotte Hornets,CAR,C.L. Whittington,DB,26,87,,Prairie View A&M,houston-oilers,CAREER ENDED AFTER 1978,"let go, not hurt"
Charlotte Hornets,CAR,Chuck Crist,DB,27,84,,Penn State,san-francisco-49ers,CAREER ENDED AFTER 1978,"let go, not hurt"
Charlotte Hornets,CAR,Mike Burns,DB,24,83,,Southern California,detroit-lions,RELEASED,"let go, not hurt"
Charlotte Hornets,CAR,Steve Kiner,LB,31,83,,Tennessee,houston-oilers,CAREER ENDED AFTER 1978,"let go, not hurt"
Charlotte Hornets,CAR,Vern Roberson,DB,26,83,,Grambling,san-francisco-49ers,CAREER ENDED AFTER 1978,"let go, not hurt"
Charlotte Hornets,CAR,Cody Jones,DE,27,82,,San Jose State,los-angeles-rams,GAP YEAR,reserved: the pool holds few DEs
Charlotte Hornets,CAR,Larry Walton,WR,31,82,,Arizona State,buffalo-bills,CAREER ENDED,"let go, not hurt"
Charlotte Hornets,CAR,Bruce Rhodes,DB,26,82,,San Francisco State,detroit-lions,CAREER ENDED AFTER 1978,"let go, not hurt"
Charlotte Hornets,CAR,Harold McLinton,LB,31,82,,Southern,washington-redskins,CAREER ENDED AFTER 1978,"let go, not hurt"
Charlotte Hornets,CAR,Zenon Andrusyshyn,P,31,81,,UCLA,kansas-city-chiefs,RELEASED then CFL,reserved: the pool holds few Ps
Charlotte Hornets,CAR,Andre Tillman,TE,26,81,,Texas Tech,miami-dolphins,CAREER ENDED AFTER 1978,reserved: the pool holds few TEs
Charlotte Hornets,CAR,Dave Rowe,DT,33,81,,Penn State,baltimore-colts,CAREER ENDED AFTER 1978,"let go, not hurt"
Charlotte Hornets,CAR,Skip Vanderbundt,LB,31,80,,Oregon State,new-orleans-saints,CAREER ENDED AFTER 1978,"let go, not hurt"
Charlotte Hornets,CAR,John Outlaw,DB,33,80,,Jackson State,philadelphia-eagles,CAREER ENDED AFTER 1978,"let go, not hurt"
Charlotte Hornets,CAR,Bo Rather,WR,28,80,,Michigan,chicago-bears,SOURCE CONFLICT,no doctrine claims him; placed on fit
Charlotte Hornets,CAR,Tom Graham,LB,28,79,,Oregon,buffalo-bills,CAREER ENDED AFTER 1978,"let go, not hurt"
Charlotte Hornets,CAR,Barry Darrow,OT,28,79,,Montana,cleveland-browns,CAREER ENDED AFTER 1978,"let go, not hurt"
Charlotte Hornets,CAR,Larry Jones,WR,27,79,,Northeast Missouri State,san-francisco-49ers,,worth another look
Charlotte Hornets,CAR,Jim Braxton,RB,29,78,,West Virginia,miami-dolphins,,worth another look
Charlotte Hornets,CAR,Jim Laslavic,LB,27,78,,Penn State,san-diego-chargers,,worth another look
Charlotte Hornets,CAR,Ed Bradley,LB,28,78,,Wake Forest,san-francisco-49ers,,worth another look
Charlotte Hornets,CAR,Bob Bell,DT,30,78,,Cincinnati,st-louis-cardinals,,worth another look
Charlotte Hornets,CAR,Steve Jones,RB,27,78,,Duke,st-louis-cardinals,,worth another look
Charlotte Hornets,CAR,Frank Grant,WR,28,78,,Southern Colorado,tampa-bay-buccaneers,,worth another look
Charlotte Hornets,CAR,Jim Stienke,DB,27,77,,Texas State,atlanta-falcons,,worth another look
Charlotte Hornets,CAR,Don Rives,LB,27,77,,Texas Tech,chicago-bears,,worth another look
Charlotte Hornets,CAR,Bill Bryant,DB,27,77,,Grambling,new-york-giants,,worth another look
Charlotte Hornets,CAR,Warren Bankston,RB,31,77,,Tulane,oakland-raiders,,worth another look
Charlotte Hornets,CAR,Mike Sensibaugh,DB,29,77,,Ohio State,st-louis-cardinals,,worth another look
Charlotte Hornets,CAR,Dave Green,P,29,77,,Ohio,tampa-bay-buccaneers,,worth another look
Charlotte Hornets,CAR,Forrest Blue,C,34,76,,Auburn,baltimore-colts,,reserved: the pool holds few Cs
Charlotte Hornets,CAR,Tom MacLeod,LB,27,76,,Minnesota,baltimore-colts,,worth another look
Charlotte Hornets,CAR,Lloyd Mumphord,DB,31,76,,Texas Southern,baltimore-colts,,worth another look
Charlotte Hornets,CAR,Donnie Green,OT,30,76,,Purdue,detroit-lions,,worth another look
Charlotte Hornets,CAR,Jim Carter,LB,30,76,,Minnesota,green-bay-packers,,worth another look
Charlotte Hornets,CAR,Dave Kraayeveld,DE,23,75,,Milton,seattle-seahawks,,reserved: the pool holds few DEs
Charlotte Hornets,CAR,Steve Craig,TE,27,75,,Northwestern,minnesota-vikings,,reserved: the pool holds few TEs
Charlotte Hornets,CAR,Tom Mack,OG,35,74,,Michigan,los-angeles-rams,,reserved: the pool holds few OGs
Charlotte Hornets,CAR,John Reaves,QB,28,72,,Florida,cincinnati-bengals,,reserved: the pool holds few QBs
Charlotte Hornets,CAR,Jeff Lloyd,DE,24,71,,West Texas A&M,kansas-city-chiefs,,reserved: the pool holds few DEs
Charlotte Hornets,CAR,Scott Bull,QB,25,70,,Arkansas,san-francisco-49ers,,reserved: the pool holds few QBs
Charlotte Hornets,CAR,John Leypoldt,K,32,69,,Northern Virginia CC,new-orleans-saints,,reserved: the pool holds few Ks
Charlotte Hornets,CAR,Tom Luken,OG,28,69,,Purdue,philadelphia-eagles,,reserved: the pool holds few OGs
Charlotte Hornets,CAR,Charles Aiu,OG,24,67,,Hawaii,san-diego-chargers,,reserved: the pool holds few OGs
Charlotte Hornets,CAR,Willie Brock,C,23,65,,Colorado,detroit-lions,,reserved: the pool holds few Cs
Charlotte Hornets,CAR,Fred Biletnikoff,WR,35,,,Florida State,oakland-raiders,RELEASED then CFL,"let go, not hurt"
Jacksonville Sharks,JAX,Mo Spencer,DB,26,82,,North Carolina Central,new-orleans-saints,UNRESOLVED,no doctrine claims him; placed on fit
Jacksonville Sharks,JAX,Ken Payne,WR,28,81,,Langston,philadelphia-eagles,UNRESOLVED,no doctrine claims him; placed on fit
Jacksonville Sharks,JAX,David Lee,P,34,79,,Louisiana Tech,baltimore-colts,RETIRED,reserved: the pool holds few Ps
Jacksonville Sharks,JAX,Ed Galigher,DE,28,78,,UCLA,san-francisco-49ers,,reserved: the pool holds few DEs
Jacksonville Sharks,JAX,John Sawyer,TE,25,77,,Southern Mississippi,seattle-seahawks,,reserved: the pool holds few TEs
Jacksonville Sharks,JAX,Ernie Hughes,C,23,76,,Notre Dame,san-francisco-49ers,,reserved: the pool holds few Cs
Jacksonville Sharks,JAX,Alden Roche,DE,33,75,,Southern,seattle-seahawks,,reserved: the pool holds few DEs
Jacksonville Sharks,JAX,Jim Thaxton,TE,29,73,,Tennessee State,st-louis-cardinals,,reserved: the pool holds few TEs
Jacksonville Sharks,JAX,Donnie Hickman,OG,23,72,,Southern California,detroit-lions,,reserved: the pool holds few OGs
Jacksonville Sharks,JAX,Tony Adams,QB,28,71,,Utah State,kansas-city-chiefs,,reserved: the pool holds few QBs
Jacksonville Sharks,JAX,Willie McCray,DE,25,71,,Troy State,san-francisco-49ers,,reserved: the pool holds few DEs
Jacksonville Sharks,JAX,Bobby Douglass,QB,31,69,,Kansas,green-bay-packers,,reserved: the pool holds few QBs
Jacksonville Sharks,JAX,Greg Fairchild,OG,24,68,,Tulsa,cleveland-browns,,reserved: the pool holds few OGs
Jacksonville Sharks,JAX,Gary Anderson,OG,23,65,,Stanford,new-orleans-saints,,reserved: the pool holds few OGs
Jacksonville Sharks,JAX,Errol Mann,K,37,63,,North Dakota,oakland-raiders,,reserved: the pool holds few Ks
Jacksonville Sharks,JAX,Kyle Davis,C,26,62,,Oklahoma,san-francisco-49ers,,reserved: the pool holds few Cs
Jacksonville Sharks,JAX,Charlie White,RB,25,56,,Bethune-Cookman,tampa-bay-buccaneers,,"cheap, and Southern"
Jacksonville Sharks,JAX,Elbert Drungo,OT,35,,,Tennessee State,buffalo-bills,,"cheap, and Southern"
Jacksonville Sharks,JAX,Bobby Maples,C,35,,,Baylor,denver-broncos,,"cheap, and Southern"
Jacksonville Sharks,JAX,Paul Naumoff,LB,33,,,Tennessee,detroit-lions,,"cheap, and Southern"
Jacksonville Sharks,JAX,Danny Johnson,LB,23,,,Tennessee State,green-bay-packers,,"cheap, and Southern"
Jacksonville Sharks,JAX,Mel Mitchell,OG,25,,,Tennessee State,miami-dolphins,,"cheap, and Southern"
Jacksonville Sharks,JAX,Willie Brown,DB,37,,,Grambling,oakland-raiders,,"cheap, and Southern"
Jacksonville Sharks,JAX,Hubert Ginn,RB,31,,,Florida A&M,oakland-raiders,,"cheap, and Southern"
Jacksonville Sharks,JAX,Al Darby,TE,24,,,Florida,tampa-bay-buccaneers,,"cheap, and Southern"
Jacksonville Sharks,JAX,Larry Franklin,WR,23,,,Jackson State,tampa-bay-buccaneers,,"cheap, and Southern"
Jacksonville Sharks,JAX,Earl Inmon,LB,24,,,Bethune-Cookman,tampa-bay-buccaneers,,"cheap, and Southern"
Jacksonville Sharks,JAX,Mike Curtis,LB,35,,,Duke,washington-redskins,,"cheap, and Southern"
Jacksonville Sharks,JAX,Chris Hanburger,LB,37,,,North Carolina,washington-redskins,,"cheap, and Southern"
Jacksonville Sharks,JAX,Jake Scott,DB,33,,,Georgia,washington-redskins,,"cheap, and Southern"
Jacksonville Sharks,JAX,Ken Moore,TE,24,,,Northern Illinois,atlanta-falcons,,"cheap, wherever from"
Jacksonville Sharks,JAX,Marvin Switzer,DB,24,,,Kansas State,buffalo-bills,,"cheap, wherever from"
Jacksonville Sharks,JAX,Jon Morris,C,36,,,Holy Cross,chicago-bears,,"cheap, wherever from"
Jacksonville Sharks,JAX,Leo Biedermann,OT,23,,,California,cleveland-browns,,"cheap, wherever from"
Jacksonville Sharks,JAX,Jethro Pugh,DT,34,,,Elizabeth City State,dallas-cowboys,,"cheap, wherever from"
Jacksonville Sharks,JAX,Jackie Smith,TE,38,,,Northwestern State,dallas-cowboys,,"cheap, wherever from"
Jacksonville Sharks,JAX,Frank Chesley,LB,23,,,Wyoming,green-bay-packers,,"cheap, wherever from"
Jacksonville Sharks,JAX,Willie Taylor,WR,22,,,Pittsburgh,green-bay-packers,,"cheap, wherever from"
Jacksonville Sharks,JAX,Robert Turner,RB,24,,,Oklahoma State,houston-oilers,,"cheap, wherever from"
Jacksonville Sharks,JAX,MacArthur Lane,RB,36,,,Utah State,kansas-city-chiefs,,"cheap, wherever from"
Jacksonville Sharks,JAX,Emmitt Thomas,DB,35,,,Bishop,kansas-city-chiefs,,"cheap, wherever from"
Jacksonville Sharks,JAX,Mick Tingelhoff,C,38,,,Nebraska,minnesota-vikings,,"cheap, wherever from"
Jacksonville Sharks,JAX,Mike Patrick,P,26,,,Mississippi State,new-england-patriots,,"cheap, wherever from"
Jacksonville Sharks,JAX,Tom Jurich,K,22,,,Northern Arizona,new-orleans-saints,,"cheap, wherever from"
Jacksonville Sharks,JAX,Rusty Rebowe,LB,22,,,Nicholls State,new-orleans-saints,,"cheap, wherever from"
Jacksonville Sharks,JAX,James Van Wagner,RB,23,,,Michigan Tech,new-orleans-saints,,"cheap, wherever from"
Indianapolis Racers,IND,Charlie Waters,DB,30,94,injury: rating 14 below potential,Clemson,dallas-cowboys,INJURY,the injury bet — his own team still wanted him
Indianapolis Racers,IND,John Cappelletti,RB,26,93,injury: rating 14 below potential,Penn State,los-angeles-rams,INJURY,the injury bet — his own team still wanted him
Indianapolis Racers,IND,Bill Simpson,DB,26,93,,Michigan State,los-angeles-rams,GAP YEAR,the injury bet — his own team still wanted him
Indianapolis Racers,IND,Roland Harper,RB,25,92,injury: rating 14 below potential,Louisiana Tech,chicago-bears,INJURY,the injury bet — his own team still wanted him
Indianapolis Racers,IND,Don Testerman,RB,25,84,injury: rating 14 below potential,Clemson,seattle-seahawks,INJURY,the injury bet — his own team still wanted him
Indianapolis Racers,IND,John Woodcock,DT,24,82,,Hawaii,detroit-lions,SOURCE CONFLICT,no doctrine claims him; placed on fit
Indianapolis Racers,IND,George Kunz,OT,31,81,injury: rating 14 below potential,Notre Dame,baltimore-colts,INJURY,the injury bet — his own team still wanted him
Indianapolis Racers,IND,Sidney Brown,DB,22,81,,Oklahoma,new-england-patriots,UNRESOLVED,no doctrine claims him; placed on fit
Indianapolis Racers,IND,Ray Pinney,OT,24,80,injury: rating 14 below potential,Washington,pittsburgh-steelers,INJURY,the injury bet — his own team still wanted him
Indianapolis Racers,IND,Mike Michel,P,24,79,,Stanford,philadelphia-eagles,,reserved: the pool holds few Ps
Indianapolis Racers,IND,Drew Mahalic,LB,25,79,,Notre Dame,philadelphia-eagles,,"young, and they can wait"
Indianapolis Racers,IND,Bill Sandifer,DT,26,79,,UCLA,seattle-seahawks,,"young, and they can wait"
Indianapolis Racers,IND,Doug Dennison,RB,26,78,,Kutztown,dallas-cowboys,,"young, and they can wait"
Indianapolis Racers,IND,Glen Walker,P,26,77,,Southern California,los-angeles-rams,,"young, and they can wait"
Indianapolis Racers,IND,Louis Carter,RB,25,77,,Maryland,tampa-bay-buccaneers,,"young, and they can wait"
Indianapolis Racers,IND,John McKay,WR,25,77,,Southern California,tampa-bay-buccaneers,,"young, and they can wait"
Indianapolis Racers,IND,Rich McGeorge,TE,30,76,,Elon,green-bay-packers,,reserved: the pool holds few TEs
Indianapolis Racers,IND,John Schultz,WR,25,76,,Maryland,denver-broncos,,"young, and they can wait"
Indianapolis Racers,IND,Greg Boyd,DE,26,75,,San Diego State,new-england-patriots,,reserved: the pool holds few DEs
Indianapolis Racers,IND,Gregg Robinson,DE,22,74,,Dartmouth,new-york-jets,,reserved: the pool holds few DEs
Indianapolis Racers,IND,Larry Dorsey,WR,25,74,,Tennessee State,kansas-city-chiefs,,"young, and they can wait"
Indianapolis Racers,IND,Larry Keller,LB,25,74,,Houston,new-york-jets,,"young, and they can wait"
Indianapolis Racers,IND,Eddie McMillan,DB,26,73,,Florida State,buffalo-bills,,"young, and they can wait"
Indianapolis Racers,IND,Larry Poole,RB,26,73,,Kent State,houston-oilers,,"young, and they can wait"
Indianapolis Racers,IND,Roland Woolsey,DB,25,73,,Boise State,st-louis-cardinals,,"young, and they can wait"
Indianapolis Racers,IND,Willie Spencer,RB,25,72,,,new-york-giants,,"young, and they can wait"
Indianapolis Racers,IND,Willie Shelby,RB,25,72,,Alabama,st-louis-cardinals,,"young, and they can wait"
Indianapolis Racers,IND,Tom Mullen,OG,26,71,,Southwest Missouri State,st-louis-cardinals,,reserved: the pool holds few OGs
Indianapolis Racers,IND,Ron Lee,RB,25,71,,West Virginia,baltimore-colts,,"young, and they can wait"
Indianapolis Racers,IND,Art Best,RB,25,71,,Kent State,chicago-bears,,"young, and they can wait"
Indianapolis Racers,IND,Brian Duncan,RB,26,71,,Southern Methodist,houston-oilers,,"young, and they can wait"
Indianapolis Racers,IND,Jerry Latin,RB,25,71,,Northern Illinois,los-angeles-rams,,"young, and they can wait"
Indianapolis Racers,IND,Lyman Smith,DT,22,71,,Duke,minnesota-vikings,,"young, and they can wait"
Indianapolis Racers,IND,Mike Connell,P,22,71,,Cincinnati,san-francisco-49ers,,"young, and they can wait"
Indianapolis Racers,IND,Bruce Elia,LB,25,71,,Ohio State,san-francisco-49ers,,"young, and they can wait"
Indianapolis Racers,IND,Rufus Crawford,RB,23,71,,Virginia State,seattle-seahawks,,"young, and they can wait"
Indianapolis Racers,IND,Doug Long,DB,23,71,,Whitworth,seattle-seahawks,,"young, and they can wait"
Indianapolis Racers,IND,Mike Kirkland,QB,24,70,,Arkansas,baltimore-colts,,reserved: the pool holds few QBs
Indianapolis Racers,IND,John Alexander,DE,22,70,,Rutgers,miami-dolphins,,reserved: the pool holds few DEs
Indianapolis Racers,IND,Bill Larson,TE,25,70,,Colorado State,philadelphia-eagles,,reserved: the pool holds few TEs
Indianapolis Racers,IND,Mike Boryla,QB,27,69,,Stanford,tampa-bay-buccaneers,,reserved: the pool holds few QBs
Indianapolis Racers,IND,Leo Tierney,C,24,69,,Georgia Tech,new-york-giants,,reserved: the pool holds few Cs
Indianapolis Racers,IND,Kurt Schumacher,OG,25,68,,Ohio State,tampa-bay-buccaneers,,reserved: the pool holds few OGs
Indianapolis Racers,IND,Steve Knutson,OG,27,65,,Southern California,san-francisco-49ers,,reserved: the pool holds few OGs
Indianapolis Racers,IND,John Sokolosky,C,22,48,,Wayne State (MI),detroit-lions,,reserved: the pool holds few Cs
Indianapolis Racers,IND,David Posey,K,22,,,Florida,new-england-patriots,,reserved: the pool holds few Ks
(free agent pool),Free Agent,Al Johnson,RB,28,76,,Cincinnati,houston-oilers,,
(free agent pool),Free Agent,Ernie Holmes,DT,30,76,,Texas Southern,new-england-patriots,,
(free agent pool),Free Agent,Clarence Davis,RB,29,76,,Southern California,oakland-raiders,,
(free agent pool),Free Agent,Ken Geddes,LB,32,76,,Nebraska,seattle-seahawks,,
(free agent pool),Free Agent,Rocky Freitas,OT,33,76,,Oregon State,tampa-bay-buccaneers,,
(free agent pool),Free Agent,Bob Babich,LB,31,75,,Miami (OH),cleveland-browns,,
(free agent pool),Free Agent,Larry Marshall,DB,28,75,,Maryland,los-angeles-rams,,
(free agent pool),Free Agent,Mike Hennigan,LB,27,75,,Tennessee Tech,new-york-jets,,
(free agent pool),Free Agent,Floyd Rice,LB,29,74,,Alcorn State,new-orleans-saints,,
(free agent pool),Free Agent,Johnny Rodgers,WR,27,74,,Nebraska,san-diego-chargers,,
(free agent pool),Free Agent,Merv Krakau,LB,27,73,,Iowa State,buffalo-bills,,
(free agent pool),Free Agent,Willie McGee,WR,28,73,,Alcorn State,detroit-lions,,
(free agent pool),Free Agent,Dwight McDonald,WR,27,73,,San Diego State,san-diego-chargers,,
(free agent pool),Free Agent,Rick Kingrea,LB,29,72,,Tulane,new-orleans-saints,,
(free agent pool),Free Agent,Maurice Tyler,DB,28,72,,Morgan State,new-york-giants,,
(free agent pool),Free Agent,Bob Heinz,DT,31,72,,Pacific,washington-redskins,,
(free agent pool),Free Agent,Godwin Turk,LB,28,71,,Southern,denver-broncos,,
(free agent pool),Free Agent,Eddie Payton,RB,27,71,,Jackson State,kansas-city-chiefs,,
(free agent pool),Free Agent,Larry Ball,LB,29,71,,Louisville,miami-dolphins,,
(free agent pool),Free Agent,Bob McKay,OT,30,71,,Texas,new-england-patriots,,
(free agent pool),Free Agent,Ed George,OT,32,71,,Wake Forest,philadelphia-eagles,,
(free agent pool),Free Agent,Maurice Harvey,DB,22,70,,Ball State,denver-broncos,,
(free agent pool),Free Agent,Ted Burgmeier,DB,22,70,,Notre Dame,kansas-city-chiefs,,
(free agent pool),Free Agent,Clyde Powers,DB,27,70,,Oklahoma,kansas-city-chiefs,,
(free agent pool),Free Agent,Greg Schaum,DE,24,70,,Michigan State,new-england-patriots,,
(free agent pool),Free Agent,Mike Mock,LB,23,70,,Texas Tech,new-york-jets,,
(free agent pool),Free Agent,Bruce Stephens,WR,22,70,,Columbia,new-york-jets,,
(free agent pool),Free Agent,Rick Engles,P,24,70,,Tulsa,philadelphia-eagles,,
(free agent pool),Free Agent,Charles Williams,DB,25,70,,Jackson State,philadelphia-eagles,,
(free agent pool),Free Agent,Randy Reutershan,WR,23,70,,Pittsburgh,pittsburgh-steelers,,
(free agent pool),Free Agent,Rickey Anderson,RB,25,70,,South Carolina State,san-diego-chargers,,
(free agent pool),Free Agent,Bob Jury,DB,23,70,,Pittsburgh,san-francisco-49ers,,
(free agent pool),Free Agent,Elliott Walker,RB,22,70,,Pittsburgh,san-francisco-49ers,,
(free agent pool),Free Agent,Jerry Anderson,DB,25,70,,Oklahoma,tampa-bay-buccaneers,,
(free agent pool),Free Agent,Garth Ten Napel,LB,24,69,,Texas A&M,atlanta-falcons,,
(free agent pool),Free Agent,James Wright,TE,22,69,,Texas Christian,atlanta-falcons,,
(free agent pool),Free Agent,Tom Ehlers,LB,26,69,,Kentucky,buffalo-bills,,
(free agent pool),Free Agent,Randy McClanahan,LB,23,69,,Southwestern Louisiana,buffalo-bills,,
(free agent pool),Free Agent,Tom Sullivan,RB,28,69,,Miami,cleveland-browns,,
(free agent pool),Free Agent,Jimmy Dean,DE,23,69,,Texas A&M,houston-oilers,,
(free agent pool),Free Agent,Greg Sampson,OT,28,69,,Stanford,houston-oilers,,
(free agent pool),Free Agent,Bill Kellar,WR,22,69,,Stanford,kansas-city-chiefs,,
(free agent pool),Free Agent,Ray Milo,DB,24,69,,New Mexico State,kansas-city-chiefs,,
(free agent pool),Free Agent,Clarence Sanders,LB,25,69,,Cincinnati,kansas-city-chiefs,,
(free agent pool),Free Agent,Mark Meseroll,OT,23,69,,Florida State,new-orleans-saints,,
(free agent pool),Free Agent,Oren Middlebrook,WR,25,69,,Arkansas State,philadelphia-eagles,,
(free agent pool),Free Agent,Rick Middleton,LB,26,69,,Ohio State,san-diego-chargers,,
(free agent pool),Free Agent,Gordon Bell,RB,24,69,,Michigan,st-louis-cardinals,,
(free agent pool),Free Agent,Gary Huff,QB,27,69,,Florida State,tampa-bay-buccaneers,,
(free agent pool),Free Agent,Mike Esposito,RB,25,68,,Boston College,atlanta-falcons,,
(free agent pool),Free Agent,Marv Montgomery,OT,30,68,,Southern California,atlanta-falcons,,
(free agent pool),Free Agent,Mario Celotto,LB,22,68,,Southern California,buffalo-bills,,
(free agent pool),Free Agent,Mekeli Ieremia,DT,24,68,,Brigham Young,buffalo-bills,,
(free agent pool),Free Agent,Lionel Antoine,OT,28,68,,Southern Illinois,chicago-bears,,
(free agent pool),Free Agent,Tom London,DB,24,68,,North Carolina State,cleveland-browns,,
(free agent pool),Free Agent,Dan Dickel,LB,26,68,,Iowa,detroit-lions,,
(free agent pool),Free Agent,Terry Anderson,WR,23,68,,Bethune-Cookman,washington-redskins,,
(free agent pool),Free Agent,Paul Harris,LB,23,68,,Alabama,tampa-bay-buccaneers,,
(free agent pool),Free Agent,James McAlister,RB,27,68,,UCLA,new-england-patriots,,
(free agent pool),Free Agent,Kevin Bell,WR,23,68,,Lamar,new-york-jets,,
(free agent pool),Free Agent,Darnell Powell,RB,24,68,,Tennessee-Chattanooga,new-york-jets,,
(free agent pool),Free Agent,Larry Riley,DB,23,68,,Salem (NC),new-york-jets,,
(free agent pool),Free Agent,Herb Lusk,RB,25,68,,Long Beach State,philadelphia-eagles,,
(free agent pool),Free Agent,Buddy Hardaway,OT,23,68,,Oklahoma State,san-diego-chargers,,
(free agent pool),Free Agent,Lon Boyett,TE,24,68,,Cal State-Northridge,san-francisco-49ers,,
(free agent pool),Free Agent,Marshall Johnson,WR,26,67,,Houston,baltimore-colts,,
(free agent pool),Free Agent,Doug Becker,LB,22,67,,Notre Dame,buffalo-bills,,
(free agent pool),Free Agent,Mike Franckowiak,RB,25,67,,Central Michigan,buffalo-bills,,
(free agent pool),Free Agent,Dave Mays,QB,29,67,,Texas Southern,buffalo-bills,,
(free agent pool),Free Agent,Mike Morgan,RB,22,67,,Wisconsin,chicago-bears,,
(free agent pool),Free Agent,Anthony Davis,RB,26,67,,Southern California,houston-oilers,,
(free agent pool),Free Agent,Bob Simpson,DE,24,67,,Colorado,miami-dolphins,,
(free agent pool),Free Agent,Kevin Hunt,OT,29,67,,Doane,new-orleans-saints,,
(free agent pool),Free Agent,Harold Hart,RB,26,67,,Texas Southern,oakland-raiders,,
(free agent pool),Free Agent,Mike Baldassin,LB,23,67,,Washington,san-francisco-49ers,,
(free agent pool),Free Agent,Wonder Monds,DB,26,67,,Nebraska,san-francisco-49ers,,
(free agent pool),Free Agent,Stu O'Dell,LB,26,66,,Indiana,baltimore-colts,,
(free agent pool),Free Agent,Dennis Sproul,QB,22,66,,Arizona State,green-bay-packers,,
(free agent pool),Free Agent,Alvin Maxson,RB,26,66,,Southern Methodist,pittsburgh-steelers,,
(free agent pool),Free Agent,Lewis Gilbert,TE,22,65,,Florida,atlanta-falcons,,
(free agent pool),Free Agent,Ron Hunt,OT,23,65,,Oregon,cincinnati-bengals,,
(free agent pool),Free Agent,Ernest Pough,WR,26,65,,Texas Southern,new-york-giants,,
(free agent pool),Free Agent,James Betterson,RB,24,65,,North Carolina,philadelphia-eagles,,
(free agent pool),Free Agent,Tommy Southard,WR,23,65,,Furman,st-louis-cardinals,,
(free agent pool),Free Agent,Dennis Law,WR,23,64,,East Tennessee State,cincinnati-bengals,,
(free agent pool),Free Agent,Larry Collins,RB,23,64,,Texas A&M-Kingsville,cleveland-browns,,
(free agent pool),Free Agent,Bob Moore,TE,29,64,,Stanford,denver-broncos,,
(free agent pool),Free Agent,Dean Moore,LB,23,64,,Iowa,san-francisco-49ers,,
(free agent pool),Free Agent,Jack Steptoe,WR,22,64,,Utah,san-francisco-49ers,,
(free agent pool),Free Agent,Calvin O'Neal,LB,24,63,,Michigan,baltimore-colts,,
(free agent pool),Free Agent,Rob Hertel,QB,23,63,,Southern California,cincinnati-bengals,,
(free agent pool),Free Agent,Dan Gray,DT,22,63,,Rutgers,detroit-lions,,
(free agent pool),Free Agent,Larry Mallory,DB,26,63,,Tennessee State,new-york-giants,,
(free agent pool),Free Agent,James Thompson,WR,25,63,,Memphis,new-york-giants,,
(free agent pool),Free Agent,Reggie Grant,DB,23,63,,Oregon,new-york-jets,,
(free agent pool),Free Agent,Lindsey Mason,OT,23,63,,Kansas,oakland-raiders,,
(free agent pool),Free Agent,Bruce Threadgill,DB,22,63,,Mississippi State,san-francisco-49ers,,
(free agent pool),Free Agent,Randy Johnson,OG,25,62,,Georgia,tampa-bay-buccaneers,,
(free agent pool),Free Agent,Jeff Winans,DE,27,62,,Southern California,tampa-bay-buccaneers,,
(free agent pool),Free Agent,George Franklin,RB,24,61,,Texas A&M-Kingsville,atlanta-falcons,,
(free agent pool),Free Agent,Joe Moreino,DT,23,61,,Idaho State,new-york-jets,,
(free agent pool),Free Agent,Tom DePaso,LB,22,60,,Penn State,cincinnati-bengals,,
(free agent pool),Free Agent,John Schuhmacher,OG,23,60,,Southern California,houston-oilers,,
(free agent pool),Free Agent,Jim Harlan,OT,24,60,,Howard Payne,washington-redskins,,
(free agent pool),Free Agent,Mark Iwanowski,TE,23,59,,Pennsylvania,new-york-jets,,
(free agent pool),Free Agent,Blake Whitlatch,LB,23,59,,Louisiana State,new-york-jets,,
(free agent pool),Free Agent,Mark Kellar,RB,26,55,,Northern Illinois,minnesota-vikings,,
(free agent pool),Free Agent,Robert Watts,LB,24,55,,Boston College,oakland-raiders,,
(free agent pool),Free Agent,Jim Earley,RB,22,51,,Michigan State,new-york-jets,,
(free agent pool),Free Agent,Pete Banaszak,RB,34,,,Miami,oakland-raiders,,
(free agent pool),Free Agent,Vince Papale,WR,32,,,St. Joseph's (PA),philadelphia-eagles,,
(free agent pool),Free Agent,Jim Mandich,TE,30,,,Michigan,pittsburgh-steelers,,
(free agent pool),Free Agent,Pat Curran,TE,33,,,Lakeland,san-diego-chargers,,
(free agent pool),Free Agent,Norm Evans,OT,36,,,Texas Christian,seattle-seahawks,,
(free agent pool),Free Agent,Warren Anderson,WR,23,,,West Virginia State,st-louis-cardinals,,
(free agent pool),Free Agent,Jim Bakken,K,37,,,Wisconsin,st-louis-cardinals,,
(free agent pool),Free Agent,Teddy Farmer,RB,25,,,Oregon,st-louis-cardinals,,
(free agent pool),Free Agent,Randy Gill,LB,22,,,San Jose State,st-louis-cardinals,,
(free agent pool),Free Agent,Mark Manges,QB,22,,,Maryland,st-louis-cardinals,,
(free agent pool),Free Agent,Dave Farmer,RB,24,,,Southern California,tampa-bay-buccaneers,,
(free agent pool),Free Agent,Karl Farmer,WR,24,,,Pittsburgh,tampa-bay-buccaneers,,
(free agent pool),Free Agent,Brett Moritz,OG,23,,,Nebraska,tampa-bay-buccaneers,,
(free agent pool),Free Agent,Billy Kilmer,QB,39,,,UCLA,washington-redskins,,
(free agent pool),Free Agent,Ron McDole,DE,39,,,Nebraska,washington-redskins,,
