season,team,w,l,t,pf,pa,pf_rank,pa_rank,n_teams
1960,Houston Oilers,10,4,0,379,285,2,11,21
1960,New York Titans,7,7,0,382,399,1,21,21
1960,Buffalo Bills,5,8,1,296,303,10,14,21
1960,Boston Patriots,5,9,0,286,349,13,17,21
1960,Los Angeles Chargers,10,4,0,373,336,3,16,21
1960,Dallas Texans,8,6,0,362,253,4,8,21
1960,Oakland Raiders,6,8,0,319,388,8,19,21
1960,Denver Broncos,4,9,1,309,393,9,20,21
1960,Philadelphia Eagles,10,2,0,321,246,7,7,21
1960,Cleveland Browns,8,3,1,362,217,5,4,21
1960,New York Giants,6,4,2,271,261,14,9,21
1960,St. Louis Cardinals,6,5,1,288,230,11,5,21
1960,Pittsburgh Steelers,5,6,1,240,275,16,10,21
1960,Washington Redskins,1,9,2,178,309,20,15,21
1960,Green Bay Packers,8,4,0,332,209,6,2,21
1960,Detroit Lions,7,5,0,239,212,17,3,21
1960,San Francisco 49ers,7,5,0,208,205,18,1,21
1960,Baltimore Colts,6,6,0,288,234,12,6,21
1960,Chicago Bears,5,6,1,194,299,19,13,21
1960,Los Angeles Rams,4,7,1,265,297,15,12,21
1960,Dallas Cowboys,0,11,1,177,369,21,18,21
1961,Houston Oilers,10,3,1,513,242,1,4,22
1961,Boston Patriots,9,4,1,413,313,2,13,22
1961,New York Titans,7,7,0,301,390,12,18,22
1961,Buffalo Bills,6,8,0,294,342,14,15,22
1961,San Diego Chargers,12,2,0,396,219,3,1,22
1961,Dallas Texans,6,8,0,334,343,8,16,22
1961,Denver Broncos,3,11,0,251,432,19,21,22
1961,Oakland Raiders,2,12,0,237,458,20,22,22
1961,New York Giants,10,3,1,368,220,5,2,22
1961,Philadelphia Eagles,10,4,0,361,297,6,10,22
1961,Cleveland Browns,8,5,1,319,270,10,7,22
1961,St. Louis Cardinals,7,7,0,279,267,16,6,22
1961,Pittsburgh Steelers,6,8,0,295,287,13,9,22
1961,Dallas Cowboys,4,9,1,236,380,21,17,22
1961,Washington Redskins,1,12,1,174,392,22,19,22
1961,Green Bay Packers,11,3,0,391,223,4,3,22
1961,Detroit Lions,8,5,1,270,258,17,5,22
1961,Chicago Bears,8,6,0,326,302,9,11,22
1961,Baltimore Colts,8,6,0,302,307,11,12,22
1961,San Francisco 49ers,7,6,1,346,272,7,8,22
1961,Los Angeles Rams,4,10,0,263,333,18,14,22
1961,Minnesota Vikings,3,11,0,285,407,15,20,22
1962,Houston Oilers,11,3,0,387,270,5,5,22
1962,Boston Patriots,9,4,1,346,295,7,10,22
1962,Buffalo Bills,7,6,1,309,272,12,6,22
1962,New York Titans,5,9,0,278,423,19,22,22
1962,Dallas Texans,11,3,0,389,233,4,3,22
1962,Denver Broncos,7,7,0,353,334,6,12,22
1962,San Diego Chargers,4,10,0,314,392,10,19,22
1962,Oakland Raiders,1,13,0,213,370,22,17,22
1962,New York Giants,12,2,0,398,283,2,7,22
1962,Pittsburgh Steelers,9,5,0,312,363,11,16,22
1962,Cleveland Browns,7,6,1,291,257,15,4,22
1962,Washington Redskins,5,7,2,305,376,13,18,22
1962,Dallas Cowboys,5,8,1,398,402,3,20,22
1962,St. Louis Cardinals,4,9,1,287,361,16,15,22
1962,Philadelphia Eagles,3,10,1,282,356,17,14,22
1962,Green Bay Packers,13,1,0,415,148,1,1,22
1962,Detroit Lions,11,3,0,315,177,9,2,22
1962,Chicago Bears,9,5,0,321,287,8,8,22
1962,Baltimore Colts,7,7,0,293,288,14,9,22
1962,San Francisco 49ers,6,8,0,282,331,18,11,22
1962,Minnesota Vikings,2,11,1,254,410,20,21,22
1962,Los Angeles Rams,1,12,1,220,334,21,13,22
1963,Boston Patriots,7,6,1,327,257,8,4,22
1963,Buffalo Bills,7,6,1,304,291,14,12,22
1963,Houston Oilers,6,8,0,302,372,15,15,22
1963,New York Jets,5,8,1,249,399,19,21,22
1963,San Diego Chargers,11,3,0,399,255,2,3,22
1963,Oakland Raiders,10,4,0,363,282,4,9,22
1963,Kansas City Chiefs,5,7,2,347,263,5,6,22
1963,Denver Broncos,2,11,1,301,473,16,22,22
1963,New York Giants,11,3,0,448,280,1,8,22
1963,Cleveland Browns,10,4,0,343,262,6,5,22
1963,St. Louis Cardinals,9,5,0,341,283,7,10,22
1963,Pittsburgh Steelers,7,4,3,321,295,10,13,22
1963,Dallas Cowboys,4,10,0,305,378,13,16,22
1963,Washington Redskins,3,11,0,279,398,18,20,22
1963,Philadelphia Eagles,2,10,2,242,381,20,17,22
1963,Chicago Bears,11,1,2,301,144,17,1,22
1963,Green Bay Packers,11,2,1,369,206,3,2,22
1963,Baltimore Colts,8,6,0,316,285,11,11,22
1963,Detroit Lions,5,8,1,326,265,9,7,22
1963,Minnesota Vikings,5,8,1,309,390,12,18,22
1963,Los Angeles Rams,5,9,0,210,350,21,14,22
1963,San Francisco 49ers,2,12,0,198,391,22,19,22
1964,Buffalo Bills,12,2,0,400,242,3,2,22
1964,Boston Patriots,10,3,1,365,297,5,8,22
1964,New York Jets,5,8,1,278,315,16,13,22
1964,Houston Oilers,4,10,0,310,355,11,19,22
1964,San Diego Chargers,8,5,1,341,300,9,9,22
1964,Kansas City Chiefs,7,7,0,366,306,4,11,22
1964,Oakland Raiders,5,7,2,303,350,13,18,22
1964,Denver Broncos,2,11,1,240,438,21,22,22
1964,Cleveland Browns,10,3,1,415,293,2,6,22
1964,St. Louis Cardinals,9,3,2,357,331,6,16,22
1964,Philadelphia Eagles,6,8,0,312,313,10,12,22
1964,Washington Redskins,6,8,0,307,305,12,10,22
1964,Dallas Cowboys,5,8,1,250,289,19,5,22
1964,Pittsburgh Steelers,5,9,0,253,315,18,14,22
1964,New York Giants,2,10,2,241,399,20,21,22
1964,Baltimore Colts,12,2,0,428,225,1,1,22
1964,Green Bay Packers,8,5,1,342,245,8,3,22
1964,Minnesota Vikings,8,5,1,355,296,7,7,22
1964,Detroit Lions,7,5,2,280,260,15,4,22
1964,Los Angeles Rams,5,7,2,283,339,14,17,22
1964,Chicago Bears,5,9,0,260,379,17,20,22
1964,San Francisco 49ers,4,10,0,236,330,22,15,22
1965,Buffalo Bills,10,3,1,313,226,11,2,22
1965,New York Jets,5,8,1,285,303,16,12,22
1965,Boston Patriots,4,8,2,244,302,21,11,22
1965,Houston Oilers,4,10,0,298,429,13,22,22
1965,San Diego Chargers,9,2,3,340,227,7,3,22
1965,Oakland Raiders,8,5,1,298,239,14,4,22
1965,Kansas City Chiefs,7,5,2,322,285,9,8,22
1965,Denver Broncos,4,10,0,303,392,12,18,22
1965,Cleveland Browns,11,3,0,363,325,5,14,22
1965,Dallas Cowboys,7,7,0,325,280,8,6,22
1965,New York Giants,7,7,0,270,338,17,16,22
1965,Washington Redskins,6,8,0,257,301,19,10,22
1965,Philadelphia Eagles,5,9,0,363,359,6,17,22
1965,St. Louis Cardinals,5,9,0,296,309,15,13,22
1965,Pittsburgh Steelers,2,12,0,202,397,22,19,22
1965,Green Bay Packers,10,3,1,316,224,10,1,22
1965,Baltimore Colts,10,3,1,389,284,3,7,22
1965,Chicago Bears,9,5,0,409,275,2,5,22
1965,San Francisco 49ers,7,6,1,421,402,1,20,22
1965,Minnesota Vikings,7,7,0,383,403,4,21,22
1965,Detroit Lions,6,7,1,257,295,20,9,22
1965,Los Angeles Rams,4,10,0,269,328,18,15,22
1966,Buffalo Bills,9,4,1,358,255,4,5,24
1966,Boston Patriots,8,4,2,315,283,13,10,24
1966,New York Jets,6,6,2,322,312,10,14,24
1966,Houston Oilers,3,11,0,335,396,6,22,24
1966,Miami Dolphins,3,11,0,213,362,21,20,24
1966,Kansas City Chiefs,11,2,1,448,276,1,9,24
1966,Oakland Raiders,8,5,1,315,288,14,12,24
1966,San Diego Chargers,7,6,1,335,284,7,11,24
1966,Denver Broncos,4,10,0,196,381,24,21,24
1966,Dallas Cowboys,10,3,1,445,239,2,4,24
1966,Cleveland Browns,9,5,0,403,259,3,6,24
1966,Philadelphia Eagles,9,5,0,326,340,9,17,24
1966,St. Louis Cardinals,8,5,1,264,265,18,7,24
1966,Washington Redskins,7,7,0,351,355,5,19,24
1966,Pittsburgh Steelers,5,8,1,316,347,12,18,24
1966,Atlanta Falcons,3,11,0,204,437,23,23,24
1966,New York Giants,1,12,1,263,501,19,24,24
1966,Green Bay Packers,12,2,0,335,163,8,1,24
1966,Baltimore Colts,9,5,0,314,226,15,3,24
1966,Los Angeles Rams,8,6,0,289,212,17,2,24
1966,San Francisco 49ers,6,6,2,320,325,11,16,24
1966,Chicago Bears,5,7,2,234,272,20,8,24
1966,Detroit Lions,4,9,1,206,317,22,15,24
1966,Minnesota Vikings,4,9,1,292,304,16,13,24
1967,Houston Oilers,9,4,1,258,199,18,3,25
1967,New York Jets,8,5,1,371,329,5,14,25
1967,Buffalo Bills,4,10,0,237,285,21,10,25
1967,Miami Dolphins,4,10,0,219,407,24,22,25
1967,Boston Patriots,3,10,1,280,389,15,21,25
1967,Oakland Raiders,13,1,0,468,233,1,6,25
1967,Kansas City Chiefs,9,5,0,408,254,2,7,25
1967,San Diego Chargers,8,5,1,360,352,7,16,25
1967,Denver Broncos,3,11,0,256,409,19,23,25
1967,Dallas Cowboys,9,5,0,342,268,10,9,25
1967,Philadelphia Eagles,6,7,1,351,409,8,24,25
1967,Washington Redskins,5,6,3,347,353,9,17,25
1967,New Orleans Saints,3,11,0,233,379,22,19,25
1967,Green Bay Packers,9,4,1,332,209,13,4,25
1967,Chicago Bears,7,6,1,239,218,20,5,25
1967,Detroit Lions,5,7,2,260,259,17,8,25
1967,Minnesota Vikings,3,8,3,233,294,23,11,25
1967,Cleveland Browns,9,5,0,334,297,11,12,25
1967,New York Giants,7,7,0,369,379,6,20,25
1967,St. Louis Cardinals,6,7,1,333,356,12,18,25
1967,Pittsburgh Steelers,4,9,1,281,320,14,13,25
1967,Los Angeles Rams,11,1,2,398,196,3,1,25
1967,Baltimore Colts,11,1,2,394,198,4,2,25
1967,San Francisco 49ers,7,7,0,273,337,16,15,25
1967,Atlanta Falcons,1,12,1,175,422,25,25,25
1968,New York Jets,11,3,0,419,280,3,11,26
1968,Houston Oilers,7,7,0,303,248,10,9,26
1968,Miami Dolphins,5,8,1,276,355,15,20,26
1968,Boston Patriots,4,10,0,229,406,21,26,26
1968,Buffalo Bills,1,12,1,199,367,25,22,26
1968,Oakland Raiders,12,2,0,453,233,1,6,26
1968,Kansas City Chiefs,12,2,0,371,170,7,2,26
1968,San Diego Chargers,9,5,0,382,310,6,13,26
1968,Denver Broncos,5,9,0,275,404,16,25,26
1968,Cincinnati Bengals,3,11,0,215,329,22,17,26
1968,Dallas Cowboys,12,2,0,431,186,2,3,26
1968,New York Giants,7,7,0,294,325,12,15,26
1968,Washington Redskins,5,9,0,249,358,18,21,26
1968,Philadelphia Eagles,2,12,0,202,351,24,19,26
1968,Minnesota Vikings,8,6,0,282,242,13,8,26
1968,Chicago Bears,7,7,0,250,333,17,18,26
1968,Green Bay Packers,6,7,1,281,227,14,5,26
1968,Detroit Lions,4,8,2,207,241,23,7,26
1968,Cleveland Browns,10,4,0,394,273,5,10,26
1968,St. Louis Cardinals,9,4,1,325,289,8,12,26
1968,New Orleans Saints,4,9,1,246,327,19,16,26
1968,Pittsburgh Steelers,2,11,1,244,397,20,24,26
1968,Baltimore Colts,13,1,0,402,144,4,1,26
1968,Los Angeles Rams,10,3,1,312,200,9,4,26
1968,San Francisco 49ers,7,6,1,303,310,11,14,26
1968,Atlanta Falcons,2,12,0,170,389,26,23,26
1969,New York Jets,10,4,0,353,269,5,10,26
1969,Houston Oilers,6,6,2,278,279,16,12,26
1969,Boston Patriots,4,10,0,266,316,20,15,26
1969,Buffalo Bills,4,10,0,230,359,24,21,26
1969,Miami Dolphins,3,10,1,233,332,23,18,26
1969,Oakland Raiders,12,1,1,377,242,2,6,26
1969,Kansas City Chiefs,11,3,0,359,177,4,2,26
1969,San Diego Chargers,8,6,0,288,276,12,11,26
1969,Denver Broncos,5,8,1,297,344,11,20,26
1969,Cincinnati Bengals,4,9,1,280,367,13,22,26
1969,Dallas Cowboys,11,2,1,369,223,3,5,26
1969,Washington Redskins,7,5,2,307,319,10,16,26
1969,New Orleans Saints,5,9,0,311,393,9,25,26
1969,Philadelphia Eagles,4,9,1,279,377,14,23,26
1969,Minnesota Vikings,12,2,0,379,133,1,1,26
1969,Detroit Lions,9,4,1,259,188,22,3,26
1969,Green Bay Packers,8,6,0,269,221,19,4,26
1969,Chicago Bears,1,13,0,210,339,26,19,26
1969,Cleveland Browns,10,3,1,351,300,6,14,26
1969,New York Giants,6,8,0,264,298,21,13,26
1969,St. Louis Cardinals,4,9,1,314,389,8,24,26
1969,Pittsburgh Steelers,1,13,0,218,404,25,26,26
1969,Los Angeles Rams,11,3,0,320,243,7,7,26
1969,Baltimore Colts,8,5,1,279,268,15,8,26
1969,Atlanta Falcons,6,8,0,276,268,18,9,26
1969,San Francisco 49ers,4,8,2,277,319,17,17,26
1970,Cincinnati Bengals,8,6,0,312,255,7,9,26
1970,Cleveland Browns,7,7,0,286,265,13,13,26
1970,Pittsburgh Steelers,5,9,0,210,272,21,16,26
1970,Houston Oilers,3,10,1,217,352,20,25,26
1970,Baltimore Colts,11,2,1,321,234,6,7,26
1970,Miami Dolphins,10,4,0,297,228,11,5,26
1970,New York Jets,4,10,0,255,286,17,18,26
1970,Buffalo Bills,3,10,1,204,337,23,23,26
1970,Boston Patriots,2,12,0,149,361,26,26,26
1970,Oakland Raiders,8,4,2,300,293,9,19,26
1970,Kansas City Chiefs,7,5,2,272,244,15,8,26
1970,San Diego Chargers,5,6,3,282,278,14,17,26
1970,Denver Broncos,5,8,1,253,264,18,12,26
1970,Minnesota Vikings,12,2,0,335,143,3,1,26
1970,Detroit Lions,10,4,0,347,202,2,2,26
1970,Green Bay Packers,6,8,0,196,293,24,20,26
1970,Chicago Bears,6,8,0,256,261,16,10,26
1970,Dallas Cowboys,10,4,0,299,221,10,4,26
1970,New York Giants,9,5,0,301,270,8,15,26
1970,St. Louis Cardinals,8,5,1,325,228,4,6,26
1970,Washington Redskins,6,8,0,297,314,12,21,26
1970,Philadelphia Eagles,3,10,1,241,332,19,22,26
1970,San Francisco 49ers,10,3,1,352,267,1,14,26
1970,Los Angeles Rams,9,4,1,325,202,5,3,26
1970,Atlanta Falcons,4,8,2,206,261,22,11,26
1970,New Orleans Saints,2,11,1,172,347,25,24,26
1971,Cleveland Browns,9,5,0,285,273,10,10,26
1971,Pittsburgh Steelers,6,8,0,246,292,17,17,26
1971,Houston Oilers,4,9,1,251,330,16,22,26
1971,Cincinnati Bengals,4,10,0,284,265,11,9,26
1971,Miami Dolphins,10,3,1,315,174,4,3,26
1971,Baltimore Colts,10,4,0,313,140,5,2,26
1971,New England Patriots,6,8,0,238,325,19,21,26
1971,New York Jets,6,8,0,212,299,23,19,26
1971,Buffalo Bills,1,13,0,184,394,26,26,26
1971,Kansas City Chiefs,10,3,1,302,208,8,5,26
1971,Oakland Raiders,8,4,2,344,278,2,14,26
1971,San Diego Chargers,6,8,0,311,341,7,23,26
1971,Denver Broncos,4,9,1,203,275,24,11,26
1971,Minnesota Vikings,11,3,0,245,139,18,1,26
1971,Detroit Lions,7,6,1,341,286,3,16,26
1971,Chicago Bears,6,8,0,185,276,25,12,26
1971,Green Bay Packers,4,8,2,274,298,13,18,26
1971,Dallas Cowboys,11,3,0,406,222,1,7,26
1971,Washington Redskins,9,4,1,276,190,12,4,26
1971,Philadelphia Eagles,6,7,1,221,302,22,20,26
1971,St. Louis Cardinals,4,9,1,231,279,20,15,26
1971,New York Giants,4,10,0,228,362,21,25,26
1971,San Francisco 49ers,9,5,0,300,216,9,6,26
1971,Los Angeles Rams,8,5,1,313,260,6,8,26
1971,Atlanta Falcons,7,6,1,274,277,14,13,26
1971,New Orleans Saints,4,8,2,266,347,15,24,26
1972,Pittsburgh Steelers,11,3,0,343,175,5,2,26
1972,Cleveland Browns,10,4,0,268,249,17,9,26
1972,Cincinnati Bengals,8,6,0,299,229,13,5,26
1972,Houston Oilers,1,13,0,164,380,25,25,26
1972,Miami Dolphins,14,0,0,385,171,1,1,26
1972,New York Jets,7,7,0,367,324,2,19,26
1972,Baltimore Colts,5,9,0,235,252,20,11,26
1972,Buffalo Bills,4,9,1,257,377,19,24,26
1972,New England Patriots,3,11,0,192,446,24,26,26
1972,Oakland Raiders,10,3,1,365,248,3,8,26
1972,Kansas City Chiefs,8,6,0,287,254,15,13,26
1972,Denver Broncos,5,9,0,325,350,9,21,26
1972,San Diego Chargers,4,9,1,264,344,18,20,26
1972,Green Bay Packers,10,4,0,304,226,11,4,26
1972,Detroit Lions,8,5,1,339,290,6,17,26
1972,Minnesota Vikings,7,7,0,301,252,12,12,26
1972,Chicago Bears,4,9,1,225,275,21,15,26
1972,Washington Redskins,11,3,0,336,218,7,3,26
1972,Dallas Cowboys,10,4,0,319,240,10,6,26
1972,New York Giants,8,6,0,331,247,8,7,26
1972,St. Louis Cardinals,4,9,1,193,303,23,18,26
1972,Philadelphia Eagles,2,11,1,145,352,26,22,26
1972,San Francisco 49ers,8,5,1,353,249,4,10,26
1972,Atlanta Falcons,7,7,0,269,274,16,14,26
1972,Los Angeles Rams,6,7,1,291,286,14,16,26
1972,New Orleans Saints,2,11,1,215,361,22,23,26
1973,Cincinnati Bengals,10,4,0,286,231,11,11,26
1973,Pittsburgh Steelers,10,4,0,347,210,4,8,26
1973,Cleveland Browns,7,5,2,234,255,18,13,26
1973,Houston Oilers,1,13,0,199,447,23,26,26
1973,Miami Dolphins,12,2,0,343,150,5,1,26
1973,Buffalo Bills,9,5,0,259,230,15,10,26
1973,New England Patriots,5,9,0,258,300,16,16,26
1973,New York Jets,4,10,0,240,306,17,17,26
1973,Baltimore Colts,4,10,0,226,341,20,21,26
1973,Oakland Raiders,9,4,1,292,175,10,3,26
1973,Kansas City Chiefs,7,5,2,231,192,19,5,26
1973,Denver Broncos,7,5,2,354,296,3,15,26
1973,San Diego Chargers,2,11,1,188,386,25,24,26
1973,Minnesota Vikings,12,2,0,296,168,9,2,26
1973,Detroit Lions,6,7,1,271,247,13,12,26
1973,Green Bay Packers,5,7,2,202,259,22,14,26
1973,Chicago Bears,3,11,0,195,334,24,20,26
1973,Dallas Cowboys,10,4,0,382,203,2,7,26
1973,Washington Redskins,10,4,0,325,198,6,6,26
1973,Philadelphia Eagles,5,8,1,310,393,8,25,26
1973,St. Louis Cardinals,4,9,1,286,365,12,23,26
1973,New York Giants,2,11,1,226,362,21,22,26
1973,Los Angeles Rams,12,2,0,388,178,1,4,26
1973,Atlanta Falcons,9,5,0,318,224,7,9,26
1973,San Francisco 49ers,5,9,0,262,319,14,19,26
1973,New Orleans Saints,5,9,0,163,312,26,18,26
1974,Pittsburgh Steelers,10,3,1,305,189,6,2,26
1974,Houston Oilers,7,7,0,236,282,17,18,26
1974,Cincinnati Bengals,7,7,0,283,259,10,13,26
1974,Cleveland Browns,4,10,0,251,344,15,26,26
1974,Miami Dolphins,11,3,0,327,216,3,6,26
1974,Buffalo Bills,9,5,0,264,244,12,12,26
1974,New York Jets,7,7,0,279,300,11,24,26
1974,New England Patriots,7,7,0,348,289,2,20,26
1974,Baltimore Colts,2,12,0,190,329,23,25,26
1974,Oakland Raiders,12,2,0,355,228,1,9,26
1974,Denver Broncos,7,6,1,302,294,7,22,26
1974,Kansas City Chiefs,5,9,0,233,293,18,21,26
1974,San Diego Chargers,5,9,0,212,285,20,19,26
1974,Minnesota Vikings,10,4,0,310,195,5,3,26
1974,Detroit Lions,7,7,0,256,270,14,15,26
1974,Green Bay Packers,6,8,0,210,206,21,5,26
1974,Chicago Bears,4,10,0,152,279,25,17,26
1974,St. Louis Cardinals,10,4,0,285,218,9,8,26
1974,Washington Redskins,10,4,0,320,196,4,4,26
1974,Dallas Cowboys,8,6,0,297,235,8,10,26
1974,Philadelphia Eagles,7,7,0,242,217,16,7,26
1974,New York Giants,2,12,0,195,299,22,23,26
1974,Los Angeles Rams,10,4,0,263,181,13,1,26
1974,San Francisco 49ers,6,8,0,226,236,19,11,26
1974,New Orleans Saints,5,9,0,166,263,24,14,26
1974,Atlanta Falcons,3,11,0,111,271,26,16,26
1975,Pittsburgh Steelers(1),12,2,0,373,162,5,2,26
1975,Cincinnati Bengals(4),11,3,0,340,246,9,6,26
1975,Houston Oilers,10,4,0,293,226,12,5,26
1975,Cleveland Browns,3,11,0,218,372,22,24,26
1975,Baltimore Colts(3),10,4,0,395,269,2,10,26
1975,Miami Dolphins,10,4,0,357,222,6,4,26
1975,Buffalo Bills,8,6,0,420,355,1,21,26
1975,New York Jets,3,11,0,258,433,14,26,26
1975,New England Patriots,3,11,0,258,358,15,22,26
1975,Oakland Raiders(2),11,3,0,375,255,4,7,26
1975,Denver Broncos,6,8,0,254,307,17,18,26
1975,Kansas City Chiefs,5,9,0,282,341,13,19,26
1975,San Diego Chargers,2,12,0,189,345,25,20,26
1975,Minnesota Vikings(1),12,2,0,377,180,3,3,26
1975,Detroit Lions,7,7,0,245,262,18,8,26
1975,Chicago Bears,4,10,0,191,379,24,25,26
1975,Green Bay Packers,4,10,0,226,285,20,13,26
1975,St. Louis Cardinals(3),11,3,0,356,276,7,11,26
1975,Dallas Cowboys(4),10,4,0,350,268,8,9,26
1975,Washington Redskins,8,6,0,325,276,10,12,26
1975,New York Giants,5,9,0,216,306,23,17,26
1975,Philadelphia Eagles,4,10,0,225,302,21,16,26
1975,Los Angeles Rams(2),12,2,0,312,135,11,1,26
1975,San Francisco 49ers,5,9,0,255,286,16,14,26
1975,Atlanta Falcons,4,10,0,240,289,19,15,26
1975,New Orleans Saints,2,12,0,165,360,26,23,26
1976,Pittsburgh Steelers(3),10,4,0,342,138,5,1,28
1976,Cincinnati Bengals,10,4,0,335,210,6,7,28
1976,Cleveland Browns,9,5,0,267,287,14,20,28
1976,Houston Oilers,5,9,0,222,273,22,17,28
1976,Baltimore Colts(2),11,3,0,417,246,1,13,28
1976,New England Patriots(4),11,3,0,376,236,2,11,28
1976,Miami Dolphins,6,8,0,263,264,15,15,28
1976,New York Jets,3,11,0,169,383,26,26,28
1976,Buffalo Bills,2,12,0,245,363,20,24,28
1976,Oakland Raiders(1),13,1,0,350,237,4,12,28
1976,Denver Broncos,9,5,0,315,206,7,6,28
1976,San Diego Chargers,6,8,0,248,285,19,18,28
1976,Kansas City Chiefs,5,9,0,290,376,12,25,28
1976,Tampa Bay Buccaneers,0,14,0,125,412,28,27,28
1976,Minnesota Vikings(1),11,2,1,305,176,9,2,28
1976,Chicago Bears,7,7,0,253,216,17,8,28
1976,Detroit Lions,6,8,0,262,220,16,10,28
1976,Green Bay Packers,5,9,0,218,299,23,21,28
1976,Dallas Cowboys(2),11,3,0,296,194,10,5,28
1976,Washington Redskins(4),10,4,0,291,217,11,9,28
1976,St. Louis Cardinals,10,4,0,309,267,8,16,28
1976,Philadelphia Eagles,4,10,0,165,286,27,19,28
1976,New York Giants,3,11,0,170,250,25,14,28
1976,Los Angeles Rams(3),10,3,1,351,190,3,3,28
1976,San Francisco 49ers,8,6,0,270,190,13,4,28
1976,New Orleans Saints,4,10,0,253,346,18,23,28
1976,Atlanta Falcons,4,10,0,172,312,24,22,28
1976,Seattle Seahawks,2,12,0,229,429,21,28,28
1977,Pittsburgh Steelers(3),9,5,0,276,243,9,17,28
1977,Houston Oilers,8,6,0,299,230,5,14,28
1977,Cincinnati Bengals,8,6,0,238,235,14,16,28
1977,Cleveland Browns,6,8,0,269,267,12,22,28
1977,Baltimore Colts(2),10,4,0,295,221,6,11,28
1977,Miami Dolphins,10,4,0,313,197,3,5,28
1977,New England Patriots,9,5,0,278,217,8,9,28
1977,New York Jets,3,11,0,191,300,22,24,28
1977,Buffalo Bills,3,11,0,160,313,26,25,28
1977,Denver Broncos(1),12,2,0,274,148,10,3,28
1977,Oakland Raiders(4),11,3,0,351,230,1,15,28
1977,San Diego Chargers,7,7,0,222,205,18,6,28
1977,Seattle Seahawks,5,9,0,282,373,7,28,28
1977,Kansas City Chiefs,2,12,0,225,349,17,27,28
1977,Minnesota Vikings(3),9,5,0,231,227,16,13,28
1977,Chicago Bears(4),9,5,0,255,253,13,19,28
1977,Detroit Lions,6,8,0,183,252,23,18,28
1977,Green Bay Packers,4,10,0,134,219,27,10,28
1977,Tampa Bay Buccaneers,2,12,0,103,223,28,12,28
1977,Dallas Cowboys(1),12,2,0,345,212,2,8,28
1977,Washington Redskins,9,5,0,196,189,21,4,28
1977,St. Louis Cardinals,7,7,0,272,287,11,23,28
1977,Philadelphia Eagles,5,9,0,220,207,19,7,28
1977,New York Giants,5,9,0,181,265,24,21,28
1977,Los Angeles Rams(2),10,4,0,302,146,4,2,28
1977,Atlanta Falcons,7,7,0,179,129,25,1,28
1977,San Francisco 49ers,5,9,0,220,260,20,20,28
1977,New Orleans Saints,3,11,0,232,336,15,26,28
1978,Pittsburgh Steelers(1),14,2,0,356,195,5,1,28
1978,Houston Oilers(5),10,6,0,283,298,14,16,28
1978,Cleveland Browns,8,8,0,334,356,8,25,28
1978,Cincinnati Bengals,4,12,0,252,284,21,12,28
1978,New England Patriots(2),11,5,0,358,286,4,13,28
1978,Miami Dolphins(4),11,5,0,372,254,2,6,28
1978,New York Jets,8,8,0,359,364,3,27,28
1978,Buffalo Bills,5,11,0,302,354,11,24,28
1978,Baltimore Colts,5,11,0,240,421,26,28,28
1978,Denver Broncos(3),10,6,0,282,198,15,2,28
1978,Oakland Raiders,9,7,0,311,283,10,10,28
1978,Seattle Seahawks,9,7,0,345,358,7,26,28
1978,San Diego Chargers,9,7,0,355,309,6,21,28
1978,Kansas City Chiefs,4,12,0,243,327,24,22,28
1978,Minnesota Vikings(3),8,7,1,294,306,12,20,28
1978,Green Bay Packers,8,7,1,249,269,22,8,28
1978,Detroit Lions,7,9,0,290,300,13,19,28
1978,Chicago Bears,7,9,0,253,274,20,9,28
1978,Tampa Bay Buccaneers,5,11,0,241,259,25,7,28
1978,Dallas Cowboys(2),12,4,0,384,208,1,3,28
1978,Philadelphia Eagles(5),9,7,0,270,250,18,5,28
1978,Washington Redskins,8,8,0,273,283,17,11,28
1978,St. Louis Cardinals,6,10,0,248,296,23,15,28
1978,New York Giants,6,10,0,264,298,19,17,28
1978,Los Angeles Rams(1),12,4,0,316,245,9,4,28
1978,Atlanta Falcons(4),9,7,0,240,290,27,14,28
1978,New Orleans Saints,7,9,0,281,298,16,18,28
1978,San Francisco 49ers,2,14,0,219,350,28,23,28
