team,name,fdb_pos,mod_pos,pgm3_pos,povr,rating,join_tier,pos_note
atlanta-falcons,Alfred Jackson,WR,WR,WR,79,71,team+name,
atlanta-falcons,Alfred Jenkins,WR,WR,WR,85,80,team+name,
atlanta-falcons,Billy Ryckman,WR,WR,WR,77,68,team+name,
atlanta-falcons,Bob Glazebrook,DB,SS,S,75,64,team+name,
atlanta-falcons,Brian Cabral,LB,MLB,MLB,70,61,team+name,
atlanta-falcons,Bubba Bean,RB,RB,RB,80,77,team+name,
atlanta-falcons,Dave Scott,OG,LG,OG,83,76,team+name,
atlanta-falcons,Dennis Pearson,WR,WR,WR,76,67,team+name,
atlanta-falcons,Dewey McClain,LB,LOLB,OLB,73,63,team+name,
atlanta-falcons,Don Smith,DT,RE,DE,76,62,team+name,
atlanta-falcons,Edgar Fields,DE,DT,DT,83,74,team+name,
atlanta-falcons,Frank Reed,DB,SS,S,85,77,team+name,
atlanta-falcons,Fulton Kuykendall,LB,LOLB,OLB,84,81,team+name,
atlanta-falcons,Greg Brezina,LB,ROLB,OLB,83,79,team+name,
atlanta-falcons,Haskel Stanback,RB,RB,RB,79,74,team+name,
atlanta-falcons,James Mayberry,RB,RB,RB,73,63,team+name,
atlanta-falcons,Jeff Merrow,DE,RE,DE,86,76,team+name,
atlanta-falcons,Jeff Van Note,C,C,C,93,88,team+name,
atlanta-falcons,Jeff Yeates,DE,LE,DE,88,83,team+name,
atlanta-falcons,Jerome King,DB,CB,CB,69,54,team+name,
atlanta-falcons,Jim Mitchell,TE,TE,TE,89,83,team+name,
atlanta-falcons,Joel Williams,LB,ROLB,OLB,61,52,team+name,
atlanta-falcons,John James,P,P,P,97,86,team+name,
atlanta-falcons,June Jones,QB,QB,QB,71,67,team+name,
atlanta-falcons,Lynn Cain,RB,RB,RB,79,74,team+name,
atlanta-falcons,Mike Kenn,OT,LT,OT,87,82,team+name,
atlanta-falcons,Mike Lewis,DT,DT,DT,83,74,team+name,
atlanta-falcons,Mike Moroski,QB,QB,QB,75,72,team+name,
atlanta-falcons,Mike Zele,DT,DT,DT,72,61,team+name,
atlanta-falcons,Pat Howell,OG,RG,OG,75,63,team+name,
atlanta-falcons,Paul Ryczek,C,C,C,75,63,team+name,
atlanta-falcons,Phil McKinnely,OT,LT,OT,71,62,team+name,
atlanta-falcons,R.C. Thielemann,OG,RG,OG,88,82,team+name,
atlanta-falcons,Ray Easterling,DB,FS,S,81,69,team+name,
atlanta-falcons,Ray Strong,RB,RB,RB,74,65,team+name,
atlanta-falcons,Rick Byas,DB,CB,CB,87,82,team+name,
atlanta-falcons,Robert Pennywell,LB,MLB,MLB,84,77,team+name,
atlanta-falcons,Rolland Lawrence,DB,CB,CB,91,87,team+name,
atlanta-falcons,Ronnie McCartney,LB,MLB,MLB,71,62,team+surname+position,
atlanta-falcons,Russ Mikeska,TE,TE,TE,67,54,team+name,
atlanta-falcons,Steve Bartkowski,QB,QB,QB,86,91,team+name,
atlanta-falcons,Tim Mazzetti,K,K,K,76,73,team+name,
atlanta-falcons,Tom Moriarty,DB,CB,CB,73,62,team+name,
atlanta-falcons,Tom Pridemore,DB,FS,S,83,72,team+name,
atlanta-falcons,Tony Daykin,LB,ROLB,OLB,70,61,team+name,
atlanta-falcons,Wally Francis,WR,WR,WR,86,82,team+surname+position,
atlanta-falcons,Warren Bryant,OT,RT,OT,82,72,team+name,
atlanta-falcons,William Andrews,RB,FB,RB,83,72,team+name,
atlanta-falcons,Wilson Faumuina,DT,DT,DT,83,74,team+name,
baltimore-colts,Barry Krauss,LB,MLB,MLB,68,58,team+name,
baltimore-colts,Ben Garry,RB,RB,RB,67,54,team+name,
baltimore-colts,Bert Jones,QB,QB,QB,77,76,team+name,
baltimore-colts,Bob Pratt,OG,LG,OG,82,72,team+surname+position,
baltimore-colts,Bob Van Duyne,OG,RT,OT,75,68,team+name,
baltimore-colts,Brian DeRoo,WR,WR,WR,74,64,team+name,
baltimore-colts,Bruce Laird,DB,SS,S,96,93,team+name,
baltimore-colts,Bucky Dilts,P,P,P,78,72,team+name,
baltimore-colts,David Taylor,OT,LT,OT,78,71,team+surname+position,
baltimore-colts,Don Hardeman,RB,FB,RB,82,69,team+name,
baltimore-colts,Don McCauley,RB,RB,RB,78,72,team+name,
baltimore-colts,Doug Nettles,DB,CB,CB,81,72,team+name,
baltimore-colts,Dwight Harrison,DB,CB,CB,79,68,team+name,
baltimore-colts,Ed Simonini,LB,MLB,MLB,85,80,team+name,
baltimore-colts,Fred Cook,DE,LE,DE,87,79,team+name,
baltimore-colts,Glenn Doughty,WR,WR,WR,87,84,team+name,
baltimore-colts,Greg Fields,DE,RE,DE,69,51,team+name,
baltimore-colts,Greg Landry,QB,QB,QB,76,73,team+name,
baltimore-colts,Herb Orvis,DE,DT,DT,76,65,team+name,
baltimore-colts,Jeff Hart,OT,RT,OT,78,71,team+name,
baltimore-colts,Jerry Golsteyn,QB,QB,QB,63,60,name only (moved or FA in the mod),
baltimore-colts,Jim Krahl,DT,DT,DT,64,53,team+name,
baltimore-colts,Joe Ehrmann,DT,DT,DT,85,77,team+name,
baltimore-colts,Joe Washington,RB,RB,RB,85,85,team+name,
baltimore-colts,Ken Huff,OG,RG,OG,86,79,team+name,
baltimore-colts,Ken Mendenhall,C,C,C,86,77,team+name,
baltimore-colts,Larry Braziel,DB,CB,CB,81,72,team+name,
baltimore-colts,Lee Gross,C,C,C,70,45,team+name,
baltimore-colts,Lyle Blackwood,DB,FS,S,90,82,team+name,
baltimore-colts,Mack Alston,TE,TE,TE,77,66,team+name,
baltimore-colts,Mike Barnes,DT,DT,DT,88,81,team+name,
baltimore-colts,Mike Ozdowski,DE,LE,DE,80,65,team+name,
baltimore-colts,Mike Siani,WR,WR,WR,80,73,team+name,
baltimore-colts,Mike Woods,LB,ROLB,OLB,69,57,team+name,
baltimore-colts,Nesby Glasgow,DB,FS,S,77,63,team+name,
baltimore-colts,Norm Thompson,DB,CB,CB,79,68,team+name,
baltimore-colts,Randy Burke,WR,WR,WR,75,65,team+name,
baltimore-colts,Reese McCall,TE,TE,TE,79,70,team+name,
baltimore-colts,Reggie Pinkney,DB,CB,CB,77,65,team+name,
baltimore-colts,Roger Carr,WR,WR,WR,87,84,team+name,
baltimore-colts,Ron Baker,OG,LG,OG,74,64,team+name,
baltimore-colts,Ron Fernandes,DE,RE,DE,81,70,team+name,
baltimore-colts,Roosevelt Leaks,RB,FB,RB,83,72,team+name,
baltimore-colts,Sanders Shiver,LB,LOLB,OLB,83,80,team+name,
baltimore-colts,Stan White,LB,ROLB,OLB,86,84,team+name,
baltimore-colts,Steve Mike-Mayer,K,K,K,76,73,team+name,
baltimore-colts,Steve Zabel,LB,LOLB,OLB,80,74,team+name,
baltimore-colts,Wade Griffin,OT,LT,OT,76,68,team+name,
buffalo-bills,Ben Williams,DE,LE,DE,83,71,team+name,
buffalo-bills,Bill Munson,QB,QB,QB,66,63,team+name,
buffalo-bills,Bob Chandler,WR,WR,WR,82,76,team+name,
buffalo-bills,Charles Romes,DB,CB,CB,85,78,team+name,
buffalo-bills,Chris Keating,LB,ROLB,OLB,67,55,team+name,
buffalo-bills,Curtis Brown,RB,FB,RB,83,72,team+name,
buffalo-bills,Dan Jilek,LB,LOLB,OLB,75,66,team+name,
buffalo-bills,Dan Manucci,QB,QB,QB,65,62,team+name,
buffalo-bills,Danny Fulton,WR,WR,WR,74,64,team+name,
buffalo-bills,Dee Hardison,DE,DT,DT,79,69,team+name,
buffalo-bills,Dennis Johnson,RB,FB,RB,67,51,team+surname+position,
buffalo-bills,Doug Greene,DB,SS,S,72,62,team+name,
buffalo-bills,Ed Fulton,OG,RG,OG,69,59,team+name,
buffalo-bills,Frank Lewis,WR,WR,WR,84,78,team+name,
buffalo-bills,Fred Smerlas,DT,DT,DT,83,74,team+name,
buffalo-bills,Isiah Robertson,LB,LOLB,OLB,90,86,team+name,
buffalo-bills,Jeff Nixon,DB,FS,S,79,66,team+name,
buffalo-bills,Jerry Butler,WR,WR,WR,83,76,team+name,
buffalo-bills,Jim Haslett,LB,MLB,MLB,76,69,team+name,
buffalo-bills,Joe DeLamielleure,OG,RG,OG,94,89,team+name,
buffalo-bills,Joe Devlin,OT,RT,OT,79,71,team+name,
buffalo-bills,Joe Ferguson,QB,QB,QB,83,86,team+name,
buffalo-bills,Jon Borchardt,OG,RT,OT,71,65,team+name,
buffalo-bills,Joseph Shipp,TE,TE,TE,70,58,team+surname+position,
buffalo-bills,Keith Moody,DB,CB,CB,82,74,team+name,
buffalo-bills,Ken Johnson,DE,RE,DE,72,56,team+surname+position,
buffalo-bills,Ken Jones,OT,LT,OT,77,70,team+name,
buffalo-bills,Leonard Willis,WR,WR,WR,73,63,team+name,
buffalo-bills,Lou Piccone,WR,WR,WR,81,74,team+name,
buffalo-bills,Lucius Sanford,LB,ROLB,OLB,81,74,team+name,
buffalo-bills,Mario Clark,DB,CB,CB,90,86,team+name,
buffalo-bills,Mike Collier,RB,RB,RB,71,61,team+name,
buffalo-bills,Mike Kadish,DT,DT,DT,84,77,team+name,
buffalo-bills,Nick Mike-Mayer,K,K,K,82,79,team+name,
buffalo-bills,Reggie McKenzie,OG,LG,OG,94,89,team+name,
buffalo-bills,Reuben Gant,TE,TE,TE,79,70,team+name,
buffalo-bills,Roland Hooks,RB,RB,RB,77,69,team+name,
buffalo-bills,Ron Howard,TE,TE,TE,72,62,team+name,
buffalo-bills,Rusty Jackson,P,P,P,83,78,team+name,
buffalo-bills,Scott Hutchinson,DE,LE,DE,71,56,team+name,
buffalo-bills,Shane Nelson,LB,MLB,MLB,76,69,team+name,
buffalo-bills,Sherman White,DE,RE,DE,89,82,team+name,
buffalo-bills,Steve Freeman,DB,SS,S,84,74,team+name,
buffalo-bills,Steve Powell,RB,RB,RB,66,49,team+name,
buffalo-bills,Terry Miller,RB,RB,RB,80,77,team+name,
buffalo-bills,Tim Vogler,C,RG,OG,74,62,team+name,
buffalo-bills,Tom Dempsey,K,K,K,70,54,team+name,
buffalo-bills,Tom Higgins,LB,ROLB,OLB,70,61,team+name,
buffalo-bills,Tony Greene,DB,FS,S,90,82,team+name,
buffalo-bills,Will Grant,C,C,C,75,63,team+name,
buffalo-bills,Willie Parker,C,C,C,81,68,team+name,
chicago-bears,Al Harris,LB,RE,DE,82,71,team+name,
chicago-bears,Alan Page,DT,DT,DT,92,86,team+name,
chicago-bears,Allan Ellis,DB,CB,CB,77,65,team+name,
chicago-bears,Bob Avellini,QB,QB,QB,75,72,team+name,
chicago-bears,Bob Parsons,P,P,P,84,79,team+name,
chicago-bears,Bob Thomas,K,K,K,85,82,team+name,
chicago-bears,Brian Baschnagel,WR,WR,WR,85,80,team+name,
chicago-bears,Bruce Herron,LB,ROLB,OLB,69,57,team+name,
chicago-bears,Dan Hampton,DT,LE,DE,86,77,team+name,
chicago-bears,Dan Jiggetts,OT,RT,OT,72,66,team+name,
chicago-bears,Dan Neal,C,C,C,84,74,team+name,
chicago-bears,Dave Williams,RB,FB,RB,83,72,team+name,
chicago-bears,Dennis Lick,OT,RT,OT,85,78,team+name,
chicago-bears,Doug Buffone,LB,LOLB,OLB,79,72,team+name,
chicago-bears,Doug Plank,DB,FS,S,91,83,team+name,
chicago-bears,Gary Campbell,LB,ROLB,OLB,83,79,team+name,
chicago-bears,Gary Fencik,DB,SS,S,95,88,team+name,
chicago-bears,Golden Richards,WR,WR,WR,78,69,team+name,
chicago-bears,Greg Latta,TE,TE,TE,79,70,team+name,
chicago-bears,Harry Washington,WR,WR,WR,69,59,team+name,
chicago-bears,Jack Deloplaine,RB,RB,RB,69,58,team+name,
chicago-bears,James Scott,WR,WR,WR,84,78,team+name,
chicago-bears,Jerry Meyers,DE,LE,DE,77,60,team+name,
chicago-bears,Jerry Muckensturm,LB,LOLB,OLB,80,74,team+name,
chicago-bears,Jim Osborne,DT,DT,DT,90,83,team+name,
chicago-bears,John Skibinski,RB,RB,RB,68,56,team+name,
chicago-bears,Kris Haines,WR,WR,WR,69,59,team+name,
chicago-bears,Lee Kunz,LB,MLB,MLB,69,60,team+name,
chicago-bears,Len Walterscheid,DB,FS,S,76,61,team+name,
chicago-bears,Lonnie Perrin,RB,RB,RB,75,67,team+name,
chicago-bears,Lynn Boden,OG,RG,OG,82,71,team+name,
chicago-bears,Mark Merrill,LB,MLB,MLB,71,62,name only (moved or FA in the mod),
chicago-bears,Mike Cobb,TE,TE,TE,79,70,team+name,
chicago-bears,Mike Hartenstine,DE,RE,DE,83,72,team+name,
chicago-bears,Mike Phipps,QB,QB,QB,76,73,team+name,
chicago-bears,Mike Spivey,DB,CB,CB,78,67,team+name,
chicago-bears,Noah Jackson,OG,LG,OG,88,83,team+name,
chicago-bears,Revie Sorey,OG,RG,OG,84,78,team+name,
chicago-bears,Rickey Watts,WR,WR,WR,80,73,team+name,
chicago-bears,Robin Earl,RB,TE,TE,78,68,team+name,
chicago-bears,Ron Rydalch,DT,DT,DT,84,77,team+name,
chicago-bears,Steve Schubert,WR,WR,WR,74,64,team+name,
chicago-bears,Ted Albrecht,OT,LT,OT,84,80,team+name,
chicago-bears,Terry Schmidt,DB,CB,CB,84,76,team+name,
chicago-bears,Tom Hicks,LB,MLB,MLB,84,77,team+name,
chicago-bears,Tommy Hart,DE,LE,DE,85,76,team+name,
chicago-bears,Tony Ardizzone,C,C,C,66,41,team+name,
chicago-bears,Vince Evans,QB,QB,QB,75,72,team+name,
chicago-bears,Virgil Livers,DB,CB,CB,86,81,team+name,
chicago-bears,Walter Payton,RB,RB,RB,99,98,team+name,
chicago-bears,Wentford Gaines,DB,CB,CB,76,64,team+name,
chicago-bears,Willie McClendon,RB,FB,RB,73,59,team+name,
cincinnati-bengals,Archie Griffin,RB,RB,RB,78,72,team+name,
cincinnati-bengals,Barney Cotton,OG,LT,OT,66,57,team+name,
cincinnati-bengals,Billy Brooks,WR,WR,WR,78,69,team+name,
cincinnati-bengals,Blair Bush,C,C,C,81,68,team+name,
cincinnati-bengals,Bo Harris,LB,LOLB,OLB,79,72,team+name,
cincinnati-bengals,Bob Johnson,C,C,C,79,67,team+name,
cincinnati-bengals,Charles Alexander,RB,RB,RB,78,72,team+name,
cincinnati-bengals,Chris Bahr,K,K,K,81,77,team+name,
cincinnati-bengals,Dan Ross,TE,TE,TE,84,76,team+name,
cincinnati-bengals,Dave Lapham,OG,RG,OG,83,76,team+name,
cincinnati-bengals,Deacon Turner,RB,RB,RB,73,63,team+name,
cincinnati-bengals,Dick Jauron,DB,FS,S,78,65,team+name,
cincinnati-bengals,Don Bass,TE,WR,WR,86,82,team+name,
cincinnati-bengals,Eddie Edwards,DE,DT,DT,79,69,team+name,
cincinnati-bengals,Gary Burley,DE,LE,DE,82,69,team+name,
cincinnati-bengals,Glenn Bujnoch,OG,LG,OG,75,66,team+name,
cincinnati-bengals,Glenn Cameron,LB,LOLB,OLB,78,70,team+name,
cincinnati-bengals,Howie Kurnick,LB,MLB,MLB,67,56,team+surname+position,
cincinnati-bengals,Isaac Curtis,WR,WR,WR,85,80,team+name,
cincinnati-bengals,Jack Thompson,QB,QB,QB,70,67,team+name,
cincinnati-bengals,James Corbett,TE,TE,TE,67,54,team+surname+position,
cincinnati-bengals,Jim Browner,DB,FS,S,67,54,team+name,
cincinnati-bengals,Jim LeClair,LB,MLB,MLB,87,87,team+name,
cincinnati-bengals,Ken Anderson,QB,QB,QB,90,94,team+name,
cincinnati-bengals,Ken Riley,DB,CB,CB,80,70,team+name,
cincinnati-bengals,Louis Breeden,DB,CB,CB,81,72,team+name,
cincinnati-bengals,Mack Mitchell,DE,RE,DE,80,69,team+name,
cincinnati-bengals,Mark Donahue,OG,LG,OG,72,60,team+name,
cincinnati-bengals,Marvin Cobb,DB,SS,S,84,74,team+name,
cincinnati-bengals,Max Montoya,OG,RG,OG,82,71,team+name,
cincinnati-bengals,Mike Levenseller,WR,WR,WR,67,58,team+name,
cincinnati-bengals,Mike White,DT,DT,DT,69,57,team+name,
cincinnati-bengals,Mike Wilson,OT,LT,OT,76,68,team+surname+position,
cincinnati-bengals,Nathan Poole,RB,FB,RB,52,45,team+name,
cincinnati-bengals,Pat McInally,P,P,P,81,75,"team+name, duplicate in mod",
cincinnati-bengals,Pete Johnson,RB,FB,RB,85,78,team+name,
cincinnati-bengals,Ray Griffin,DB,CB,CB,77,65,team+name,
cincinnati-bengals,Reggie Williams,LB,ROLB,OLB,87,85,team+name,
cincinnati-bengals,Rick Walker,TE,TE,TE,81,72,team+name,
cincinnati-bengals,Ross Browner,DE,RE,DE,86,76,team+name,
cincinnati-bengals,Scott Burk,DB,SS,S,70,60,team+name,
cincinnati-bengals,Scott Perry,DB,FS,S,77,63,team+name,
cincinnati-bengals,Steve Kreider,WR,WR,WR,76,67,team+name,
cincinnati-bengals,Tom Dinkel,LB,LOLB,OLB,77,68,team+name,
cincinnati-bengals,Tom Ruud,LB,ROLB,OLB,70,61,team+name,
cincinnati-bengals,Vaughn Lusby,DB,CB,CB,64,52,team+name,
cincinnati-bengals,Vern Holland,OT,RT,OT,83,74,team+name,
cincinnati-bengals,Wilson Whitley,DT,DT,DT,82,72,team+name,
cleveland-browns,Brian Sipe,QB,QB,QB,83,86,team+name,
cleveland-browns,Calvin Hill,RB,TE,TE,78,68,team+name,
cleveland-browns,Charlie Hall,LB,LOLB,OLB,82,77,team+name,
cleveland-browns,Clarence Scott,DB,SS,S,88,82,team+name,
cleveland-browns,Clay Matthews,LB,ROLB,OLB,88,87,team+name,
cleveland-browns,Cleo Miller,RB,FB,RB,87,82,team+name,
cleveland-browns,Clinton Burrell,DB,CB,CB,70,57,team+name,
cleveland-browns,Cody Risien,OT,LG,OG,83,76,team+name,
cleveland-browns,Curtis Weathers,LB,ROLB,OLB,74,67,team+name,
cleveland-browns,Dave Graf,LB,LOLB,OLB,69,58,team+name,
cleveland-browns,Dave Logan,WR,WR,WR,85,80,team+name,
cleveland-browns,Dick Ambrose,LB,MLB,MLB,84,77,team+name,
cleveland-browns,Dino Hall,RB,RB,RB,70,59,team+name,
cleveland-browns,Don Cockroft,K,K,K,78,74,team+name,
cleveland-browns,Doug Dieken,OT,LT,OT,89,87,team+name,
cleveland-browns,George Buehler,OG,RG,OG,83,76,team+name,
cleveland-browns,Gerald Irons,LB,ROLB,OLB,82,77,team+name,
cleveland-browns,Gerry Sullivan,C,C,C,75,63,team+name,
cleveland-browns,Greg Pruitt,RB,RB,RB,87,87,team+name,
cleveland-browns,Henry Bradley,DT,DT,DT,71,60,team+name,
cleveland-browns,Henry Sheppard,OG,RT,OT,85,78,team+name,
cleveland-browns,Jack Gregory,DE,RE,DE,84,73,team+name,
cleveland-browns,Jerry Sherk,DT,DT,DT,90,83,team+name,
cleveland-browns,John Smith,WR,WR,WR,71,61,team+surname+position,
cleveland-browns,Johnny Evans,P,P,P,77,69,"team+name, duplicate in mod",
cleveland-browns,Keith Wright,WR,WR,WR,73,63,team+name,
cleveland-browns,Lawrence Johnson,DB,FS,CB,76,61,team+name,"Wikipedia 1979 Browns roster: CB. NFL79 says S, the 2K5 save says CB."
cleveland-browns,Lyle Alzado,DE,RE,DE,97,92,team+name,
cleveland-browns,Mark Miller,QB,QB,QB,68,64,team+name,
cleveland-browns,Matt Miller,OT,RT,OT,68,60,team+name,
cleveland-browns,Mickey Sims,DT,DT,DT,77,66,team+name,
cleveland-browns,Mike Pruitt,RB,FB,RB,89,84,team+name,
cleveland-browns,Mike St. Clair,DE,LE,DE,83,71,team+name,
cleveland-browns,Oliver Davis,DB,CB,CB,86,81,team+name,
cleveland-browns,Ozzie Newsome,TE,TE,TE,94,90,team+name,
cleveland-browns,Pat Moriarty,RB,RB,RB,63,45,team+name,
cleveland-browns,Randy Rich,DB,CB,CB,64,52,team+name,
cleveland-browns,Reggie Rucker,WR,WR,WR,85,80,team+name,
cleveland-browns,Rich Dimler,DT,DT,DT,66,55,team+name,
cleveland-browns,Ricky Feacher,WR,WR,WR,76,67,team+name,
cleveland-browns,Ricky Jones,LB,SS,OLB,73,63,team+name,"Wikipedia 1979 Browns roster: #47 OLB, under Linebackers. Both rating sources call him a DB."
cleveland-browns,Robert Jackson,OG,RG,OG,92,86,team+surname+position,
cleveland-browns,Robert Jackson,LB,MLB,MLB,84,77,team+surname+position,
cleveland-browns,Ron Bolton,DB,CB,CB,89,85,team+name,
cleveland-browns,Thom Darden,DB,FS,S,95,87,team+name,
cleveland-browns,Tom DeLeone,C,C,C,89,81,team+name,
cleveland-browns,Willis Adams,WR,WR,WR,71,61,team+name,
dallas-cowboys,Aaron Kyle,DB,CB,CB,84,76,team+name,
dallas-cowboys,Aaron Mitchell,DB,CB,CB,78,67,team+name,
dallas-cowboys,Alois Blackwell,RB,RB,RB,69,58,team+name,
dallas-cowboys,Andy Frederick,OT,LT,OT,76,68,team+name,
dallas-cowboys,Benny Barnes,DB,CB,CB,87,82,team+name,
dallas-cowboys,Billy Joe DuPree,TE,TE,TE,92,86,team+name,
dallas-cowboys,Bob Breunig,LB,MLB,MLB,86,84,team+name,
dallas-cowboys,Bruce Huther,LB,MLB,MLB,74,63,team+name,
dallas-cowboys,Bruce Thornton,DE,RE,DE,78,66,team+name,
dallas-cowboys,Burton Lawless,OG,LG,OG,85,80,team+name,
dallas-cowboys,Butch Johnson,WR,WR,WR,87,84,team+name,
dallas-cowboys,Cliff Harris,DB,FS,S,96,93,team+name,
dallas-cowboys,D.D. Lewis,LB,ROLB,OLB,84,81,team+name,
dallas-cowboys,Danny White,QB,QB,QB,82,83,"team+name, duplicate in mod",
dallas-cowboys,Dave Stalls,DE,DT,DT,81,71,team+name,
dallas-cowboys,Dennis Thurman,DB,CB,CB,83,75,team+name,
dallas-cowboys,Doug Cosbie,TE,TE,TE,76,65,team+name,
dallas-cowboys,Drew Pearson,WR,WR,WR,89,87,team+name,
dallas-cowboys,Glenn Carano,QB,QB,QB,68,64,team+name,
dallas-cowboys,Guy Brown,LB,ROLB,OLB,71,63,team+name,
dallas-cowboys,Harvey Martin,DE,RE,DE,98,95,team+name,
dallas-cowboys,Herbert Scott,OG,LG,OG,90,85,team+name,
dallas-cowboys,Jay Saldi,TE,TE,TE,79,70,team+name,
dallas-cowboys,Jim Cooper,OT,RT,OT,86,82,team+name,
dallas-cowboys,John Dutton,DT,DT,DT,87,79,team+name,
dallas-cowboys,John Fitzgerald,C,C,C,92,86,team+name,
dallas-cowboys,Larry Bethea,DT,LE,DE,80,65,team+name,
dallas-cowboys,Larry Brinson,RB,RB,RB,73,63,team+name,
dallas-cowboys,Larry Cole,DE,LE,DE,89,86,team+name,
dallas-cowboys,Mike Hegman,LB,LOLB,OLB,77,68,team+name,
dallas-cowboys,Pat Donovan,OT,LT,OT,88,84,team+name,
dallas-cowboys,Preston Pearson,RB,RB,RB,77,69,team+name,
dallas-cowboys,Rafael Septien,K,K,K,86,83,team+name,
dallas-cowboys,Randy Hughes,DB,FS,S,86,77,team+name,
dallas-cowboys,Randy White,DT,DT,DT,97,93,team+name,
dallas-cowboys,Rayfield Wright,OT,RT,OT,84,76,team+name,
dallas-cowboys,Robert Newhouse,RB,FB,RB,92,86,team+name,
dallas-cowboys,Robert Shaw,C,C,C,68,43,team+name,
dallas-cowboys,Roger Staubach,QB,QB,QB,93,98,team+name,
dallas-cowboys,Ron Springs,RB,FB,RB,84,76,team+name,
dallas-cowboys,Scott Laidlaw,RB,RB,RB,77,69,team+name,
dallas-cowboys,Steve Wilson,DB,SS,S,70,60,team+name,
dallas-cowboys,Thomas Henderson,LB,LOLB,OLB,84,81,team+name,
dallas-cowboys,Tom Rafferty,C,RG,OG,92,86,team+name,
dallas-cowboys,Tony Dorsett,RB,RB,RB,89,94,team+name,
dallas-cowboys,Tony Hill,WR,WR,WR,89,87,team+name,
dallas-cowboys,Wade Manning,WR,WR,WR,69,59,team+name,
denver-broncos,Barney Chavous,DE,LE,DE,88,83,team+name,
denver-broncos,Bernard Jackson,DB,FS,S,95,87,team+name,
denver-broncos,Billy Bryan,C,C,C,84,74,team+surname+position,
denver-broncos,Billy Thompson,DB,SS,S,95,88,team+surname+position,
denver-broncos,Bob Swenson,LB,LOLB,OLB,85,82,team+name,
denver-broncos,Brison Manor,DE,LE,DE,79,63,team+name,
denver-broncos,Bruce Radford,DT,RE,DE,73,59,team+name,
denver-broncos,Charlie West,DB,CB,CB,72,61,team+name,
denver-broncos,Chris Pane,DB,CB,CB,80,70,team+name,
denver-broncos,Claudie Minor,OT,LT,OT,88,84,team+name,
denver-broncos,Craig Morton,QB,QB,QB,76,73,team+name,
denver-broncos,Craig Penrose,QB,QB,QB,67,64,team+name,
denver-broncos,Dave Preston,RB,RB,RB,76,68,team+name,
denver-broncos,Dave Studdard,OT,RT,OT,76,69,team+name,
denver-broncos,Don Latimer,DT,DT,DT,69,57,team+name,
denver-broncos,Fred Steinfort,K,K,K,63,52,team+name,
denver-broncos,George Atkinson,DB,SS,S,86,80,team+name,
denver-broncos,Glenn Hyde,C,RT,OT,78,71,team+name,
denver-broncos,Haven Moses,WR,WR,WR,89,87,team+name,
denver-broncos,Jack Dolbin,WR,WR,WR,81,74,team+name,
denver-broncos,Jim Jensen,RB,FB,RB,86,79,team+name,
denver-broncos,Jim Ryan,LB,LOLB,OLB,63,55,team+name,
denver-broncos,Jim Turner,K,K,K,75,71,team+name,
denver-broncos,Joe Rizzo,LB,MLB,MLB,87,87,team+name,
denver-broncos,John Grant,DE,DT,DT,82,72,team+name,
denver-broncos,Jon Keyworth,RB,FB,RB,85,78,team+name,
denver-broncos,Kelvin Clark,OT,LG,OG,73,62,team+name,
denver-broncos,Ken Brown,C,C,C,71,51,team+name,
denver-broncos,Kit Lathrop,DE,LE,DE,63,51,team+name,
denver-broncos,Larry Canada,RB,FB,RB,74,61,team+name,
denver-broncos,Larry Evans,LB,ROLB,OLB,71,63,team+name,
denver-broncos,Louis Wright,DB,CB,CB,94,92,team+name,
denver-broncos,Luke Prestridge,P,P,P,68,56,team+name,
denver-broncos,Norris Weese,QB,QB,QB,75,72,team+name,
denver-broncos,Otis Armstrong,RB,RB,RB,81,81,team+name,
denver-broncos,Paul Howard,OG,RG,OG,87,80,team+name,
denver-broncos,Randy Gradishar,LB,MLB,MLB,94,93,team+name,
denver-broncos,Rick Upchurch,WR,WR,WR,83,76,team+name,
denver-broncos,Riley Odoms,TE,TE,TE,92,86,team+name,
denver-broncos,Rob Lytle,RB,RB,RB,80,77,team+name,
denver-broncos,Rob Nairne,LB,LOLB,OLB,71,60,team+name,
denver-broncos,Ron Egloff,TE,TE,TE,73,63,team+name,
denver-broncos,Rubin Carter,DT,DT,DT,92,86,team+name,
denver-broncos,Steve Foley,DB,CB,CB,91,87,team+name,
denver-broncos,Steve Watson,WR,WR,WR,74,64,team+name,
denver-broncos,Tom Glassic,OG,LG,OG,91,87,team+name,
denver-broncos,Tom Jackson,LB,ROLB,OLB,95,97,team+name,
denver-broncos,Vince Kinney,WR,WR,WR,70,60,team+name,
denver-broncos,Zachary Dixon,RB,RB,RB,66,49,team+name,
detroit-lions,Al Baker,DE,RE,DE,92,86,team+name,
detroit-lions,Amos Fowler,C,C,C,74,59,team+name,
detroit-lions,Benny Ricardo,K,K,K,78,74,team+name,
detroit-lions,Bo Robinson,RB,FB,RB,77,63,team+name,
detroit-lions,Charlie Weaver,LB,MLB,MLB,82,74,team+name,
detroit-lions,Cleveland Elam,DT,DT,DT,84,77,team+name,
detroit-lions,Dave Gallagher,DE,DT,DT,76,65,team+name,
detroit-lions,Dave Parkin,DB,FS,S,77,63,team+name,
detroit-lions,Dave Pureifory,DE,LE,DE,84,73,team+name,
detroit-lions,Dave Washington,LB,LOLB,OLB,78,70,team+name,
detroit-lions,David Hill,TE,TE,TE,93,87,team+name,
detroit-lions,Dennis Franks,C,C,C,70,45,team+name,
detroit-lions,Dexter Bussey,RB,RB,RB,82,83,team+name,
detroit-lions,Don Morrison,OT,LT,OT,71,62,team+name,
detroit-lions,Don Patterson,DB,CB,CB,73,62,team+name,
detroit-lions,Doug English,DT,DT,DT,90,83,team+name,
detroit-lions,Doug Jones,DB,SS,S,79,68,team+name,
detroit-lions,Ed O'Neil,LB,LOLB,OLB,83,80,team+name,
detroit-lions,Eddie Cole,LB,LOLB,OLB,60,52,team+name,
detroit-lions,Eddie Lewis,DB,CB,CB,77,65,name only (moved or FA in the mod),
detroit-lions,Ernie Jackson,DB,CB,CB,80,70,name only (moved or FA in the mod),
detroit-lions,Freddie Scott,WR,WR,WR,81,74,team+name,
detroit-lions,Garry Cobb,LB,LOLB,OLB,73,63,team+name,
detroit-lions,Gene Washington,WR,WR,WR,82,76,team+name,
detroit-lions,Homer Elias,OG,LG,OG,78,69,team+name,
detroit-lions,Horace King,RB,FB,RB,80,68,team+name,
detroit-lions,James Harrell,LB,ROLB,OLB,75,68,team+name,
detroit-lions,James Hunter,DB,FS,S,83,72,team+name,
detroit-lions,Jeff Komlo,QB,QB,QB,73,69,team+name,
detroit-lions,Jimmy Allen,DB,SS,S,86,80,team+name,
detroit-lions,Jimmy Stewart,DB,CB,CB,79,68,team+name,
detroit-lions,Joe Reed,QB,QB,QB,70,67,team+name,
detroit-lions,John Arnold,WR,WR,WR,66,56,team+name,
detroit-lions,Jon Brooks,LB,ROLB,OLB,74,67,team+name,
detroit-lions,Karl Baldischwiler,OT,LT,OT,79,73,team+name,
detroit-lions,Karl Chandler,C,LG,OG,80,70,team+name,
detroit-lions,Keith Dorney,OT,RT,OT,72,66,team+name,
detroit-lions,Ken Callicutt,RB,RB,RB,71,61,team+name,
detroit-lions,Ken Ellis,DB,CB,CB,81,72,team+name,
detroit-lions,Ken Fantetti,LB,MLB,MLB,72,63,team+name,
detroit-lions,Ken Sanders,DE,LE,DE,78,62,team+name,
detroit-lions,Larry Swider,P,P,P,79,72,team+name,
detroit-lions,Larry Tearry,C,C,C,82,71,team+name,
detroit-lions,Lawrence Gaines,RB,FB,RB,77,63,team+name,
detroit-lions,Leonard Thompson,WR,WR,WR,79,71,team+name,
detroit-lions,Luther Blue,WR,WR,WR,76,67,team+name,
detroit-lions,Luther Bradley,DB,CB,CB,85,78,team+name,
detroit-lions,Rick Kane,RB,RB,RB,75,67,team+name,
detroit-lions,Robert Woods,WR,WR,WR,64,52,team+surname+position,
detroit-lions,Russ Bolinger,OG,RG,OG,83,76,team+name,
detroit-lions,Scott Hunter,QB,QB,QB,69,66,team+name,
detroit-lions,Tom Skladany,P,P,P,75,67,name only (moved or FA in the mod),
detroit-lions,Tony Leonard,DB,CB,CB,79,68,name only (moved or FA in the mod),
detroit-lions,Ulysses Norris,TE,TE,TE,81,72,team+name,
detroit-lions,Wally Pesuit,OG,LG,OG,75,66,team+name,
detroit-lions,Walt Williams,DB,CB,CB,82,74,team+name,
detroit-lions,William Gay,DE,RE,DE,78,66,team+name,
green-bay-packers,Aundra Thompson,WR,WR,WR,80,73,team+name,
green-bay-packers,Barty Smith,RB,FB,RB,84,76,team+name,
green-bay-packers,Bob Barber,DE,LE,DE,73,57,team+name,
green-bay-packers,Bobby Kimball,WR,WR,WR,66,56,team+name,
green-bay-packers,Carl Barzilauskas,DT,DT,DT,83,74,team+name,
green-bay-packers,Casey Merrill,DE,RE,DE,72,56,team+name,
green-bay-packers,Charles Johnson,DT,DT,DT,75,64,team+name,
green-bay-packers,Chester Marcol,K,K,K,77,74,team+name,
green-bay-packers,Dave Simmons,LB,ROLB,OLB,72,65,team+name,
green-bay-packers,David Beverly,P,P,P,88,82,team+name,
green-bay-packers,David Whitehurst,QB,QB,QB,75,72,team+name,
green-bay-packers,Derrel Gofourth,OG,LG,OG,84,78,team+name,
green-bay-packers,Earl Edwards,DT,DT,DT,81,71,team+name,
green-bay-packers,Eddie Lee Ivery,RB,RB,RB,74,65,team+name,
green-bay-packers,Eric Torkelson,RB,FB,RB,80,68,team+name,
green-bay-packers,Estus Hood,DB,CB,CB,80,70,team+name,
green-bay-packers,Ezra Johnson,DE,RE,DE,88,78,team+name,
green-bay-packers,Gary Weaver,LB,LOLB,OLB,79,72,team+name,
green-bay-packers,Greg Koch,OT,RT,OT,85,78,team+name,
green-bay-packers,Henry Monroe,DB,CB,CB,71,60,name only (moved or FA in the mod),
green-bay-packers,Howard Sampson,DB,CB,CB,71,60,team+name,
green-bay-packers,James Lofton,WR,WR,WR,93,91,team+name,
green-bay-packers,Jim Culbreath,RB,FB,RB,68,54,name only (moved or FA in the mod),
green-bay-packers,Jim Gueno,LB,LOLB,OLB,72,62,team+name,
green-bay-packers,Joe McLaughlin,LB,MLB,MLB,63,51,team+name,
green-bay-packers,John Anderson,LB,ROLB,OLB,78,71,team+name,
green-bay-packers,John Thompson,TE,TE,TE,70,58,team+name,
green-bay-packers,Johnnie Gray,DB,FS,S,89,80,team+name,
green-bay-packers,Larry McCarren,C,C,C,88,79,team+name,
green-bay-packers,Leotis Harris,OG,RG,OG,79,68,team+name,
green-bay-packers,Lynn Dickey,QB,QB,QB,77,76,team+name,
green-bay-packers,Mark Koncar,OT,LT,OT,78,71,team+name,
green-bay-packers,Melvin Jackson,OG,RG,OG,79,68,team+name,
green-bay-packers,Mike Butler,DE,LE,DE,83,71,team+name,
green-bay-packers,Mike Douglass,LB,ROLB,OLB,81,74,team+name,
green-bay-packers,Mike Hunt,LB,MLB,MLB,77,70,team+name,
green-bay-packers,Mike McCoy,DB,CB,CB,87,82,team+surname+position,
green-bay-packers,Mike Wellman,C,C,C,70,45,team+name,
green-bay-packers,Nate Simpson,RB,RB,RB,73,63,team+name,
green-bay-packers,Paul Coffman,TE,TE,TE,84,76,team+name,
green-bay-packers,Paul Rudzinski,LB,MLB,MLB,65,52,team+name,
green-bay-packers,Rich Wingo,LB,MLB,MLB,75,66,team+name,
green-bay-packers,Ricky Patton,RB,RB,RB,73,63,team+name,
green-bay-packers,Ron Cassidy,WR,WR,WR,69,59,team+name,
green-bay-packers,Sammy Johnson,RB,RB,RB,73,63,name only (moved or FA in the mod),
green-bay-packers,Steve Atkins,RB,RB,RB,74,65,team+name,
green-bay-packers,Steve Luke,DB,SS,S,79,68,team+name,
green-bay-packers,Steve Odom,WR,WR,WR,78,69,team+name,
green-bay-packers,Steve Stewart,LB,MLB,MLB,68,58,name only (moved or FA in the mod),
green-bay-packers,Steve Wagner,DB,FS,S,74,60,team+name,
green-bay-packers,Terdell Middleton,RB,RB,RB,83,83,team+name,
green-bay-packers,Terry Jones,DT,DT,DT,74,63,team+name,
green-bay-packers,Timothy Stokes,OT,LT,OT,78,71,team+surname+position,
green-bay-packers,Tom Birney,K,K,K,70,54,team+name,
green-bay-packers,Walt Landers,RB,RB,RB,66,49,team+surname+position,
green-bay-packers,Walter Tullis,WR,WR,WR,79,71,team+name,
green-bay-packers,Wylie Turner,DB,CB,CB,71,60,team+name,
houston-oilers,Andy Dorris,DE,LE,DE,85,76,team+name,
houston-oilers,Art Stringer,LB,MLB,MLB,83,75,team+name,
houston-oilers,Bill Currier,DB,SS,S,82,70,team+name,
houston-oilers,Billy Johnson,WR,WR,WR,76,67,team+name,
houston-oilers,Boobie Clark,RB,FB,RB,80,68,team+name,
houston-oilers,Carl Mauck,C,C,C,98,91,team+name,
houston-oilers,Carter Hartwig,DB,FS,S,79,66,team+name,
houston-oilers,Charles Jefferson,DB,CB,CB,78,67,team+name,
houston-oilers,Cliff Parsley,P,P,P,87,81,team+name,
houston-oilers,Conrad Rucker,TE,TE,TE,78,68,team+name,
houston-oilers,Conway Hayman,OG,LG,OG,88,83,team+name,
houston-oilers,Curley Culp,DT,DT,DT,91,85,team+name,
houston-oilers,Dan Pastorini,QB,QB,QB,80,79,team+name,
houston-oilers,Daryl Hunt,LB,MLB,MLB,68,58,team+name,
houston-oilers,David Carter,C,C,C,79,67,team+name,
houston-oilers,Earl Campbell,RB,RB,RB,88,90,team+name,
houston-oilers,Ed Fisher,OG,RG,OG,86,79,team+name,
houston-oilers,Eddie Foster,WR,WR,WR,59,44,team+name,
houston-oilers,Elvin Bethea,DE,RE,DE,94,89,team+name,
houston-oilers,George Reihner,OG,LG,OG,83,76,team+name,
houston-oilers,Gifford Nielsen,QB,QB,QB,78,77,team+name,
houston-oilers,Greg Stemrick,DB,CB,CB,84,76,team+name,
houston-oilers,Gregg Bingham,LB,MLB,MLB,92,89,team+name,
houston-oilers,Guido Merkens,QB,WR,WR,75,65,team+name,
houston-oilers,J.C. Wilson,DB,CB,CB,84,76,team+name,
houston-oilers,Jeff Groth,WR,WR,WR,77,68,name only (moved or FA in the mod),
houston-oilers,Jesse Baker,DE,RE,DE,80,69,team+name,
houston-oilers,Jim Young,DE,LE,DE,84,73,team+name,
houston-oilers,Jimbo Elrod,LB,MLB,MLB,75,66,team+name,
houston-oilers,Ken Burrough,WR,WR,WR,87,84,team+name,
houston-oilers,Ken Kennard,DT,DT,DT,73,62,team+name,
houston-oilers,Kenny King,RB,FB,RB,72,58,team+name,
houston-oilers,Leon Gray,OT,LT,OT,92,90,team+name,
houston-oilers,Mike Barber,TE,TE,TE,86,81,team+name,
houston-oilers,Mike Murphy,LB,ROLB,OLB,71,63,team+name,
houston-oilers,Mike Reinfeldt,DB,FS,S,94,84,team+name,
houston-oilers,Mike Renfro,WR,WR,WR,84,78,team+name,
houston-oilers,Mike Stensrud,DT,DT,DT,80,70,team+name,
houston-oilers,Morris Towns,OT,RT,OT,86,82,team+name,
houston-oilers,Rich Caster,TE,WR,WR,84,78,team+name,
houston-oilers,Rich Ellender,RB,RB,RB,63,45,team+name,
houston-oilers,Rob Carpenter,RB,RB,RB,81,81,team+name,
houston-oilers,Robert Brazile,LB,ROLB,OLB,93,91,team+name,
houston-oilers,Ronnie Coleman,RB,RB,RB,80,77,team+name,
houston-oilers,Steve Baumgartner,DE,ROLB,OLB,70,61,team+name,
houston-oilers,Ted Thompson,LB,MLB,MLB,69,60,team+name,
houston-oilers,Ted Washington,LB,LOLB,OLB,83,80,team+name,
houston-oilers,Tim Wilson,RB,FB,RB,88,83,team+name,
houston-oilers,Tom Randall,OG,RG,OG,75,63,team+name,
houston-oilers,Toni Fritsch,K,K,K,97,91,team+name,
houston-oilers,Vernon Perry,DB,SS,S,83,72,team+name,
houston-oilers,Wes Phillips,OT,RT,OT,68,60,team+name,
houston-oilers,Willie Alexander,DB,CB,CB,82,74,team+name,
kansas-city-chiefs,Arnold Morgado,RB,FB,RB,79,65,team+name,
kansas-city-chiefs,Art Still,DE,LE,DE,87,79,team+name,
kansas-city-chiefs,Bob Grupp,P,P,P,98,90,team+name,
kansas-city-chiefs,Bob Simmons,OG,LG,OG,80,70,team+name,
kansas-city-chiefs,Cal Peterson,LB,ROLB,OLB,75,68,team+name,
kansas-city-chiefs,Charles Jackson,LB,LOLB,OLB,75,66,team+name,
kansas-city-chiefs,Charlie Ane,C,C,C,74,59,team+name,
kansas-city-chiefs,Charlie Getty,OT,LT,OT,77,70,team+name,
kansas-city-chiefs,Curtis Anderson,DE,DT,DT,71,60,team+name,
kansas-city-chiefs,Dave Lindstrom,DE,RE,DE,79,67,team+name,
kansas-city-chiefs,Dave Rozumek,LB,MLB,MLB,75,66,team+name,
kansas-city-chiefs,Don Parrish,DT,DT,DT,80,70,team+name,
kansas-city-chiefs,Earl Gant,RB,RB,RB,72,62,team+name,
kansas-city-chiefs,Ed Beckman,TE,TE,TE,70,58,team+name,
kansas-city-chiefs,Frank Manumaleuga,LB,MLB,MLB,77,70,team+name,
kansas-city-chiefs,Gary Barbaro,DB,FS,S,99,95,team+name,
kansas-city-chiefs,Gary Green,DB,CB,CB,92,91,team+name,
kansas-city-chiefs,Gary Spani,LB,MLB,MLB,87,87,team+name,
kansas-city-chiefs,Gerald Jackson,DB,CB,CB,77,65,team+name,
kansas-city-chiefs,Henry Marshall,WR,WR,WR,83,76,team+name,
kansas-city-chiefs,Herb Christopher,DB,SS,S,82,70,team+name,
kansas-city-chiefs,Horace Belton,RB,RB,RB,70,59,team+name,
kansas-city-chiefs,Horace Perkins,DB,CB,CB,74,63,team+name,
kansas-city-chiefs,J.T. Smith,WR,WR,WR,77,68,team+name,
kansas-city-chiefs,Jack Rudnay,C,C,C,92,86,team+name,
kansas-city-chiefs,Jan Stenerud,K,K,K,80,76,team+name,
kansas-city-chiefs,Jerry Blanton,LB,MLB,MLB,66,54,team+name,
kansas-city-chiefs,Jerry Reese,DB,SS,S,85,77,team+name,
kansas-city-chiefs,Jim Nicholson,OT,RT,OT,76,69,team+name,
kansas-city-chiefs,Johnnie Dirden,WR,WR,WR,70,60,team+name,
kansas-city-chiefs,Ken Kremer,DT,DT,DT,72,61,team+name,
kansas-city-chiefs,Larry Brown,OT,RG,OG,67,54,team+surname+position,
kansas-city-chiefs,M.L. Carter,DB,CB,CB,82,74,team+name,
kansas-city-chiefs,Matt Herkenhoff,OT,LT,OT,77,70,team+name,
kansas-city-chiefs,Mike Bell,DE,RE,DE,80,69,team+name,
kansas-city-chiefs,Mike Livingston,QB,QB,QB,76,73,team+name,
kansas-city-chiefs,Mike Williams,RB,FB,RB,78,65,team+surname+position,
kansas-city-chiefs,Rod Walters,OG,LG,OG,74,64,team+name,
kansas-city-chiefs,Stan Rome,WR,WR,WR,71,61,team+name,
kansas-city-chiefs,Steve Fuller,QB,QB,QB,74,70,team+name,
kansas-city-chiefs,Steve Gaunty,WR,WR,WR,72,62,team+name,
kansas-city-chiefs,Sylvester Hicks,DE,RE,DE,83,72,team+name,
kansas-city-chiefs,Ted McKnight,RB,FB,RB,84,76,team+name,
kansas-city-chiefs,Tim Collier,DB,CB,CB,82,74,team+name,
kansas-city-chiefs,Tom Condon,OG,RG,OG,80,69,team+name,
kansas-city-chiefs,Tom Howard,LB,ROLB,OLB,81,74,team+name,
kansas-city-chiefs,Tony Reed,RB,RB,RB,79,74,team+name,
kansas-city-chiefs,Tony Samuels,TE,TE,TE,78,68,team+name,
kansas-city-chiefs,Walter White,TE,TE,TE,75,64,team+name,
kansas-city-chiefs,Whitney Paul,LB,LOLB,OLB,82,77,team+name,
kansas-city-chiefs,Wilbert Haslip,RB,RB,RB,69,58,team+name,
los-angeles-rams,Bill Bain,OG,LG,OG,80,70,team+name,
los-angeles-rams,Bill Dunstan,DT,DT,DT,77,66,team+name,
los-angeles-rams,Billy Waddy,WR,WR,WR,81,74,team+name,
los-angeles-rams,Bob Brudzinski,LB,ROLB,OLB,86,84,team+name,
los-angeles-rams,Bob Lee,QB,QB,QB,73,69,team+name,
los-angeles-rams,Charle Young,TE,TE,TE,82,74,team+name,
los-angeles-rams,Cullen Bryant,RB,FB,RB,89,84,team+name,
los-angeles-rams,Dan Ryczek,C,C,C,75,63,team+name,
los-angeles-rams,Dave Elmendorf,DB,SS,S,93,85,team+name,
los-angeles-rams,Dennis Harrah,OG,RG,OG,94,89,team+name,
los-angeles-rams,Doug France,OT,LT,OT,91,89,team+name,
los-angeles-rams,Doug Smith,C,LG,OG,72,60,team+name,
los-angeles-rams,Drew Hill,WR,WR,WR,76,67,team+name,
los-angeles-rams,Dwayne O'Steen,DB,CB,CB,85,78,team+name,
los-angeles-rams,Eddie Brown,DB,SS,S,80,68,team+name,
los-angeles-rams,Eddie Hill,RB,RB,RB,71,61,team+name,
los-angeles-rams,Elvis Peacock,RB,RB,RB,70,59,team+name,
los-angeles-rams,Frank Corral,K,K,K,71,58,team+name,
los-angeles-rams,Fred Dryer,DE,RE,DE,90,84,team+name,
los-angeles-rams,George Andrews,LB,ROLB,OLB,76,69,team+name,
los-angeles-rams,Gordon Gravelle,OT,LT,OT,81,77,team+name,
los-angeles-rams,Greg Westbrooks,LB,LOLB,OLB,75,66,team+name,
los-angeles-rams,Ivory Sully,DB,FS,S,77,63,team+name,
los-angeles-rams,Jack Reynolds,LB,MLB,MLB,92,89,team+name,
los-angeles-rams,Jack Youngblood,DE,LE,DE,95,97,team+name,
los-angeles-rams,Jackie Slater,OT,RT,OT,86,82,team+name,
los-angeles-rams,Jackie Wallace,DB,CB,CB,80,70,team+name,
los-angeles-rams,Jeff Rutledge,QB,QB,QB,72,68,team+name,
los-angeles-rams,Jeff Severson,DB,SS,S,77,67,team+name,
los-angeles-rams,Jerry Wilkinson,DE,LE,DE,81,66,team+name,
los-angeles-rams,Jim Jodat,RB,FB,RB,80,68,team+name,
los-angeles-rams,Jim Youngblood,LB,LOLB,OLB,87,85,team+name,
los-angeles-rams,Joe Harris,LB,LOLB,OLB,72,62,team+name,
los-angeles-rams,John Williams,OT,RT,OT,85,78,team+name,
los-angeles-rams,Ken Clark,P,P,P,80,73,team+name,
los-angeles-rams,Kent Hill,OG,LG,OG,84,78,team+name,
los-angeles-rams,Kevin McLain,LB,MLB,MLB,73,63,team+name,
los-angeles-rams,Larry Brooks,DT,DT,DT,88,81,team+name,
los-angeles-rams,Lawrence McCutcheon,RB,RB,RB,81,81,team+name,
los-angeles-rams,Mike Fanning,DT,DT,DT,83,74,team+name,
los-angeles-rams,Nolan Cromwell,DB,FS,S,91,83,team+name,
los-angeles-rams,Pat Haden,QB,QB,QB,83,86,team+name,
los-angeles-rams,Pat Thomas,DB,CB,CB,91,87,team+name,
los-angeles-rams,Preston Dennard,WR,WR,WR,81,74,team+name,
los-angeles-rams,Reggie Doss,DE,RE,DE,81,70,team+name,
los-angeles-rams,Rich Saul,C,C,C,96,90,team+name,
los-angeles-rams,Ricky Odom,DB,CB,CB,72,61,team+name,
los-angeles-rams,Rod Perry,DB,CB,CB,86,81,team+name,
los-angeles-rams,Ron Jessie,WR,WR,WR,79,71,team+name,
los-angeles-rams,Ron Smith,WR,WR,WR,79,71,team+name,
los-angeles-rams,Sidney Justin,DB,CB,CB,64,52,team+surname+position,
los-angeles-rams,Terry Nelson,TE,TE,TE,85,78,team+name,
los-angeles-rams,Vince Ferragamo,QB,QB,QB,77,76,team+name,
los-angeles-rams,Wendell Tyler,RB,RB,RB,82,83,team+name,
los-angeles-rams,Willie Miller,WR,WR,WR,78,69,team+name,
miami-dolphins,A.J. Duhe,LB,RE,DE,87,76,team+name,
miami-dolphins,Bob Baumhower,DT,DT,DT,95,88,team+name,
miami-dolphins,Bob Griese,QB,QB,QB,82,83,team+name,
miami-dolphins,Bob Kuechenberg,OG,LT,OT,91,89,team+name,
miami-dolphins,Bob Matheson,LB,MLB,MLB,80,72,team+name,
miami-dolphins,Bob Torrey,RB,FB,RB,66,49,team+name,
miami-dolphins,Bruce Hardy,TE,TE,TE,83,74,team+name,
miami-dolphins,Carl Barisich,DT,DT,DT,77,66,team+name,
miami-dolphins,Charlie Babb,DB,FS,S,83,72,team+name,
miami-dolphins,Cleveland Green,OT,RT,OT,74,67,team+name,
miami-dolphins,Delvin Williams,RB,RB,RB,86,87,team+name,
miami-dolphins,Don Bessillieu,DB,FS,S,77,63,team+name,
miami-dolphins,Don Strock,QB,QB,QB,75,72,team+name,
miami-dolphins,Doug Betters,DE,RE,DE,89,82,team+name,
miami-dolphins,Duriel Harris,WR,WR,WR,88,85,team+name,
miami-dolphins,Earnest Rhone,LB,LOLB,OLB,82,77,team+name,
miami-dolphins,Ed Newman,OG,LG,OG,82,72,team+name,
miami-dolphins,Ed Taylor,DB,CB,CB,79,68,team+name,
miami-dolphins,Eric Laakso,OT,LT,OT,72,64,team+name,
miami-dolphins,Gary Davis,RB,RB,RB,80,77,team+name,
miami-dolphins,George Roberts,P,P,P,81,75,team+name,
miami-dolphins,Gerald Small,DB,CB,CB,86,81,team+name,
miami-dolphins,Glenn Blackwood,DB,SS,S,78,67,team+name,
miami-dolphins,Guy Benjamin,QB,QB,QB,71,67,team+name,
miami-dolphins,Jeff Toews,OG,LG,OG,74,64,team+name,
miami-dolphins,Jim Langer,C,C,C,89,81,team+name,
miami-dolphins,Jimmy Cefalo,WR,WR,WR,79,71,team+name,
miami-dolphins,Jon Giesler,OT,LT,OT,75,67,team+name,
miami-dolphins,Kim Bokamper,DE,LOLB,OLB,86,83,team+name,
miami-dolphins,Larry Csonka,RB,FB,RB,86,79,team+name,
miami-dolphins,Larry Gordon,LB,ROLB,OLB,88,87,team+name,
miami-dolphins,Larry Little,OG,RG,OG,94,89,team+name,
miami-dolphins,Mark Dennard,C,C,C,74,59,team+name,
miami-dolphins,Mel Land,LB,LOLB,OLB,73,63,team+name,
miami-dolphins,Mike Current,OT,RT,OT,85,78,team+name,
miami-dolphins,Mike Kozlowski,DB,SS,S,76,65,team+name,
miami-dolphins,Nat Moore,WR,WR,WR,92,91,team+name,
miami-dolphins,Neal Colzie,DB,CB,CB,82,74,team+name,
miami-dolphins,Norm Bulaich,RB,FB,RB,84,76,team+name,
miami-dolphins,Norris Thomas,DB,CB,CB,82,74,team+name,
miami-dolphins,Ralph Ortega,LB,ROLB,OLB,76,69,team+name,
miami-dolphins,Ronnie Lee,OT,TE,TE,75,64,team+name,
miami-dolphins,Rusty Chambers,LB,MLB,MLB,80,72,team+name,
miami-dolphins,Steve Howell,RB,FB,RB,65,45,team+name,
miami-dolphins,Steve Towle,LB,MLB,MLB,85,80,team+name,
miami-dolphins,Tim Foley,DB,SS,S,88,82,team+name,
miami-dolphins,Tony Nathan,RB,RB,RB,79,74,team+name,
miami-dolphins,Uwe Von Schamann,K,K,K,84,82,team+name,
miami-dolphins,Vern Den Herder,DE,LE,DE,90,88,team+name,
minnesota-vikings,Ahmad Rashad,WR,WR,WR,91,90,team+name,
minnesota-vikings,Bob Tucker,TE,TE,TE,83,74,team+name,
minnesota-vikings,Bobby Bryant,DB,CB,CB,81,72,team+name,
minnesota-vikings,Brent McClanahan,RB,FB,RB,80,68,team+name,
minnesota-vikings,Charlie Goodrum,OT,LG,OG,83,76,team+surname+position,
minnesota-vikings,Chuck Foreman,RB,FB,RB,81,69,team+name,
minnesota-vikings,Dave Huffman,OG,C,C,74,59,team+name,
minnesota-vikings,Dave Roller,DT,DT,DT,79,69,team+name,
minnesota-vikings,Dennis Swilley,C,C,C,84,74,team+name,
minnesota-vikings,Derrel Luce,LB,LOLB,OLB,78,70,team+name,
minnesota-vikings,Doug Sutherland,DT,DT,DT,83,74,team+name,
minnesota-vikings,Douglas Cunningham,WR,WR,WR,64,52,team+name,
minnesota-vikings,Frank Myers,OT,RT,OT,77,70,team+name,
minnesota-vikings,Fred McNeill,LB,ROLB,OLB,87,85,team+name,
minnesota-vikings,Greg Coleman,P,P,P,81,75,team+name,
minnesota-vikings,James White,DT,DT,DT,82,72,team+name,
minnesota-vikings,Jeff Siemon,LB,MLB,MLB,90,88,team+name,
minnesota-vikings,Jim Hough,OG,LG,OG,74,64,team+name,
minnesota-vikings,Jim Marshall,DE,RE,DE,82,71,team+name,
minnesota-vikings,Jimmy Edwards,RB,RB,RB,64,45,team+name,
minnesota-vikings,John Turner,DB,CB,CB,82,74,team+name,
minnesota-vikings,Keith Nord,DB,FS,S,79,66,team+name,
minnesota-vikings,Kevin Miller,WR,WR,WR,73,63,team+name,
minnesota-vikings,Kurt Knoff,DB,FS,S,73,58,team+name,
minnesota-vikings,Mark Mullaney,DE,LE,DE,80,65,team+name,
minnesota-vikings,Matt Blair,LB,LOLB,OLB,93,90,team+name,
minnesota-vikings,Nate Allen,DB,CB,CB,79,68,team+name,
minnesota-vikings,Nate Wright,DB,CB,CB,80,70,team+name,
minnesota-vikings,Paul Krause,DB,FS,S,83,72,team+name,
minnesota-vikings,Phillip Wise,DB,SS,S,75,64,team+surname+position,
minnesota-vikings,Randy Holloway,DE,RE,DE,76,62,team+name,
minnesota-vikings,Rick Danmeier,K,K,K,72,68,team+name,
minnesota-vikings,Rickey Young,RB,RB,RB,81,81,team+name,
minnesota-vikings,Robert Miller,RB,RB,RB,76,68,team+name,
minnesota-vikings,Robert Steele,WR,WR,WR,74,64,team+name,
minnesota-vikings,Ron Yary,OT,RT,OT,87,85,team+name,
minnesota-vikings,Sammy White,WR,WR,WR,87,84,team+name,
minnesota-vikings,Scott Studwell,LB,MLB,MLB,83,75,team+name,
minnesota-vikings,Steve Dils,QB,QB,QB,72,68,team+name,
minnesota-vikings,Steve Niehaus,DT,DT,DT,75,64,team+name,
minnesota-vikings,Steve Riley,OT,LT,OT,83,79,team+name,
minnesota-vikings,Stu Voigt,TE,TE,TE,81,72,team+name,
minnesota-vikings,Ted Brown,RB,FB,RB,82,69,team+name,
minnesota-vikings,Terry LeCount,WR,WR,WR,78,69,team+name,
minnesota-vikings,Tim Baylor,DB,FS,S,81,69,team+name,
minnesota-vikings,Tom Hannon,DB,SS,S,85,77,team+name,
minnesota-vikings,Tommy Kramer,QB,QB,QB,83,86,team+name,
minnesota-vikings,Wally Hilgenberg,LB,ROLB,OLB,76,69,team+name,
minnesota-vikings,Wes Hamilton,OG,RG,OG,83,76,team+name,
new-england-patriots,Allan Clark,RB,RB,RB,67,54,team+name,
new-england-patriots,Andy Johnson,RB,RB,RB,80,77,team+name,
new-england-patriots,Bill Lenkaitis,C,C,C,86,77,team+name,
new-england-patriots,Bill Matthews,LB,MLB,MLB,66,54,team+name,
new-england-patriots,Bob Cryder,OG,RT,OT,72,66,team+name,
new-england-patriots,Bob Golic,DT,DT,DT,76,65,team+name,
new-england-patriots,Carlos Pennywell,WR,WR,WR,73,63,team+name,
new-england-patriots,Dick Conn,DB,FS,S,79,66,team+name,
new-england-patriots,Don Calhoun,RB,FB,RB,84,76,team+name,
new-england-patriots,Don Hasselbeck,TE,TE,TE,85,78,team+name,
new-england-patriots,Donald Westbrook,WR,WR,WR,73,63,team+surname+position,
new-england-patriots,Doug Beaudoin,DB,SS,S,77,67,team+name,
new-england-patriots,Dwight Wheeler,C,LT,OT,79,73,team+name,
new-england-patriots,Eddie Hare,P,P,P,72,64,team+name,
new-england-patriots,Garry Puetz,OG,RG,OG,83,76,team+name,
new-england-patriots,Harold Jackson,WR,WR,WR,89,87,team+name,
new-england-patriots,Horace Ivory,RB,RB,RB,80,77,team+name,
new-england-patriots,John Hannah,OG,LG,OG,99,96,team+name,
new-england-patriots,John Smith,K,K,K,79,76,team+name,
new-england-patriots,John Zamberlin,LB,MLB,MLB,75,66,team+name,
new-england-patriots,Julius Adams,DE,RE,DE,85,75,team+name,
new-england-patriots,Mark Buben,DE,DT,DT,78,67,team+name,
new-england-patriots,Mark Washington,DB,CB,CB,77,65,team+name,
new-england-patriots,Matt Cavanaugh,QB,QB,QB,69,66,team+name,
new-england-patriots,Mel Lunsford,DT,LE,DE,85,76,team+name,
new-england-patriots,Mike Hawkins,LB,LOLB,OLB,77,68,team+name,
new-england-patriots,Mike Haynes,DB,CB,CB,96,98,team+name,
new-england-patriots,Mosi Tatupu,RB,FB,RB,79,65,team+name,
new-england-patriots,Pete Brock,C,LT,OT,78,71,team+name,
new-england-patriots,Prentice McCray,DB,SS,S,84,74,team+name,
new-england-patriots,Ray Costict,LB,LOLB,OLB,73,63,team+name,
new-england-patriots,Ray Hamilton,DT,DT,DT,86,78,team+name,
new-england-patriots,Ray Jarvis,WR,WR,WR,72,62,team+name,
new-england-patriots,Raymond Clayborn,DB,CB,CB,91,87,team+name,
new-england-patriots,Richard Bishop,DT,RE,DE,87,76,team+name,
new-england-patriots,Rick Sanford,DB,CB,CB,74,63,team+name,
new-england-patriots,Rod Shoate,LB,ROLB,OLB,83,79,team+name,
new-england-patriots,Russ Francis,TE,TE,TE,95,96,team+name,
new-england-patriots,Sam Adams,OG,RG,OG,91,85,team+name,
new-england-patriots,Sam Cunningham,RB,FB,RB,87,82,team+name,
new-england-patriots,Sam Hunt,LB,MLB,MLB,83,75,team+name,
new-england-patriots,Shelby Jordan,OT,RT,OT,83,74,team+name,
new-england-patriots,Stanley Morgan,WR,WR,WR,86,82,team+name,
new-england-patriots,Steve Grogan,QB,QB,QB,84,89,team+name,
new-england-patriots,Steve King,LB,ROLB,OLB,80,73,team+name,
new-england-patriots,Steve Nelson,LB,MLB,MLB,85,80,team+name,
new-england-patriots,Terry Falcon,OG,C,C,72,52,team+name,
new-england-patriots,Tim Fox,DB,FS,S,95,87,team+name,
new-england-patriots,Tom Owen,QB,QB,QB,70,67,team+name,
new-england-patriots,Tony McGee,DE,LE,DE,84,73,team+name,
new-orleans-saints,Archie Manning,QB,QB,QB,81,80,team+name,
new-orleans-saints,Barry Bennett,DT,DT,DT,78,67,team+name,
new-orleans-saints,Bobby Scott,QB,QB,QB,69,66,team+name,
new-orleans-saints,Brooks Williams,TE,TE,TE,71,62,team+name,
new-orleans-saints,Chuck Muncie,RB,RB,RB,88,90,team+name,
new-orleans-saints,Clarence Chapman,DB,CB,CB,79,68,team+name,
new-orleans-saints,Conrad Dobler,OG,RG,OG,88,82,team+name,
new-orleans-saints,Dave Lafary,OT,RG,OG,80,69,team+name,
new-orleans-saints,David Gray,DB,CB,CB,71,60,team+name,
new-orleans-saints,Derland Moore,DT,DT,DT,79,69,team+name,
new-orleans-saints,Don Reese,DE,RE,DE,77,64,team+name,
new-orleans-saints,Donald Schwartz,DB,CB,CB,71,60,team+surname+position,
new-orleans-saints,Ed Burns,QB,QB,QB,63,60,team+name,
new-orleans-saints,Elex Price,DT,DT,DT,80,70,team+name,
new-orleans-saints,Elois Grooms,DE,LE,DE,84,73,team+name,
new-orleans-saints,Emanuel Zanders,OG,LG,OG,81,71,team+name,
new-orleans-saints,Eric Felton,DB,CB,CB,76,64,team+name,
new-orleans-saints,Fred Sturt,OG,LG,OG,78,69,team+name,
new-orleans-saints,Garo Yepremian,K,K,K,84,82,team+name,
new-orleans-saints,Henry Childs,TE,TE,TE,94,90,team+name,
new-orleans-saints,Ike Harris,WR,WR,WR,85,80,team+name,
new-orleans-saints,J.T. Taylor,OT,LT,OT,80,76,team+name,
new-orleans-saints,Jack Holmes,RB,FB,RB,69,56,team+name,
new-orleans-saints,Jim Kovach,LB,MLB,MLB,64,52,team+name,
new-orleans-saints,Jim Merlo,LB,LOLB,OLB,77,68,team+name,
new-orleans-saints,Jim Pietrzak,C,C,C,71,51,team+name,
new-orleans-saints,Joe Campbell,DE,RE,DE,81,70,team+name,
new-orleans-saints,Joe Federspiel,LB,MLB,MLB,82,74,team+name,
new-orleans-saints,John Hill,C,C,C,83,73,team+name,
new-orleans-saints,John Watson,OT,RT,OT,74,67,team+name,
new-orleans-saints,Ken Bordelon,LB,LOLB,OLB,77,68,team+name,
new-orleans-saints,Kim Jones,RB,FB,RB,75,63,team+name,
new-orleans-saints,Larry Hardy,TE,TE,TE,74,63,team+name,
new-orleans-saints,Michael Strachan,RB,RB,RB,77,69,team+surname+position,
new-orleans-saints,Mike Fultz,DT,LE,DE,75,59,team+name,
new-orleans-saints,Pat Hughes,LB,ROLB,OLB,78,71,team+name,
new-orleans-saints,Ralph McGill,DB,FS,S,85,75,team+name,
new-orleans-saints,Ray Brown,DB,SS,S,85,77,team+name,
new-orleans-saints,Reggie Mathis,LB,ROLB,OLB,69,57,team+name,
new-orleans-saints,Rich Mauti,WR,WR,WR,76,67,team+name,
new-orleans-saints,Rick Partridge,P,P,P,68,56,team+name,
new-orleans-saints,Ricky Ray,DB,CB,CB,75,64,team+name,
new-orleans-saints,Robert Woods,OT,RT,OT,81,72,team+name,
new-orleans-saints,Roger Finnie,OT,LT,OT,79,73,team+name,
new-orleans-saints,Russell Erxleben,P,P,P,61,52,team+name,
new-orleans-saints,Tinker Owens,WR,WR,WR,80,73,team+name,
new-orleans-saints,Tom Myers,DB,FS,S,87,79,team+name,
new-orleans-saints,Tony Galbreath,RB,FB,RB,94,86,team+name,
new-orleans-saints,Wayne Wilson,RB,FB,RB,74,61,team+name,
new-orleans-saints,Wes Chandler,WR,WR,WR,90,88,team+name,
new-york-giants,Al Dixon,TE,TE,TE,71,62,team+name,
new-york-giants,Alan Caldwell,DB,CB,CB,70,57,team+name,
new-york-giants,Beasley Reece,DB,SS,S,78,67,team+name,
new-york-giants,Billy Taylor,RB,FB,RB,78,65,team+name,
new-york-giants,Brad Benson,OT,LT,OT,78,71,team+name,
new-york-giants,Brad Van Pelt,LB,LOLB,OLB,91,86,team+name,
new-york-giants,Brian Kelley,LB,ROLB,OLB,85,82,team+name,
new-york-giants,Calvin Miller,DT,DT,DT,67,56,team+name,
new-york-giants,Cleveland Jackson,TE,TE,TE,67,54,team+name,
new-york-giants,Dan Fowler,OG,RG,OG,70,62,team+name,
new-york-giants,Dan Lloyd,LB,MLB,MLB,74,63,team+name,
new-york-giants,Dave Jennings,P,P,P,99,94,team+name,
new-york-giants,Doug Kotar,RB,RB,RB,80,77,team+name,
new-york-giants,Doug Van Horn,OG,LG,OG,83,76,team+name,
new-york-giants,Dwight Scales,WR,WR,WR,74,64,team+name,
new-york-giants,Earnest Gray,WR,WR,WR,80,73,team+name,
new-york-giants,Eddie Hicks,RB,RB,RB,68,56,team+name,
new-york-giants,Emery Moorehead,TE,TE,TE,84,76,team+name,
new-york-giants,Ernie Jones,DB,FS,S,77,63,team+name,
new-york-giants,Frank Marion,LB,MLB,MLB,68,58,team+name,
new-york-giants,Gary Jeter,DE,RE,DE,85,75,team+name,
new-york-giants,Gary Shirk,TE,TE,TE,86,81,team+name,
new-york-giants,Gene Washington,WR,WR,WR,63,50,team+surname+position,
new-york-giants,George Martin,DE,LE,DE,84,73,team+name,
new-york-giants,Gordon King,OT,RT,OT,71,65,team+name,
new-york-giants,Gus Coppens,OT,LT,OT,61,52,team+name,
new-york-giants,Harry Carson,LB,MLB,MLB,85,80,team+name,
new-york-giants,J.T. Turner,OG,RG,OG,79,68,team+name,
new-york-giants,Jeff Weston,OT,LT,OT,72,64,team+name,
new-york-giants,Jim Clack,C,C,C,86,77,team+name,
new-york-giants,Jim Robinson,WR,WR,WR,82,76,team+name,
new-york-giants,Joe Danelo,K,K,K,75,71,team+name,
new-york-giants,Joe Pisarcik,QB,QB,QB,75,72,team+name,
new-york-giants,John Mendenhall,DT,DT,DT,83,74,team+name,
new-york-giants,John Skorupan,LB,ROLB,OLB,71,63,team+name,
new-york-giants,Johnny Perkins,WR,WR,WR,80,73,team+name,
new-york-giants,Keith Eck,C,C,C,68,43,team+name,
new-york-giants,Ken Johnson,RB,FB,RB,68,54,team+name,
new-york-giants,Loaird McCreary,TE,WR,WR,64,52,team+name,
new-york-giants,Mike McCoy,DT,DT,DT,83,74,team+name,
new-york-giants,Odis McKinney,DB,CB,CB,79,68,team+name,
new-york-giants,Phil Simms,QB,QB,QB,77,76,team+name,
new-york-giants,Philip Tabor,DE,RE,DE,74,60,team+surname+position,
new-york-giants,Randy Coffield,LB,LOLB,OLB,68,56,team+name,
new-york-giants,Randy Dean,QB,QB,QB,64,61,team+name,
new-york-giants,Ray Oldham,DB,FS,S,81,69,team+name,
new-york-giants,Ray Rhodes,DB,CB,CB,80,70,team+name,
new-york-giants,Ron Mikolajczyk,OT,RT,OT,76,69,team+name,
new-york-giants,Roy Simmons,OG,LG,OG,77,69,team+name,
new-york-giants,Terry Jackson,DB,CB,CB,83,75,team+name,
new-york-giants,Tom Mullady,WR,TE,TE,70,58,team+name,
new-york-giants,Tom Neville,OT,RT,OT,83,74,team+name,
new-york-jets,Abdul Salaam,DT,DT,DT,80,70,team+name,
new-york-jets,Bob Raba,TE,TE,TE,70,58,team+name,
new-york-jets,Bob Winkel,DT,RE,DE,78,66,team+name,
new-york-jets,Bobby Jackson,DB,CB,CB,84,76,team+name,
new-york-jets,Bobby Jones,WR,WR,WR,75,65,team+name,
new-york-jets,Bruce Harper,RB,RB,RB,76,68,team+name,
new-york-jets,Burgess Owens,DB,FS,S,89,80,team+name,
new-york-jets,Chris Ward,OT,LT,OT,80,76,team+name,
new-york-jets,Chuck Ramsey,P,P,P,83,78,team+name,
new-york-jets,Clark Gaines,RB,FB,RB,83,72,team+name,
new-york-jets,Dan Alexander,OG,RG,OG,83,76,team+name,
new-york-jets,Dave Jacobs,K,K,K,55,50,team+name,
new-york-jets,Derrick Gaffney,WR,WR,WR,81,74,team+name,
new-york-jets,Donald Dykes,DB,CB,CB,78,67,team+name,
new-york-jets,Ed McGlasson,C,C,C,73,55,team+name,
new-york-jets,Eric Cunningham,OG,RG,OG,76,64,team+name,
new-york-jets,Greg Buttle,LB,LOLB,OLB,85,82,team+name,
new-york-jets,Jerome Barkum,TE,TE,TE,82,74,team+name,
new-york-jets,Joe Fields,C,C,C,83,73,team+name,
new-york-jets,Joe Klecko,DT,DT,DT,97,93,team+name,
new-york-jets,Joe Pellegrini,DT,DT,DT,77,66,team+name,
new-york-jets,John Hennessy,LB,MLB,MLB,71,62,team+name,
new-york-jets,John Roman,OT,LT,OT,74,66,team+name,
new-york-jets,John Sullivan,LB,LOLB,OLB,72,62,team+name,
new-york-jets,Johnny Lynn,DB,CB,CB,79,68,team+name,
new-york-jets,Ken Schroy,DB,SS,S,77,67,team+name,
new-york-jets,Kevin Long,RB,FB,RB,74,61,team+name,
new-york-jets,Lawrence Pillers,DE,LE,DE,82,69,team+name,
new-york-jets,Mark Gastineau,DE,LE,DE,77,60,team+name,
new-york-jets,Marty Lyons,DT,RE,DE,79,67,team+name,
new-york-jets,Marvin Powell,OT,RT,OT,91,89,team+name,
new-york-jets,Matt Robinson,QB,QB,QB,76,73,team+name,
new-york-jets,Mickey Shuler,TE,TE,TE,80,71,team+name,
new-york-jets,Mike McKibben,LB,ROLB,OLB,72,65,team+name,
new-york-jets,Pat Leahy,K,K,K,83,79,team+name,
new-york-jets,Pat Ryan,QB,QB,QB,73,69,team+name,
new-york-jets,Paul Darby,WR,WR,WR,68,58,team+name,
new-york-jets,Randy Rasmussen,OG,LG,OG,85,80,team+name,
new-york-jets,Richard Todd,QB,QB,QB,82,83,team+name,
new-york-jets,Richie Szaro,K,K,K,73,70,team+surname+position,
new-york-jets,Roger Farmer,WR,WR,WR,64,52,team+name,
new-york-jets,Ron Crosby,LB,ROLB,OLB,72,65,team+name,
new-york-jets,Scott Dierking,RB,RB,RB,77,69,team+name,
new-york-jets,Shafer Suggs,DB,SS,S,83,72,team+name,
new-york-jets,Stan Blinka,LB,MLB,MLB,76,69,team+name,
new-york-jets,Stan Waldemore,OG,LG,OG,76,68,team+name,
new-york-jets,Tim Moresco,DB,CB,CB,76,64,team+name,
new-york-jets,Tom Newton,RB,FB,RB,65,45,team+name,
new-york-jets,Toni Linhart,K,K,K,77,74,team+name,
new-york-jets,Wesley Walker,WR,WR,WR,88,85,team+name,
new-york-jets,Woody Bennett,RB,RB,RB,66,49,team+name,
oakland-raiders,Art Shell,OT,LT,OT,95,96,team+name,
oakland-raiders,Art Whittington,RB,RB,RB,81,81,team+surname+position,
oakland-raiders,Booker Russell,RB,FB,RB,74,61,team+name,
oakland-raiders,Bruce Davis,OT,LT,OT,76,68,team+name,
oakland-raiders,Charles Philyaw,DE,LE,DE,78,62,team+name,
oakland-raiders,Charlie Phillips,DB,SS,S,82,70,team+surname+position,
oakland-raiders,Clarence Hawkins,RB,RB,RB,71,61,team+name,
oakland-raiders,Cliff Branch,WR,WR,WR,92,91,team+name,
oakland-raiders,Dan Medlin,OG,RG,OG,80,69,team+name,
oakland-raiders,Dave Browning,DE,RE,DE,84,73,team+name,
oakland-raiders,Dave Casper,TE,TE,TE,94,90,team+name,
oakland-raiders,Dave Dalby,C,C,C,93,88,team+name,
oakland-raiders,Dave Pear,DT,DT,DT,86,78,team+name,
oakland-raiders,David Humm,QB,QB,QB,70,67,team+name,
oakland-raiders,Derrick Jensen,RB,FB,RB,79,65,team+name,
oakland-raiders,Derrick Ramsey,TE,TE,TE,79,70,team+name,
oakland-raiders,Gene Upshaw,OG,LG,OG,98,91,team+name,
oakland-raiders,Henry Lawrence,OT,RT,OT,87,85,team+name,
oakland-raiders,Henry Williams,DB,CB,CB,81,72,team+name,
oakland-raiders,Ira Matthews,RB,RB,RB,75,67,team+name,
oakland-raiders,Jack Tatum,DB,FS,S,86,77,team+name,
oakland-raiders,Jeff Barnes,LB,LOLB,OLB,75,66,team+name,
oakland-raiders,Jim Breech,K,K,K,83,79,team+name,
oakland-raiders,Jim Plunkett,QB,QB,QB,84,89,team+name,
oakland-raiders,Joe Bell,DE,DT,DT,63,50,team+name,
oakland-raiders,Joe Stewart,WR,WR,WR,69,59,team+name,
oakland-raiders,John Huddleston,LB,MLB,MLB,61,50,team+name,
oakland-raiders,John Matuszak,DE,LE,DE,87,79,team+name,
oakland-raiders,John Vella,OT,RT,OT,69,62,team+name,
oakland-raiders,Ken Stabler,QB,QB,QB,81,80,team+name,
oakland-raiders,Larry Brunson,WR,WR,WR,76,67,team+name,
oakland-raiders,Lester Hayes,DB,CB,CB,91,87,team+name,
oakland-raiders,Mark van Eeghen,RB,FB,RB,94,86,team+name,
oakland-raiders,Mickey Marvin,OG,RG,OG,82,71,team+name,
oakland-raiders,Mike Davis,DB,SS,S,86,80,team+name,
oakland-raiders,Monte Jackson,DB,CB,CB,92,91,team+name,
oakland-raiders,Monte Johnson,LB,MLB,MLB,86,84,team+name,
oakland-raiders,Morris Bradshaw,WR,WR,WR,82,76,team+name,
oakland-raiders,Pat Toomay,DE,LE,DE,83,71,team+name,
oakland-raiders,Phil Villapiano,LB,MLB,MLB,86,84,team+name,
oakland-raiders,Ray Guy,P,P,P,99,94,team+name,
oakland-raiders,Raymond Chester,TE,TE,TE,95,96,team+name,
oakland-raiders,Reggie Kinlaw,DT,DT,DT,75,64,team+name,
oakland-raiders,Rich Martini,WR,WR,WR,78,69,team+name,
oakland-raiders,Rod Martin,LB,ROLB,OLB,82,77,team+name,
oakland-raiders,Rufus Bess,DB,CB,CB,71,60,team+name,
oakland-raiders,Steve Sylvester,C,RG,OG,84,78,team+name,
oakland-raiders,Ted Hendricks,LB,LOLB,OLB,87,85,team+name,
oakland-raiders,Terry Robiskie,RB,RB,RB,76,68,team+name,
oakland-raiders,Todd Christensen,TE,FB,RB,69,56,team+name,
oakland-raiders,Willie Jones,DE,RE,DE,72,56,team+name,
philadelphia-eagles,Al Chesley,LB,MLB,MLB,74,63,team+name,
philadelphia-eagles,Al Latimer,DB,CB,CB,74,63,team+name,
philadelphia-eagles,Bill Bergey,LB,MLB,MLB,93,91,team+name,
philadelphia-eagles,Billy Campfield,RB,RB,RB,80,77,team+name,
philadelphia-eagles,Bob Howard,DB,CB,CB,81,72,team+name,
philadelphia-eagles,Brenard Wilson,DB,FS,S,84,74,team+name,
philadelphia-eagles,Carl Hairston,DE,RE,DE,89,82,team+name,
philadelphia-eagles,Charlie Johnson,DT,DT,DT,87,79,team+name,
philadelphia-eagles,Charlie Smith,WR,WR,WR,85,80,team+surname+position,
philadelphia-eagles,Claude Humphrey,DE,LE,DE,91,89,team+name,
philadelphia-eagles,Deac Sanders,DB,SS,S,75,64,team+surname+position,
philadelphia-eagles,Dennis Harrison,DE,LE,DE,88,83,team+name,
philadelphia-eagles,Earl Carr,RB,RB,RB,72,62,team+name,
philadelphia-eagles,Frank LeMaster,LB,MLB,MLB,83,75,team+name,
philadelphia-eagles,Guy Morriss,C,C,C,87,79,team+name,
philadelphia-eagles,Harold Carmichael,WR,WR,WR,93,91,team+name,
philadelphia-eagles,Herman Edwards,DB,CB,CB,86,81,team+name,
philadelphia-eagles,Jerrold McRae,WR,WR,WR,67,58,team+name,
philadelphia-eagles,Jerry Robinson,LB,ROLB,OLB,80,73,team+name,
philadelphia-eagles,Jerry Sisemore,OT,RT,OT,91,89,team+name,
philadelphia-eagles,John Bunting,LB,LOLB,OLB,81,76,team+name,
philadelphia-eagles,John Sciarra,DB,FS,S,81,69,team+name,
philadelphia-eagles,John Spagnola,TE,TE,TE,80,71,team+name,
philadelphia-eagles,John Walton,QB,QB,QB,72,68,team+name,
philadelphia-eagles,Keith Krepfle,TE,TE,TE,85,78,team+name,
philadelphia-eagles,Ken Clarke,DT,DT,DT,82,72,team+name,
philadelphia-eagles,Larry Barnes,RB,FB,RB,84,76,team+name,
philadelphia-eagles,Lem Burnham,DE,RE,DE,76,62,team+name,
philadelphia-eagles,Leroy Harris,RB,FB,RB,87,82,team+name,
philadelphia-eagles,Louie Giammona,RB,RB,RB,77,69,team+name,
philadelphia-eagles,Manny Sistrunk,DT,DT,DT,80,70,team+name,
philadelphia-eagles,Mark Slater,C,RT,OT,69,62,team+name,
philadelphia-eagles,Max Runager,P,P,P,82,76,team+name,
philadelphia-eagles,Petey Perot,OG,LG,OG,76,68,team+name,
philadelphia-eagles,Randy Logan,DB,SS,S,87,81,team+name,
philadelphia-eagles,Ray Phillips,LB,ROLB,OLB,71,63,team+name,
philadelphia-eagles,Reggie Wilkes,LB,ROLB,OLB,82,77,team+name,
philadelphia-eagles,Richard Blackmore,DB,CB,CB,71,60,team+name,
philadelphia-eagles,Ron Jaworski,QB,QB,QB,87,92,team+name,
philadelphia-eagles,Rufus Mayes,OT,LT,OT,79,73,team+name,
philadelphia-eagles,Scott Fitzkee,WR,WR,WR,76,67,team+name,
philadelphia-eagles,Stan Walters,OT,LT,OT,89,87,team+name,
philadelphia-eagles,Terry Tautolo,LB,MLB,MLB,75,66,team+name,
philadelphia-eagles,Tony Franklin,K,K,K,92,89,team+name,
philadelphia-eagles,Wade Key,OG,LG,OG,81,71,team+name,
philadelphia-eagles,Wally Henry,WR,WR,WR,76,67,team+name,
philadelphia-eagles,Wilbert Montgomery,RB,RB,RB,86,87,team+name,
philadelphia-eagles,Woody Peoples,OG,RG,OG,82,71,team+name,
pittsburgh-steelers,Anthony Anderson,RB,RB,RB,74,65,team+name,
pittsburgh-steelers,Bennie Cunningham,TE,TE,TE,87,82,team+name,
pittsburgh-steelers,Craig Colquitt,P,P,P,83,78,team+name,
pittsburgh-steelers,Dennis Winston,LB,ROLB,OLB,86,84,team+name,
pittsburgh-steelers,Donnie Shell,DB,SS,S,98,95,team+name,
pittsburgh-steelers,Dwayne Woodruff,DB,CB,CB,79,68,team+name,
pittsburgh-steelers,Dwight White,DE,RE,DE,81,70,team+name,
pittsburgh-steelers,Franco Harris,RB,FB,RB,93,86,team+name,
pittsburgh-steelers,Gary Dunn,DT,DT,DT,82,72,team+name,
pittsburgh-steelers,Gerry Mullins,OG,RG,OG,87,80,team+name,
pittsburgh-steelers,Greg Hawthorne,RB,RB,RB,76,68,team+name,
pittsburgh-steelers,J.T. Thomas,DB,FS,S,85,75,team+name,
pittsburgh-steelers,Jack Ham,LB,LOLB,OLB,94,97,team+name,
pittsburgh-steelers,Jack Lambert,LB,MLB,MLB,98,98,team+name,
pittsburgh-steelers,Jim Smith,WR,WR,WR,79,71,team+name,
pittsburgh-steelers,Joe Greene,DT,DT,DT,97,93,team+name,
pittsburgh-steelers,John Banaszak,DT,RE,DE,86,76,team+name,
pittsburgh-steelers,John Stallworth,WR,WR,WR,96,98,team+name,
pittsburgh-steelers,Jon Kolb,OT,LT,OT,93,94,team+name,
pittsburgh-steelers,L.C. Greenwood,DE,LE,DE,92,95,team+name,
pittsburgh-steelers,Larry Anderson,DB,CB,CB,70,57,team+name,
pittsburgh-steelers,Larry Brown,OT,RT,OT,81,72,team+name,
pittsburgh-steelers,Loren Toews,LB,ROLB,OLB,81,74,team+name,
pittsburgh-steelers,Lynn Swann,WR,WR,WR,94,96,team+name,
pittsburgh-steelers,Matt Bahr,K,K,K,70,54,team+name,
pittsburgh-steelers,Mel Blount,DB,CB,CB,95,94,team+name,
pittsburgh-steelers,Mike Kruczek,QB,QB,QB,75,72,team+name,
pittsburgh-steelers,Mike Wagner,DB,FS,S,80,67,team+name,
pittsburgh-steelers,Mike Webster,C,C,C,99,92,team+name,
pittsburgh-steelers,Randy Grossman,TE,TE,TE,84,76,team+name,
pittsburgh-steelers,Rick Moser,RB,RB,RB,75,67,team+name,
pittsburgh-steelers,Robin Cole,LB,MLB,MLB,81,73,team+name,
pittsburgh-steelers,Rocky Bleier,RB,RB,RB,83,83,team+name,
pittsburgh-steelers,Ron Johnson,DB,CB,CB,86,81,team+name,
pittsburgh-steelers,Sam Davis,OG,LG,OG,90,85,team+name,
pittsburgh-steelers,Sidney Thornton,RB,FB,RB,88,83,team+name,
pittsburgh-steelers,Steve Courson,OG,RG,OG,87,80,team+name,
pittsburgh-steelers,Steve Furness,DE,DT,DT,83,74,team+name,
pittsburgh-steelers,Ted Petersen,OT,C,C,73,55,team+name,
pittsburgh-steelers,Terry Bradshaw,QB,QB,QB,95,98,team+name,
pittsburgh-steelers,Theo Bell,WR,WR,WR,78,69,team+name,
pittsburgh-steelers,Thom Dornbrook,OG,RT,OT,65,52,team+name,
pittsburgh-steelers,Tom Beasley,DE,RE,DE,77,64,team+name,
pittsburgh-steelers,Tom Graves,LB,LOLB,OLB,68,56,team+name,
pittsburgh-steelers,Zack Valentine,LB,LOLB,OLB,69,58,team+name,
san-diego-chargers,Artie Owens,RB,WR,WR,77,68,team+name,
san-diego-chargers,Billy Shields,OT,LT,OT,88,84,team+name,
san-diego-chargers,Bo Matthews,RB,FB,RB,76,63,team+name,
san-diego-chargers,Bob Horn,LB,MLB,MLB,80,72,team+name,
san-diego-chargers,Bob Klein,TE,TE,TE,84,76,team+name,
san-diego-chargers,Bob Rush,C,C,C,76,64,team+name,
san-diego-chargers,Charles DeJurnett,DT,DT,DT,83,74,team+name,
san-diego-chargers,Charlie Joiner,WR,WR,WR,90,88,team+name,
san-diego-chargers,Clarence Williams,RB,FB,RB,78,65,team+name,
san-diego-chargers,Cliff Olander,QB,QB,QB,62,53,team+name,
san-diego-chargers,Cliff Thrift,LB,MLB,MLB,70,61,team+name,
san-diego-chargers,Dan Audick,OT,LT,OT,73,66,team+name,
san-diego-chargers,Dan Fouts,QB,QB,QB,91,96,team+name,
san-diego-chargers,Don Goode,LB,LOLB,OLB,77,68,team+name,
san-diego-chargers,Don Macek,C,C,C,89,81,team+name,
san-diego-chargers,Don Woods,RB,FB,RB,77,63,team+name,
san-diego-chargers,Doug Wilkerson,OG,LG,OG,93,88,team+name,
san-diego-chargers,Ed White,OG,RG,OG,95,96,team+name,
san-diego-chargers,Frank Duncan,DB,SS,S,73,63,team+name,
san-diego-chargers,Fred Dean,DE,RE,DE,91,86,team+name,
san-diego-chargers,Gary Johnson,DT,DT,DT,87,79,team+name,
san-diego-chargers,Glen Edwards,DB,FS,S,86,77,team+name,
san-diego-chargers,Greg McCrary,TE,TE,TE,75,64,team+name,
san-diego-chargers,Hal Stringert,DB,CB,CB,77,65,team+name,
san-diego-chargers,Hank Bauer,RB,RB,RB,78,72,team+name,
san-diego-chargers,James Harris,QB,QB,QB,77,76,team+name,
san-diego-chargers,Jeff West,P,P,P,80,73,team+name,
san-diego-chargers,Jerome Dove,DB,CB,CB,77,65,team+name,
san-diego-chargers,John Floyd,WR,WR,WR,76,67,team+name,
san-diego-chargers,John Jefferson,WR,WR,WR,90,88,team+name,
san-diego-chargers,John Lee,DE,RE,DE,77,64,team+name,
san-diego-chargers,Kellen Winslow,TE,TE,TE,81,72,team+name,
san-diego-chargers,Larry Burton,WR,WR,WR,76,67,team+name,
san-diego-chargers,Leroy Jones,DE,LE,DE,83,71,team+name,
san-diego-chargers,Linden King,LB,LOLB,OLB,75,66,team+name,
san-diego-chargers,Louie Kelcher,DT,DT,DT,93,87,team+name,
san-diego-chargers,Lydell Mitchell,RB,RB,RB,85,85,team+name,
san-diego-chargers,Mike Fuller,DB,SS,S,85,77,team+name,
san-diego-chargers,Mike Thomas,RB,RB,RB,83,83,team+name,
san-diego-chargers,Mike Williams,DB,CB,CB,82,74,team+name,
san-diego-chargers,Mike Wood,K,K,K,82,79,team+name,
san-diego-chargers,Pete Shaw,DB,FS,S,85,75,team+name,
san-diego-chargers,Ralph Perretta,C,RG,OG,80,69,team+name,
san-diego-chargers,Ray Preston,LB,LOLB,OLB,78,70,team+name,
san-diego-chargers,Rolf Benirschke,K,K,K,92,89,team+name,
san-diego-chargers,Roy Gerela,K,K,K,56,52,team+name,
san-diego-chargers,Russ Washington,OT,RT,OT,92,93,team+name,
san-diego-chargers,Wilbur Young,DE,LE,DE,82,69,team+name,
san-diego-chargers,Willie Buchanon,DB,CB,CB,88,84,team+name,
san-diego-chargers,Woodrow Lowe,LB,ROLB,OLB,84,81,team+name,
san-francisco-49ers,Al Cowlings,DE,LE,DE,69,52,team+name,
san-francisco-49ers,Archie Reese,DT,LE,DE,78,62,team+name,
san-francisco-49ers,Bob Bruer,TE,TE,TE,77,66,team+name,
san-francisco-49ers,Bob Ferrell,RB,FB,RB,74,61,team+name,
san-francisco-49ers,Bob Martin,LB,ROLB,OLB,72,65,team+name,
san-francisco-49ers,Bob Nelson,LB,MLB,MLB,75,66,team+name,
san-francisco-49ers,Cedrick Hardman,DE,RE,DE,88,78,team+name,
san-francisco-49ers,Charles Cornelius,DB,CB,CB,73,62,team+name,
san-francisco-49ers,Charles Johnson,DB,CB,CB,68,53,team+surname+position,
san-francisco-49ers,Dan Bunz,LB,MLB,MLB,80,72,team+name,
san-francisco-49ers,Dan Melville,P,P,P,74,64,team+name,
san-francisco-49ers,Dave Morton,LB,LOLB,OLB,60,52,team+name,
san-francisco-49ers,Dwaine Board,DE,RE,DE,76,62,team+name,
san-francisco-49ers,Dwight Clark,WR,WR,WR,76,67,team+name,
san-francisco-49ers,Dwight Hicks,DB,FS,S,80,67,team+name,
san-francisco-49ers,Eason Ramson,TE,WR,WR,72,62,team+name,
san-francisco-49ers,Eric Johnson,DB,SS,S,71,61,team+name,
san-francisco-49ers,Fred Quillan,C,C,C,88,79,team+name,
san-francisco-49ers,Freddie Solomon,WR,WR,WR,86,82,team+name,
san-francisco-49ers,Gerard Williams,DB,CB,CB,82,74,team+name,
san-francisco-49ers,Gordy Ceresino,LB,ROLB,OLB,61,52,team+name,
san-francisco-49ers,James Owens,RB,RB,RB,74,65,team+name,
san-francisco-49ers,Jean Barrett,OT,LT,OT,73,66,team+name,
san-francisco-49ers,Jeff McIntyre,LB,LOLB,OLB,69,58,team+name,
san-francisco-49ers,Jimmy Webb,DT,DT,DT,77,66,team+name,
san-francisco-49ers,Joe Montana,QB,QB,QB,80,79,team+name,
san-francisco-49ers,John Ayers,OG,LG,OG,86,81,team+name,
san-francisco-49ers,John Bristor,DB,SS,S,65,54,team+name,
san-francisco-49ers,Keith Fahnhorst,OT,RT,OT,87,85,team+name,
san-francisco-49ers,Ken MacAfee,TE,TE,TE,82,74,team+name,
san-francisco-49ers,Lenvil Elliott,RB,RB,RB,75,67,team+name,
san-francisco-49ers,Melvin Morgan,DB,CB,CB,72,61,team+name,
san-francisco-49ers,Mike Hogan,RB,FB,RB,82,69,team+name,
san-francisco-49ers,Mike Shumann,WR,WR,WR,79,71,team+name,
san-francisco-49ers,O.J. Simpson,RB,RB,RB,80,77,team+name,
san-francisco-49ers,Paul Hofer,RB,RB,RB,78,72,team+name,
san-francisco-49ers,Paul Seal,TE,TE,TE,77,66,team+name,
san-francisco-49ers,Phil Francis,RB,RB,RB,73,63,team+name,
san-francisco-49ers,Randy Cross,OG,RG,OG,88,82,team+name,
san-francisco-49ers,Ray Wersching,K,K,K,89,84,team+name,
san-francisco-49ers,Ron Shumon,LB,MLB,MLB,65,52,team+name,
san-francisco-49ers,Ron Singleton,OT,LT,OT,82,78,team+name,
san-francisco-49ers,Ruben Vaughan,DT,DT,DT,73,62,team+name,
san-francisco-49ers,Scott Hilton,LB,LOLB,OLB,72,62,team+name,
san-francisco-49ers,Steve DeBerg,QB,QB,QB,79,78,team+name,
san-francisco-49ers,Ted Vincent,DT,DT,DT,75,64,team+name,
san-francisco-49ers,Thomas Seabron,LB,ROLB,OLB,69,57,team+surname+position,
san-francisco-49ers,Tim Gray,DB,SS,S,82,70,team+name,
san-francisco-49ers,Tony Dungy,DB,FS,S,81,69,team+name,
san-francisco-49ers,Walt Downing,OG,RG,OG,77,65,team+name,
san-francisco-49ers,Wilbur Jackson,RB,FB,RB,86,79,team+name,
san-francisco-49ers,Willie Harper,LB,ROLB,OLB,76,69,team+name,
seattle-seahawks,Al Hunter,RB,RB,RB,80,77,team+name,
seattle-seahawks,Art Kuehn,C,C,C,82,71,team+name,
seattle-seahawks,Autry Beamon,DB,FS,S,83,72,team+name,
seattle-seahawks,Bill Cooke,DT,DT,DT,75,64,team+name,
seattle-seahawks,Bill Gregory,DT,RE,DE,80,69,team+name,
seattle-seahawks,Bob Newton,OG,RG,OG,83,76,team+name,
seattle-seahawks,Brian Peets,TE,TE,TE,79,70,team+name,
seattle-seahawks,Carl Eller,DE,LE,DE,82,69,team+name,
seattle-seahawks,Charles McShane,LB,ROLB,OLB,72,65,team+name,
seattle-seahawks,Cornell Webster,DB,CB,CB,79,68,team+name,
seattle-seahawks,Dan Doornink,RB,FB,RB,83,72,team+name,
seattle-seahawks,Dave Brown,DB,CB,CB,85,78,team+name,
seattle-seahawks,David Sims,RB,FB,RB,81,69,team+name,
seattle-seahawks,Dennis Boyd,DE,DT,DT,79,69,team+name,
seattle-seahawks,Don Dufek,DB,SS,S,76,65,team+name,
seattle-seahawks,Duke Fergerson,WR,WR,WR,71,61,team+name,
seattle-seahawks,Efren Herrera,K,K,K,89,84,team+name,
seattle-seahawks,Ernie Price,DE,LE,DE,79,63,team+name,
seattle-seahawks,Herman Weaver,P,P,P,82,76,team+name,
seattle-seahawks,Jeff Moore,RB,RB,RB,75,67,team+name,
seattle-seahawks,Jeff Sevy,OT,RT,OT,75,68,team+name,
seattle-seahawks,Jessie Green,WR,WR,WR,69,59,team+name,
seattle-seahawks,Jim Zorn,QB,QB,QB,81,80,team+name,
seattle-seahawks,Joe Norman,LB,MLB,MLB,76,69,team+name,
seattle-seahawks,John Harris,DB,FS,S,83,72,team+name,
seattle-seahawks,John Yarno,C,C,C,85,76,team+name,
seattle-seahawks,Keith Butler,LB,ROLB,OLB,80,73,team+name,
seattle-seahawks,Keith Simpson,DB,SS,S,83,72,team+name,
seattle-seahawks,Kerry Justin,DB,CB,CB,77,65,team+name,
seattle-seahawks,Larry Polowski,LB,LOLB,OLB,74,65,team+name,
seattle-seahawks,Louis Bullard,OT,LT,OT,71,62,team+name,
seattle-seahawks,Manu Tuiasosopo,DE,DT,DT,79,69,team+name,
seattle-seahawks,Mark Bell,DE,LE,DE,77,60,team+name,
seattle-seahawks,Michael Jackson,LB,LOLB,OLB,74,65,team+name,
seattle-seahawks,Mike O'Brien,DB,CB,CB,63,51,team+name,
seattle-seahawks,Nick Bebout,OT,LT,OT,84,80,team+name,
seattle-seahawks,Pete Cronan,LB,MLB,MLB,75,66,team+name,
seattle-seahawks,Robert Hardy,DT,DT,DT,79,69,team+name,
seattle-seahawks,Ron Coder,OG,RG,OG,76,64,team+name,
seattle-seahawks,Sam Adkins,QB,QB,QB,65,62,team+name,
seattle-seahawks,Sam McCullum,WR,WR,WR,83,76,team+name,
seattle-seahawks,Sammy Green,LB,LOLB,OLB,80,74,team+name,
seattle-seahawks,Sherman Smith,RB,RB,RB,85,85,team+name,
seattle-seahawks,Steve August,OT,RT,OT,87,85,team+name,
seattle-seahawks,Steve Largent,WR,WR,WR,94,96,team+name,
seattle-seahawks,Steve Myer,QB,QB,QB,66,63,team+name,
seattle-seahawks,Steve Raible,WR,WR,WR,75,65,team+name,
seattle-seahawks,Terry Beeson,LB,MLB,MLB,86,84,team+name,
seattle-seahawks,Tom Lynch,OG,LG,OG,84,78,team+name,
seattle-seahawks,Tony Benjamin,RB,FB,RB,72,58,team+name,
seattle-seahawks,Tony Green,RB,RB,RB,73,63,team+name,
st-louis-cardinals,Al Chandler,TE,TE,TE,77,66,team+name,
st-louis-cardinals,Bill Murrell,TE,TE,TE,63,49,team+name,
st-louis-cardinals,Bob Pollard,DT,LE,DE,81,66,team+name,
st-louis-cardinals,Bob Rozier,DE,DT,DT,69,57,team+name,
st-louis-cardinals,Bob Young,OG,LG,OG,87,82,team+name,
st-louis-cardinals,Brad Oates,OT,RG,OG,77,65,team+name,
st-louis-cardinals,Calvin Favron,LB,ROLB,OLB,69,57,team+name,
st-louis-cardinals,Carl Allen,DB,CB,CB,84,76,team+name,
st-louis-cardinals,Charles Davis,DT,DT,DT,82,72,team+surname+position,
st-louis-cardinals,Chris Garlich,LB,MLB,MLB,63,51,team+name,
st-louis-cardinals,Chuck Brown,C,C,C,66,41,team+name,
st-louis-cardinals,Dan Dierdorf,OT,RT,OT,96,96,team+name,
st-louis-cardinals,Dave Stief,WR,WR,WR,78,69,team+name,
st-louis-cardinals,Eric Williams,LB,LOLB,OLB,82,77,team+name,
st-louis-cardinals,Gary Parris,TE,TE,TE,78,68,team+name,
st-louis-cardinals,George Collins,OG,LG,OG,74,64,team+name,
st-louis-cardinals,Jim Hart,QB,QB,QB,80,79,team+name,
st-louis-cardinals,Jim Ramey,DE,RE,DE,72,56,team+name,
st-louis-cardinals,Jimmy Childs,WR,WR,WR,76,67,team+name,
st-louis-cardinals,Joe Bostic,OG,RT,OT,75,68,team+name,
st-louis-cardinals,John Barefield,LB,MLB,MLB,69,60,team+name,
st-louis-cardinals,John Zook,DE,RE,DE,74,60,team+name,
st-louis-cardinals,Keith Simons,DT,DT,DT,71,60,team+name,
st-louis-cardinals,Keith Wortman,OG,LT,OT,76,68,team+name,
st-louis-cardinals,Ken Greene,DB,SS,S,84,74,team+name,
st-louis-cardinals,Ken Stone,DB,FS,S,83,72,team+name,
st-louis-cardinals,Kurt Allerman,LB,MLB,MLB,76,69,team+name,
st-louis-cardinals,Lee Nelson,DB,CB,CB,75,64,team+name,
st-louis-cardinals,Mark Arneson,LB,ROLB,OLB,78,71,team+name,
st-louis-cardinals,Mel Gray,WR,WR,WR,87,84,team+name,
st-louis-cardinals,Mike Dawson,DT,RE,DE,89,82,team+name,
st-louis-cardinals,Ottis Anderson,RB,RB,RB,84,84,team+name,
st-louis-cardinals,Pat Tilley,WR,WR,WR,85,80,team+name,
st-louis-cardinals,Perry Smith,DB,CB,CB,76,64,team+name,
st-louis-cardinals,Randy Love,RB,FB,RB,70,57,team+name,
st-louis-cardinals,Richard Osborne,TE,TE,TE,77,66,team+name,
st-louis-cardinals,Rod Phillips,RB,RB,RB,68,56,team+name,
st-louis-cardinals,Roger Wehrli,DB,CB,CB,89,85,team+name,
st-louis-cardinals,Ron Yankowski,DE,RE,DE,77,64,team+name,
st-louis-cardinals,Roy Green,WR,FS,S,80,67,team+name,
st-louis-cardinals,Sean Clancy,LB,ROLB,OLB,72,65,team+name,
st-louis-cardinals,Steve Henry,DB,SS,S,73,63,team+name,
st-louis-cardinals,Steve Little,P,P,P,90,84,"team+name, duplicate in mod",
st-louis-cardinals,Steve Neils,LB,MLB,MLB,75,66,team+name,
st-louis-cardinals,Steve Pisarkiewicz,QB,QB,QB,70,67,team+name,
st-louis-cardinals,Terry Stieve,OG,RG,OG,78,66,team+name,
st-louis-cardinals,Theotis Brown,RB,FB,RB,80,68,team+name,
st-louis-cardinals,Thomas Lott,RB,RB,RB,69,58,team+name,
st-louis-cardinals,Tim Kearney,LB,MLB,MLB,81,73,team+name,
st-louis-cardinals,Tom Banks,C,C,C,92,86,team+name,
st-louis-cardinals,Tom Brahaney,C,C,C,71,51,team+name,
st-louis-cardinals,Wayne Morris,RB,FB,RB,90,85,team+name,
st-louis-cardinals,Willard Harrell,RB,RB,RB,78,72,team+name,
tampa-bay-buccaneers,Aaron Brown,LB,MLB,MLB,72,63,team+name,
tampa-bay-buccaneers,Bill Kollar,DT,DT,DT,75,64,team+name,
tampa-bay-buccaneers,Billy Cesare,DB,CB,CB,75,64,team+name,
tampa-bay-buccaneers,Cecil Johnson,LB,ROLB,OLB,84,81,team+name,
tampa-bay-buccaneers,Cedric Brown,DB,FS,S,86,77,team+name,
tampa-bay-buccaneers,Charley Hannah,OG,RT,OT,84,76,team+name,
tampa-bay-buccaneers,Chuck Fusina,QB,QB,QB,67,64,team+name,
tampa-bay-buccaneers,Curtis Jordan,DB,SS,S,85,77,team+name,
tampa-bay-buccaneers,Dana Nafziger,LB,LOLB,OLB,80,74,team+name,
tampa-bay-buccaneers,Danny Reece,DB,CB,CB,84,76,team+name,
tampa-bay-buccaneers,Darrell Austin,OG,RG,OG,77,65,team+name,
tampa-bay-buccaneers,Darryl Carlton,OT,RT,OT,78,71,team+name,
tampa-bay-buccaneers,Dave Lewis,LB,LOLB,OLB,92,87,team+name,
tampa-bay-buccaneers,Dave Reavis,OT,LT,OT,80,76,team+name,
tampa-bay-buccaneers,David Logan,DT,DT,DT,88,81,team+name,
tampa-bay-buccaneers,Dewey Selmon,LB,MLB,MLB,86,84,team+name,
tampa-bay-buccaneers,Doug Williams,QB,QB,QB,82,83,team+name,
tampa-bay-buccaneers,Gene Sanders,OT,LT,OT,73,66,team+name,
tampa-bay-buccaneers,George Ragsdale,RB,RB,RB,74,65,team+name,
tampa-bay-buccaneers,George Yarno,OG,LG,OG,75,66,team+name,
tampa-bay-buccaneers,Gordon Jones,WR,WR,WR,79,71,team+name,
tampa-bay-buccaneers,Greg Horton,OG,LG,OG,83,76,team+name,
tampa-bay-buccaneers,Greg Roberts,OG,RG,OG,83,76,team+name,
tampa-bay-buccaneers,Isaac Hagins,WR,WR,WR,80,73,team+name,
tampa-bay-buccaneers,Jeris White,DB,CB,CB,86,81,team+name,
tampa-bay-buccaneers,Jerry Eckwood,RB,RB,RB,77,69,team+name,
tampa-bay-buccaneers,Jim Obradovich,TE,TE,TE,76,65,team+name,
tampa-bay-buccaneers,Jimmie Giles,TE,TE,TE,91,84,team+name,
tampa-bay-buccaneers,Johnny Davis,RB,FB,RB,80,68,team+name,
tampa-bay-buccaneers,Larry Mucker,WR,WR,WR,79,71,team+name,
tampa-bay-buccaneers,Lee Roy Selmon,DE,RE,DE,98,95,team+name,
tampa-bay-buccaneers,Mark Cotney,DB,SS,S,88,82,team+name,
tampa-bay-buccaneers,Mike Rae,QB,QB,QB,74,70,team+name,
tampa-bay-buccaneers,Mike Washington,DB,CB,CB,86,81,team+name,
tampa-bay-buccaneers,Morris Owens,WR,WR,WR,85,80,team+name,
tampa-bay-buccaneers,Neil O'Donoghue,K,K,K,79,76,team+name,
tampa-bay-buccaneers,Randy Crowder,DT,DT,DT,78,67,team+name,
tampa-bay-buccaneers,Reggie Lewis,DE,RE,DE,77,64,team+name,
tampa-bay-buccaneers,Richard Wood,LB,MLB,MLB,86,84,team+name,
tampa-bay-buccaneers,Rick Berns,RB,RB,RB,74,65,team+name,
tampa-bay-buccaneers,Ricky Bell,RB,FB,RB,89,84,team+name,
tampa-bay-buccaneers,Rik Bonness,LB,ROLB,OLB,73,66,team+name,
tampa-bay-buccaneers,Steve Wilson,C,C,C,76,64,team+surname+position,
tampa-bay-buccaneers,Tom Blanchard,P,P,P,92,85,team+name,
tampa-bay-buccaneers,Tony Davis,RB,RB,RB,66,49,team+name,
tampa-bay-buccaneers,Wally Chambers,DE,LE,DE,86,77,team+name,
washington-redskins,Benny Malone,RB,RB,RB,81,81,team+name,
washington-redskins,Bob Kuziel,C,C,C,83,73,team+name,
washington-redskins,Bobby Hammond,RB,RB,RB,78,72,team+name,
washington-redskins,Brad Dusek,LB,LOLB,OLB,80,74,team+name,
washington-redskins,Buddy Hardeman,RB,RB,RB,74,65,team+name,
washington-redskins,Chris DeFrance,WR,WR,WR,71,61,team+name,
washington-redskins,Clarence Harmon,RB,FB,RB,84,76,team+name,
washington-redskins,Coy Bacon,DE,RE,DE,88,78,team+name,
washington-redskins,Dallas Hickman,DE,RE,DE,74,60,team+name,
washington-redskins,Danny Buggs,WR,WR,WR,83,76,team+name,
washington-redskins,Dave Butz,DT,DT,DT,94,88,team+name,
washington-redskins,Diron Talbert,DT,DT,DT,86,78,team+name,
washington-redskins,Don Harris,DB,CB,CB,70,57,team+name,
washington-redskins,Don Hover,LB,MLB,MLB,70,61,team+name,
washington-redskins,Don Warren,TE,TE,TE,86,81,team+name,
washington-redskins,Fred Dean,OG,LT,OT,79,73,team+surname+position,
washington-redskins,George Starke,OT,RT,OT,89,88,team+name,
washington-redskins,Grady Richardson,TE,TE,TE,70,58,team+name,
washington-redskins,Greg Dubinetz,OG,LG,OG,71,54,team+name,
washington-redskins,Ike Forte,RB,RB,RB,77,69,team+name,
washington-redskins,Jean Fugett,TE,TE,TE,86,81,team+name,
washington-redskins,Jeff Williams,OG,RG,OG,83,76,team+name,
washington-redskins,Joe Jones,DE,LE,DE,81,66,team+name,
washington-redskins,Joe Lavender,DB,CB,CB,89,85,team+name,
washington-redskins,Joe Theismann,QB,QB,QB,84,89,team+name,
washington-redskins,John Riggins,RB,FB,RB,95,86,team+name,
washington-redskins,Johnnie McDaniel,WR,WR,WR,80,73,team+surname+position,
washington-redskins,Karl Lorch,DE,LE,DE,82,69,team+name,
washington-redskins,Ken Houston,DB,SS,S,91,84,team+name,
washington-redskins,Kim McQuilken,QB,QB,QB,65,62,team+name,
washington-redskins,Lemar Parrish,DB,CB,CB,89,85,team+name,
washington-redskins,Mark Moseley,K,K,K,99,95,team+name,
washington-redskins,Mark Murphy,DB,FS,S,84,74,team+name,
washington-redskins,Mike Bragg,P,P,P,87,81,team+name,
washington-redskins,Monte Coleman,LB,ROLB,OLB,79,71,team+name,
washington-redskins,Neal Olkewicz,LB,MLB,MLB,79,71,team+name,
washington-redskins,Paul Smith,DT,DT,DT,77,66,team+name,
washington-redskins,Perry Brooks,DT,DT,DT,80,70,team+name,
washington-redskins,Pete Wysocki,LB,ROLB,OLB,81,74,team+name,
washington-redskins,Phil DuBois,TE,TE,TE,69,56,team+name,
washington-redskins,Ray Waddy,DB,CB,CB,68,53,team+name,
washington-redskins,Rich Milot,LB,ROLB,OLB,79,71,team+name,
washington-redskins,Ricky Thompson,WR,WR,WR,81,74,team+name,
washington-redskins,Ron Saul,OG,LG,OG,86,81,team+name,
washington-redskins,Ted Fritsch,C,C,C,78,65,team+name,
washington-redskins,Terry Hermeling,OT,LT,OT,87,82,team+name,
washington-redskins,Tony Peters,DB,SS,S,82,70,team+name,
