team,jersey,name,pos,games,age,college,mover,also,resolved
atlanta-falcons,85,Alfred Jackson,WR,12,24,Texas,,,
atlanta-falcons,84,Alfred Jenkins,WR,16,27,Morris Brown,,,
atlanta-falcons,82,Billy Ryckman,WR,14,24,Louisiana Tech,,,
atlanta-falcons,36,Bob Glazebrook,DB,13,23,Fresno State,,,
atlanta-falcons,51,Brian Cabral,LB,3,23,Colorado,,,
atlanta-falcons,44,Bubba Bean,RB,11,25,Texas A&M,,,
atlanta-falcons,70,Dave Scott,OG,16,25,Kansas,,,
atlanta-falcons,81,Dennis Pearson,WR,16,24,San Diego State,,,
atlanta-falcons,52,Dewey McClain,LB,15,25,East Central (OK),,,
atlanta-falcons,65,Don Smith,DT,16,22,Miami,,,
atlanta-falcons,77,Edgar Fields,DE,16,25,Texas A&M,,,
atlanta-falcons,28,Frank Reed,DB,11,25,Washington,,,
atlanta-falcons,54,Fulton Kuykendall,LB,16,26,UCLA,,,
atlanta-falcons,50,Greg Brezina,LB,16,33,Houston,,,
atlanta-falcons,24,Haskel Stanback,RB,13,27,Tennessee,,,
atlanta-falcons,39,James Mayberry,RB,16,21,Colorado,,,
atlanta-falcons,75,Jeff Merrow,DE,3,26,West Virginia,,,
atlanta-falcons,57,Jeff Van Note,C,16,33,Kentucky,,,
atlanta-falcons,79,Jeff Yeates,DE,16,28,Boston College,,,
atlanta-falcons,--,Jerome King,DB,1,24,Purdue,,,
atlanta-falcons,86,Jim Mitchell,TE,16,32,Prairie View A&M,,,
atlanta-falcons,54,Joel Williams,LB,16,22,Wisconsin-LaCrosse,,,
atlanta-falcons,6,John James,P,16,30,Florida,,,
atlanta-falcons,14,June Jones,QB,5,26,Portland State,,,
atlanta-falcons,21,Lynn Cain,RB,10,24,Southern California,,,
atlanta-falcons,78,Mike Kenn,OT,16,23,Michigan,,,
atlanta-falcons,69,Mike Lewis,DT,13,30,Arkansas-Pine Bluff,,,
atlanta-falcons,15,Mike Moroski,QB,2,22,California-Davis,,,
atlanta-falcons,63,Mike Zele,DT,13,23,Kent State,,,
atlanta-falcons,64,Pat Howell,OG,15,22,Southern California,,,
atlanta-falcons,53,Paul Ryczek,C,16,27,Virginia,,,
atlanta-falcons,73,Phil McKinnely,OT,15,25,UCLA,,,
atlanta-falcons,68,R.C. Thielemann,OG,11,24,Arkansas,,,
atlanta-falcons,32,Ray Easterling,DB,16,30,Richmond,,,
atlanta-falcons,25,Ray Strong,RB,6,23,Nevada-Las Vegas,,,
atlanta-falcons,38,Rick Byas,DB,16,29,Wayne State (MI),,,
atlanta-falcons,59,Robert Pennywell,LB,16,24,Grambling,,,
atlanta-falcons,22,Rolland Lawrence,DB,16,28,Tabor,,,
atlanta-falcons,56,Ronnie McCartney,LB,16,25,Tennessee,,,
atlanta-falcons,87,Russ Mikeska,TE,16,24,Texas A&M,,,
atlanta-falcons,10,Steve Bartkowski,QB,14,26,California,,,
atlanta-falcons,4,Tim Mazzetti,K,16,23,Pennsylvania,,,
atlanta-falcons,45,Tom Moriarty,DB,16,26,Bowling Green,,,
atlanta-falcons,27,Tom Pridemore,DB,16,23,West Virginia,,,
atlanta-falcons,55,Tony Daykin,LB,11,24,Georgia Tech,,,
atlanta-falcons,89,Wally Francis,WR,16,27,Arkansas-Pine Bluff,,,
atlanta-falcons,66,Warren Bryant,OT,16,23,Kentucky,,,
atlanta-falcons,31,William Andrews,RB,15,23,Auburn,,,
atlanta-falcons,74,Wilson Faumuina,DT,14,25,San Jose State,,,
baltimore-colts,55,Barry Krauss,LB,15,22,Alabama,,,
baltimore-colts,29,Ben Garry,RB,11,23,Southern Mississippi,,,
baltimore-colts,7,Bert Jones,QB,4,28,Louisiana State,,,
baltimore-colts,61,Bob Pratt,OG,16,28,North Carolina,,,
baltimore-colts,67,Bob Van Duyne,OG,16,27,Idaho,,,
baltimore-colts,87,Brian DeRoo,WR,16,23,Redlands,,,
baltimore-colts,40,Bruce Laird,DB,15,29,American International,,,
baltimore-colts,10,Bucky Dilts,P,16,25,Georgia,,,
baltimore-colts,64,David Taylor,OT,3,30,Catawba,,,
baltimore-colts,36,Don Hardeman,RB,13,27,Texas A&M-Kingsville,,,
baltimore-colts,23,Don McCauley,RB,15,30,North Carolina,,,
baltimore-colts,30,Doug Nettles,DB,15,28,Vanderbilt,,,
baltimore-colts,28,Dwight Harrison,DB,7,31,Texas A&M-Kingsville,,,
baltimore-colts,56,Ed Simonini,LB,13,25,Texas A&M,,,
baltimore-colts,72,Fred Cook,DE,16,27,Southern Mississippi,,,
baltimore-colts,35,Glenn Doughty,WR,15,32,Michigan,,,
baltimore-colts,79,Greg Fields,DE,16,24,Grambling,,,
baltimore-colts,11,Greg Landry,QB,16,32,Massachusetts,,,
baltimore-colts,88,Herb Orvis,DE,16,33,Colorado,,,
baltimore-colts,68,Jeff Hart,OT,16,26,Oregon State,,,
baltimore-colts,12,Jerry Golsteyn,QB,2,25,Northern Illinois,yes,detroit-lions:1,"HAND: started the season in Baltimore; 1 game each, no 2K5 record, no rule reaches it"
baltimore-colts,90,Jim Krahl,DT,1,25,Texas Tech,,,
baltimore-colts,76,Joe Ehrmann,DT,15,30,Syracuse,,,
baltimore-colts,20,Joe Washington,RB,15,26,Oklahoma,,,
baltimore-colts,62,Ken Huff,OG,14,26,North Carolina,,,
baltimore-colts,57,Ken Mendenhall,C,16,31,Oklahoma,,,
baltimore-colts,47,Larry Braziel,DB,16,25,Southern California,,,
baltimore-colts,52,Lee Gross,C,16,26,Auburn,,,
baltimore-colts,44,Lyle Blackwood,DB,16,28,Texas Christian,,,
baltimore-colts,83,Mack Alston,TE,14,32,Maryland Eastern Shore,,,
baltimore-colts,63,Mike Barnes,DT,14,28,Miami,,,
baltimore-colts,51,Mike Ozdowski,DE,11,24,Virginia,,,
baltimore-colts,45,Mike Siani,WR,10,29,Villanova,,,
baltimore-colts,59,Mike Woods,LB,16,25,Cincinnati,,,
baltimore-colts,25,Nesby Glasgow,DB,16,22,Washington,,,
baltimore-colts,43,Norm Thompson,DB,12,34,Utah,,,
baltimore-colts,84,Randy Burke,WR,16,24,Kentucky,,,
baltimore-colts,86,Reese McCall,TE,14,23,Auburn,,,
baltimore-colts,37,Reggie Pinkney,DB,16,24,East Carolina,,,
baltimore-colts,81,Roger Carr,WR,9,27,Louisiana Tech,,,
baltimore-colts,60,Ron Baker,OG,16,24,Oklahoma State,,,
baltimore-colts,73,Ron Fernandes,DE,13,28,Eastern Michigan,,,
baltimore-colts,48,Roosevelt Leaks,RB,7,26,Texas,,,
baltimore-colts,54,Sanders Shiver,LB,16,25,Carson-Newman,,,
baltimore-colts,53,Stan White,LB,16,30,Ohio State,,,
baltimore-colts,5,Steve Mike-Mayer,K,13,32,Maryland,,,
baltimore-colts,58,Steve Zabel,LB,15,31,Oklahoma,,,
baltimore-colts,69,Wade Griffin,OT,16,25,Mississippi,,,
buffalo-bills,77,Ben Williams,DE,16,25,Mississippi,,,
buffalo-bills,9,Bill Munson,QB,3,38,Utah State,,,
buffalo-bills,81,Bob Chandler,WR,3,30,Southern California,,,
buffalo-bills,26,Charles Romes,DB,16,24,North Carolina Central,,,
buffalo-bills,52,Chris Keating,LB,16,22,Maine,,,
buffalo-bills,47,Curtis Brown,RB,15,24,Missouri,,,
buffalo-bills,51,Dan Jilek,LB,15,25,Michigan,,,
buffalo-bills,11,Dan Manucci,QB,14,22,Kansas State,,,
buffalo-bills,84,Danny Fulton,WR,6,23,Nebraska-Omaha,,,
buffalo-bills,74,Dee Hardison,DE,16,23,North Carolina,,,
buffalo-bills,39,Dennis Johnson,RB,3,23,Mississippi State,,,
buffalo-bills,21,Doug Greene,DB,15,23,Texas A&M-Kingsville,,,
buffalo-bills,65,Ed Fulton,OG,5,24,Maryland,,,
buffalo-bills,82,Frank Lewis,WR,15,32,Grambling,,,
buffalo-bills,76,Fred Smerlas,DT,13,22,Boston College,,,
buffalo-bills,58,Isiah Robertson,LB,16,30,Southern,,,
buffalo-bills,38,Jeff Nixon,DB,16,23,Richmond,,,
buffalo-bills,80,Jerry Butler,WR,13,22,Clemson,,,
buffalo-bills,55,Jim Haslett,LB,16,23,Indiana (PA),,,
buffalo-bills,68,Joe DeLamielleure,OG,16,28,Michigan State,,,
buffalo-bills,70,Joe Devlin,OT,16,25,Iowa,,,
buffalo-bills,12,Joe Ferguson,QB,16,29,Arkansas,,,
buffalo-bills,73,Jon Borchardt,OG,16,22,Montana State,,,
buffalo-bills,87,Joseph Shipp,TE,16,24,Southern California,,,
buffalo-bills,46,Keith Moody,DB,16,26,Syracuse,,,
buffalo-bills,91,Ken Johnson,DE,3,24,Knoxville,,namesake,
buffalo-bills,72,Ken Jones,OT,16,26,Arkansas State,,,
buffalo-bills,86,Leonard Willis,WR,7,26,Ohio State,,,
buffalo-bills,89,Lou Piccone,WR,16,30,West Liberty State,,,
buffalo-bills,57,Lucius Sanford,LB,16,23,Georgia Tech,,,
buffalo-bills,29,Mario Clark,DB,16,25,Oregon,,,
buffalo-bills,35,Mike Collier,RB,16,26,Morgan State,,,
buffalo-bills,71,Mike Kadish,DT,16,29,Notre Dame,,,
buffalo-bills,5,Nick Mike-Mayer,K,13,29,Temple,,,
buffalo-bills,67,Reggie McKenzie,OG,16,29,Michigan,,,
buffalo-bills,88,Reuben Gant,TE,14,27,Oklahoma State,,,
buffalo-bills,25,Roland Hooks,RB,16,26,North Carolina State,,,
buffalo-bills,85,Ron Howard,TE,1,28,Seattle,,,
buffalo-bills,4,Rusty Jackson,P,16,28,Louisiana State,,,
buffalo-bills,90,Scott Hutchinson,DE,16,23,Florida,,,
buffalo-bills,59,Shane Nelson,LB,16,24,Baylor,,,
buffalo-bills,83,Sherman White,DE,15,31,California,,,
buffalo-bills,22,Steve Freeman,DB,16,26,Mississippi State,,,
buffalo-bills,23,Steve Powell,RB,15,23,Northeast Missouri State,,,
buffalo-bills,40,Terry Miller,RB,16,23,Oklahoma State,,,
buffalo-bills,65,Tim Vogler,C,10,23,Ohio State,,,
buffalo-bills,6,Tom Dempsey,K,3,38,Palomar College JC (CA),,,
buffalo-bills,54,Tom Higgins,LB,16,25,North Carolina State,,,
buffalo-bills,43,Tony Greene,DB,16,30,Maryland,,,
buffalo-bills,53,Will Grant,C,16,25,Kentucky,,,
buffalo-bills,61,Willie Parker,C,16,30,North Texas,,,
chicago-bears,90,Al Harris,LB,4,22,Arizona State,,,
chicago-bears,82,Alan Page,DT,16,34,Notre Dame,,,
chicago-bears,48,Allan Ellis,DB,8,28,UCLA,,,
chicago-bears,7,Bob Avellini,QB,7,26,Maryland,,,
chicago-bears,86,Bob Parsons,P,16,29,Penn State,,,
chicago-bears,16,Bob Thomas,K,16,27,Notre Dame,,,
chicago-bears,84,Brian Baschnagel,WR,16,25,Ohio State,,,
chicago-bears,51,Bruce Herron,LB,16,25,New Mexico,,,
chicago-bears,99,Dan Hampton,DT,16,22,Arkansas,,,
chicago-bears,62,Dan Jiggetts,OT,16,25,Harvard,,,
chicago-bears,52,Dan Neal,C,16,30,Kentucky,,,
chicago-bears,22,Dave Williams,RB,14,25,Colorado,,,
chicago-bears,70,Dennis Lick,OT,16,25,Wisconsin,,,
chicago-bears,55,Doug Buffone,LB,16,35,Louisville,,,
chicago-bears,46,Doug Plank,DB,16,26,Ohio State,,,
chicago-bears,59,Gary Campbell,LB,16,27,Colorado,,,
chicago-bears,45,Gary Fencik,DB,14,25,Yale,,,
chicago-bears,83,Golden Richards,WR,5,28,Brigham Young,,,
chicago-bears,88,Greg Latta,TE,15,27,Morgan State,,,
chicago-bears,81,Harry Washington,WR,6,23,Colorado State,,,
chicago-bears,33,Jack Deloplaine,RB,6,25,Salem International,yes,pittsburgh-steelers:1,games
chicago-bears,89,James Scott,WR,10,27,Trinity Valley CC (TX),,,
chicago-bears,74,Jerry Meyers,DE,6,25,Northern Illinois,,,
chicago-bears,58,Jerry Muckensturm,LB,16,26,Arkansas State,,,
chicago-bears,68,Jim Osborne,DT,16,30,Southern,,,
chicago-bears,30,John Skibinski,RB,1,24,Purdue,,,
chicago-bears,83,Kris Haines,WR,3,22,Notre Dame,yes,washington-redskins:1,games
chicago-bears,57,Lee Kunz,LB,16,22,Nebraska,,,
chicago-bears,23,Len Walterscheid,DB,15,25,Southern Utah,,,
chicago-bears,25,Lonnie Perrin,RB,14,27,Illinois,yes,washington-redskins:5,games
chicago-bears,60,Lynn Boden,OG,10,26,South Dakota State,,,
chicago-bears,50,Mark Merrill,LB,15,24,Minnesota,yes,new-york-jets:6,games
chicago-bears,87,Mike Cobb,TE,16,23,Michigan State,,,
chicago-bears,73,Mike Hartenstine,DE,16,26,Penn State,,,
chicago-bears,15,Mike Phipps,QB,12,31,Purdue,,,
chicago-bears,47,Mike Spivey,DB,16,25,Colorado,,,
chicago-bears,65,Noah Jackson,OG,15,28,Tampa,,,
chicago-bears,69,Revie Sorey,OG,16,26,Illinois,,,
chicago-bears,80,Rickey Watts,WR,16,22,Tulsa,,,
chicago-bears,39,Robin Earl,RB,13,24,Washington,,,
chicago-bears,76,Ron Rydalch,DT,16,27,Utah,,,
chicago-bears,85,Steve Schubert,WR,14,28,Massachusetts,,,
chicago-bears,64,Ted Albrecht,OT,16,25,California,,,
chicago-bears,44,Terry Schmidt,DB,16,27,Ball State,,,
chicago-bears,54,Tom Hicks,LB,15,26,Illinois,,,
chicago-bears,53,Tommy Hart,DE,15,34,Morris Brown,,,
chicago-bears,63,Tony Ardizzone,C,16,22,Northwestern,,,
chicago-bears,8,Vince Evans,QB,4,24,Southern California,,,
chicago-bears,24,Virgil Livers,DB,13,27,Western Kentucky,,,
chicago-bears,34,Walter Payton,RB,16,25,Jackson State,,,
chicago-bears,36,Wentford Gaines,DB,16,26,Cincinnati,,,
chicago-bears,37,Willie McClendon,RB,16,22,Georgia,,,
cincinnati-bengals,45,Archie Griffin,RB,16,25,Ohio State,,,
cincinnati-bengals,70,Barney Cotton,OG,13,23,Nebraska,,,
cincinnati-bengals,82,Billy Brooks,WR,4,26,Oklahoma,,,
cincinnati-bengals,58,Blair Bush,C,12,22,Washington,,,
cincinnati-bengals,53,Bo Harris,LB,15,26,Louisiana State,,,
cincinnati-bengals,54,Bob Johnson,C,5,33,Tennessee,,,
cincinnati-bengals,40,Charles Alexander,RB,16,22,Louisiana State,,,
cincinnati-bengals,10,Chris Bahr,K,16,26,Penn State,,,
cincinnati-bengals,89,Dan Ross,TE,16,22,Northeastern,,,
cincinnati-bengals,62,Dave Lapham,OG,16,27,Syracuse,,,
cincinnati-bengals,22,Deacon Turner,RB,16,24,San Diego State,,,
cincinnati-bengals,30,Dick Jauron,DB,16,29,Yale,,,
cincinnati-bengals,84,Don Bass,TE,16,23,Houston,,,
cincinnati-bengals,73,Eddie Edwards,DE,14,25,Miami,,,
cincinnati-bengals,67,Gary Burley,DE,16,26,Pittsburgh,,,
cincinnati-bengals,74,Glenn Bujnoch,OG,15,25,Texas A&M,,,
cincinnati-bengals,50,Glenn Cameron,LB,15,26,Florida,,,
cincinnati-bengals,59,Howie Kurnick,LB,15,22,Cincinnati,,,
cincinnati-bengals,85,Isaac Curtis,WR,16,29,San Diego State,,,
cincinnati-bengals,12,Jack Thompson,QB,9,23,Washington State,,,
cincinnati-bengals,81,James Corbett,TE,10,24,Pittsburgh,,,
cincinnati-bengals,21,Jim Browner,DB,16,23,Notre Dame,,,
cincinnati-bengals,55,Jim LeClair,LB,16,29,North Dakota,,,
cincinnati-bengals,14,Ken Anderson,QB,15,30,Augustana (IL),,,
cincinnati-bengals,13,Ken Riley,DB,13,32,Florida A&M,,,
cincinnati-bengals,34,Louis Breeden,DB,10,26,North Carolina Central,,,
cincinnati-bengals,72,Mack Mitchell,DE,13,27,Houston,,,
cincinnati-bengals,66,Mark Donahue,OG,16,23,Michigan,,,
cincinnati-bengals,24,Marvin Cobb,DB,14,26,Southern California,,,
cincinnati-bengals,65,Max Montoya,OG,11,23,UCLA,,,
cincinnati-bengals,88,Mike Levenseller,WR,12,23,Washington State,,,
cincinnati-bengals,63,Mike White,DT,16,22,Albany State,,,
cincinnati-bengals,77,Mike Wilson,OT,16,24,Georgia,,,
cincinnati-bengals,35,Nathan Poole,RB,16,22,Louisville,,,
cincinnati-bengals,87,Pat McInally,P,16,26,Harvard,,,
cincinnati-bengals,46,Pete Johnson,RB,16,25,Ohio State,,,
cincinnati-bengals,44,Ray Griffin,DB,12,23,Ohio State,,,
cincinnati-bengals,57,Reggie Williams,LB,12,25,Dartmouth,,,
cincinnati-bengals,83,Rick Walker,TE,10,24,UCLA,,,
cincinnati-bengals,79,Ross Browner,DE,16,25,Notre Dame,,,
cincinnati-bengals,28,Scott Burk,DB,16,23,Oklahoma State,,,
cincinnati-bengals,32,Scott Perry,DB,14,25,Williams,,,
cincinnati-bengals,86,Steve Kreider,WR,15,21,Lehigh,,,
cincinnati-bengals,52,Tom Dinkel,LB,16,23,Kansas,,,
cincinnati-bengals,51,Tom Ruud,LB,16,26,Nebraska,,,
cincinnati-bengals,29,Vaughn Lusby,DB,16,23,Arkansas,,,
cincinnati-bengals,76,Vern Holland,OT,16,31,Tennessee State,,,
cincinnati-bengals,75,Wilson Whitley,DT,14,24,Houston,,,
cleveland-browns,17,Brian Sipe,QB,16,30,San Diego State,,,
cleveland-browns,35,Calvin Hill,RB,14,32,Yale,,,
cleveland-browns,59,Charlie Hall,LB,16,30,Houston,,,
cleveland-browns,22,Clarence Scott,DB,16,30,Kansas State,,,
cleveland-browns,57,Clay Matthews,LB,16,23,Southern California,,,
cleveland-browns,30,Cleo Miller,RB,16,27,Arkansas-Pine Bluff,,,
cleveland-browns,49,Clinton Burrell,DB,16,23,Louisiana State,,,
cleveland-browns,63,Cody Risien,OT,16,22,Texas A&M,,,
cleveland-browns,87,Curtis Weathers,LB,16,23,Mississippi,,,
cleveland-browns,55,Dave Graf,LB,16,26,Penn State,,,
cleveland-browns,85,Dave Logan,WR,16,25,Colorado,,,
cleveland-browns,52,Dick Ambrose,LB,15,26,Virginia,,,
cleveland-browns,1,Dino Hall,RB,11,23,Rowan,,,
cleveland-browns,12,Don Cockroft,K,16,34,Adams State,,,
cleveland-browns,73,Doug Dieken,OT,16,30,Illinois,,,
cleveland-browns,64,George Buehler,OG,11,32,Stanford,,,
cleveland-browns,86,Gerald Irons,LB,16,32,Maryland Eastern Shore,,,
cleveland-browns,79,Gerry Sullivan,C,16,27,Illinois,,,
cleveland-browns,34,Greg Pruitt,RB,6,28,Oklahoma,,,
cleveland-browns,91,Henry Bradley,DT,5,26,Alcorn State,,,
cleveland-browns,65,Henry Sheppard,OG,16,26,Southern Methodist,,,
cleveland-browns,81,Jack Gregory,DE,16,35,Delta State,,,
cleveland-browns,72,Jerry Sherk,DT,10,31,Oklahoma State,,,
cleveland-browns,88,John Smith,WR,6,23,Tennessee State,,namesake,
cleveland-browns,8,Johnny Evans,P,16,23,North Carolina State,,,
cleveland-browns,89,Keith Wright,WR,5,23,Memphis,,,
cleveland-browns,48,Lawrence Johnson,DB,16,22,Wisconsin,,,
cleveland-browns,77,Lyle Alzado,DE,15,30,Yankton,,,
cleveland-browns,15,Mark Miller,QB,2,23,Bowling Green,,,
cleveland-browns,77,Matt Miller,OT,16,23,Colorado,,,
cleveland-browns,78,Mickey Sims,DT,16,24,South Carolina State,,,
cleveland-browns,43,Mike Pruitt,RB,16,25,Purdue,,,
cleveland-browns,74,Mike St. Clair,DE,16,26,Grambling,,,
cleveland-browns,21,Oliver Davis,DB,16,25,Tennessee State,,,
cleveland-browns,82,Ozzie Newsome,TE,16,23,Alabama,,,
cleveland-browns,25,Pat Moriarty,RB,16,24,Georgia Tech,,,
cleveland-browns,24,Randy Rich,DB,16,25,New Mexico,,,
cleveland-browns,33,Reggie Rucker,WR,16,32,Boston University,,,
cleveland-browns,92,Rich Dimler,DT,12,23,Southern California,,,
cleveland-browns,83,Ricky Feacher,WR,16,25,Mississippi Valley State,,,
cleveland-browns,47,Ricky Jones,LB,16,24,Tuskegee,,,
cleveland-browns,68,Robert Jackson,OG,16,26,Duke,,same-team namesake,
cleveland-browns,56,Robert Jackson,LB,16,25,Texas A&M,,same-team namesake,
cleveland-browns,28,Ron Bolton,DB,16,29,Norfolk State,,,
cleveland-browns,27,Thom Darden,DB,16,29,Michigan,,,
cleveland-browns,54,Tom DeLeone,C,16,29,Ohio State,,,
cleveland-browns,80,Willis Adams,WR,16,23,Houston,,,
dallas-cowboys,25,Aaron Kyle,DB,16,25,Wyoming,,,
dallas-cowboys,34,Aaron Mitchell,DB,16,22,Nevada-Las Vegas,,,
dallas-cowboys,24,Alois Blackwell,RB,6,24,Houston,,,
dallas-cowboys,71,Andy Frederick,OT,16,25,New Mexico,,,
dallas-cowboys,31,Benny Barnes,DB,15,28,Stanford,,,
dallas-cowboys,89,Billy Joe DuPree,TE,16,29,Michigan State,,,
dallas-cowboys,53,Bob Breunig,LB,16,26,Arizona State,,,
dallas-cowboys,57,Bruce Huther,LB,16,25,New Hampshire,,,
dallas-cowboys,77,Bruce Thornton,DE,16,21,Illinois,,,
dallas-cowboys,66,Burton Lawless,OG,15,26,Florida,,,
dallas-cowboys,86,Butch Johnson,WR,11,25,California-Riverside,,,
dallas-cowboys,43,Cliff Harris,DB,16,30,Ouachita Baptist,,,
dallas-cowboys,50,D.D. Lewis,LB,16,34,Mississippi State,,,
dallas-cowboys,11,Danny White,QB,16,27,Arizona State,,,
dallas-cowboys,65,Dave Stalls,DE,16,24,Northern Colorado,,,
dallas-cowboys,32,Dennis Thurman,DB,16,23,Southern California,,,
dallas-cowboys,84,Doug Cosbie,TE,16,23,Santa Clara,,,
dallas-cowboys,88,Drew Pearson,WR,15,28,Tulsa,,,
dallas-cowboys,18,Glenn Carano,QB,3,23,Nevada-Las Vegas,,,
dallas-cowboys,59,Guy Brown,LB,15,24,Houston,,,
dallas-cowboys,79,Harvey Martin,DE,16,28,Texas A&M-Commerce,,,
dallas-cowboys,68,Herbert Scott,OG,16,26,Virginia Union,,,
dallas-cowboys,87,Jay Saldi,TE,16,25,South Carolina,,,
dallas-cowboys,61,Jim Cooper,OT,15,24,Temple,,,
dallas-cowboys,78,John Dutton,DT,8,28,Nebraska,,,
dallas-cowboys,62,John Fitzgerald,C,15,31,Boston College,,,
dallas-cowboys,76,Larry Bethea,DT,16,23,Michigan State,,,
dallas-cowboys,36,Larry Brinson,RB,14,25,Florida,,,
dallas-cowboys,63,Larry Cole,DE,16,32,Hawaii,,,
dallas-cowboys,58,Mike Hegman,LB,16,26,Tennessee State,,,
dallas-cowboys,67,Pat Donovan,OT,16,26,Stanford,,,
dallas-cowboys,26,Preston Pearson,RB,14,34,Illinois,,,
dallas-cowboys,1,Rafael Septien,K,16,25,Southwestern Louisiana,,,
dallas-cowboys,42,Randy Hughes,DB,15,26,Oklahoma,,,
dallas-cowboys,54,Randy White,DT,15,26,Maryland,,,
dallas-cowboys,70,Rayfield Wright,OT,16,34,Fort Valley State,,,
dallas-cowboys,44,Robert Newhouse,RB,14,29,Houston,,,
dallas-cowboys,52,Robert Shaw,C,16,23,Tennessee,,,
dallas-cowboys,12,Roger Staubach,QB,16,37,Navy,,,
dallas-cowboys,20,Ron Springs,RB,16,22,Ohio State,,,
dallas-cowboys,35,Scott Laidlaw,RB,16,26,Stanford,,,
dallas-cowboys,81,Steve Wilson,DB,16,22,Howard,,namesake,
dallas-cowboys,56,Thomas Henderson,LB,11,26,Langston,,,
dallas-cowboys,64,Tom Rafferty,C,16,25,Penn State,,,
dallas-cowboys,33,Tony Dorsett,RB,14,25,Pittsburgh,,,
dallas-cowboys,80,Tony Hill,WR,16,23,Stanford,,,
dallas-cowboys,22,Wade Manning,WR,9,24,Ohio State,,,
denver-broncos,79,Barney Chavous,DE,16,28,South Carolina State,,,
denver-broncos,29,Bernard Jackson,DB,12,29,Washington State,,,
denver-broncos,64,Billy Bryan,C,16,24,Duke,,,
denver-broncos,36,Billy Thompson,DB,16,33,Maryland Eastern Shore,,,
denver-broncos,51,Bob Swenson,LB,16,26,California,,,
denver-broncos,66,Brison Manor,DE,16,27,Arkansas,,,
denver-broncos,78,Bruce Radford,DT,16,24,Grambling,,,
denver-broncos,40,Charlie West,DB,16,33,Texas-El Paso,,,
denver-broncos,23,Chris Pane,DB,16,26,Cal State-Chico,,,
denver-broncos,71,Claudie Minor,OT,16,28,San Diego State,,,
denver-broncos,7,Craig Morton,QB,14,36,California,,,
denver-broncos,12,Craig Penrose,QB,2,26,San Diego State,,,
denver-broncos,46,Dave Preston,RB,10,24,Bowling Green,,,
denver-broncos,70,Dave Studdard,OT,16,23,Texas,,,
denver-broncos,72,Don Latimer,DT,15,24,Miami,,,
denver-broncos,19,Fred Steinfort,K,1,26,Boston College,,,
denver-broncos,47,George Atkinson,DB,6,32,Morris Brown,,,
denver-broncos,65,Glenn Hyde,C,16,28,Pittsburgh,,,
denver-broncos,25,Haven Moses,WR,16,33,San Diego State,,,
denver-broncos,82,Jack Dolbin,WR,4,31,Wake Forest,,,
denver-broncos,30,Jim Jensen,RB,16,25,Iowa,,,
denver-broncos,50,Jim Ryan,LB,16,22,William & Mary,,,
denver-broncos,15,Jim Turner,K,16,38,Utah State,,,
denver-broncos,59,Joe Rizzo,LB,13,28,Merchant Marine,,,
denver-broncos,63,John Grant,DE,16,29,Southern California,,,
denver-broncos,32,Jon Keyworth,RB,16,28,Colorado,,,
denver-broncos,73,Kelvin Clark,OT,15,23,Nebraska,,,
denver-broncos,55,Ken Brown,C,16,25,New Mexico,,,
denver-broncos,75,Kit Lathrop,DE,11,23,Arizona State,yes,green-bay-packers:2,games
denver-broncos,35,Larry Canada,RB,16,24,Wisconsin,,,
denver-broncos,56,Larry Evans,LB,16,26,Mississippi College,,,
denver-broncos,20,Louis Wright,DB,16,26,San Jose State,,,
denver-broncos,11,Luke Prestridge,P,16,23,Baylor,,,
denver-broncos,14,Norris Weese,QB,16,28,Mississippi,,,
denver-broncos,24,Otis Armstrong,RB,15,28,Purdue,,,
denver-broncos,60,Paul Howard,OG,16,29,Brigham Young,,,
denver-broncos,53,Randy Gradishar,LB,16,27,Ohio State,,,
denver-broncos,80,Rick Upchurch,WR,16,27,Minnesota,,,
denver-broncos,88,Riley Odoms,TE,13,29,Houston,,,
denver-broncos,41,Rob Lytle,RB,15,24,Michigan,,,
denver-broncos,58,Rob Nairne,LB,10,25,Oregon State,,,
denver-broncos,85,Ron Egloff,TE,15,24,Wisconsin,,,
denver-broncos,68,Rubin Carter,DT,15,26,Miami,,,
denver-broncos,43,Steve Foley,DB,16,25,Tulane,,,
denver-broncos,81,Steve Watson,WR,16,22,Temple,,,
denver-broncos,62,Tom Glassic,OG,16,25,Virginia,,,
denver-broncos,57,Tom Jackson,LB,13,28,Louisville,,,
denver-broncos,84,Vince Kinney,WR,15,23,Maryland,,,
denver-broncos,31,Zachary Dixon,RB,8,23,Temple,yes,new-york-giants:3,games
detroit-lions,60,Al Baker,DE,16,22,Colorado State,,,
detroit-lions,65,Amos Fowler,C,12,23,Southern Mississippi,,,
detroit-lions,1,Benny Ricardo,K,16,25,San Diego State,,,
detroit-lions,36,Bo Robinson,RB,14,23,West Texas A&M,,,
detroit-lions,59,Charlie Weaver,LB,8,30,Southern California,,,
detroit-lions,72,Cleveland Elam,DT,8,27,Tennessee State,,,
detroit-lions,71,Dave Gallagher,DE,10,27,Michigan,,,
detroit-lions,44,Dave Parkin,DB,9,23,Utah State,,,
detroit-lions,75,Dave Pureifory,DE,15,30,Eastern Michigan,,,
detroit-lions,52,Dave Washington,LB,7,31,Alcorn State,,,
detroit-lions,81,David Hill,TE,16,25,Texas A&M-Kingsville,,,
detroit-lions,58,Dennis Franks,C,13,26,Michigan,,,
detroit-lions,24,Dexter Bussey,RB,16,27,Texas-Arlington,,,
detroit-lions,62,Don Morrison,OT,15,29,Texas-Arlington,,,
detroit-lions,43,Don Patterson,DB,2,22,Georgia Tech,,,
detroit-lions,78,Doug English,DT,16,26,Texas,,,
detroit-lions,46,Doug Jones,DB,10,29,Cal State-Northridge,,,
detroit-lions,55,Ed O'Neil,LB,16,27,Penn State,,,
detroit-lions,50,Eddie Cole,LB,15,22,Mississippi,,,
detroit-lions,48,Eddie Lewis,DB,15,25,Kansas,yes,san-francisco-49ers:7,games
detroit-lions,44,Ernie Jackson,DB,2,29,Duke,,,
detroit-lions,87,Freddie Scott,WR,14,27,Amherst,,,
detroit-lions,63,Garry Cobb,LB,8,22,Southern California,,,
detroit-lions,18,Gene Washington,WR,16,32,Stanford,,namesake,
detroit-lions,61,Homer Elias,OG,15,24,Tennessee State,,,
detroit-lions,25,Horace King,RB,16,26,Georgia,,,
detroit-lions,51,James Harrell,LB,9,22,Florida,,,
detroit-lions,28,James Hunter,DB,15,25,Grambling,,,
detroit-lions,19,Jeff Komlo,QB,16,23,Delaware,,,
detroit-lions,40,Jimmy Allen,DB,16,27,UCLA,,,
detroit-lions,46,Jimmy Stewart,DB,5,25,Tulsa,,,
detroit-lions,14,Joe Reed,QB,2,31,Mississippi State,,,
detroit-lions,47,John Arnold,WR,7,24,Wyoming,,,
detroit-lions,53,Jon Brooks,LB,15,22,Clemson,,,
detroit-lions,76,Karl Baldischwiler,OT,16,23,Oklahoma,,,
detroit-lions,66,Karl Chandler,C,1,27,Princeton,,,
detroit-lions,70,Keith Dorney,OT,16,21,Penn State,,,
detroit-lions,31,Ken Callicutt,RB,16,24,Clemson,,,
detroit-lions,48,Ken Ellis,DB,10,32,Southern,yes,los-angeles-rams:3,games
detroit-lions,57,Ken Fantetti,LB,16,22,Wyoming,,,
detroit-lions,82,Ken Sanders,DE,5,29,Howard Payne,,,
detroit-lions,12,Larry Swider,P,14,24,Pittsburgh,,,
detroit-lions,54,Larry Tearry,C,11,23,Wake Forest,,,
detroit-lions,38,Lawrence Gaines,RB,16,25,Wyoming,,,
detroit-lions,39,Leonard Thompson,WR,15,27,Oklahoma State,,,
detroit-lions,89,Luther Blue,WR,9,25,Iowa State,,,
detroit-lions,27,Luther Bradley,DB,16,24,Notre Dame,,,
detroit-lions,32,Rick Kane,RB,16,24,San Jose State,,,
detroit-lions,47,Robert Woods,WR,1,24,Grambling,,namesake,
detroit-lions,73,Russ Bolinger,OG,16,25,Long Beach State,,,
detroit-lions,10,Scott Hunter,QB,13,31,Alabama,,,
detroit-lions,15,Tom Skladany,P,2,24,Ohio State,,,
detroit-lions,26,Tony Leonard,DB,1,26,Virginia Union,,,
detroit-lions,80,Ulysses Norris,TE,16,22,Georgia,,,
detroit-lions,67,Wally Pesuit,OG,16,25,Kentucky,,,
detroit-lions,21,Walt Williams,DB,12,25,New Mexico State,,,
detroit-lions,79,William Gay,DE,15,24,Southern California,,,
green-bay-packers,89,Aundra Thompson,WR,15,26,Texas A&M-Commerce,,,
green-bay-packers,33,Barty Smith,RB,6,27,Richmond,,,
green-bay-packers,70,Bob Barber,DE,16,27,Grambling,,,
green-bay-packers,85,Bobby Kimball,WR,7,22,Oklahoma,,,
green-bay-packers,75,Carl Barzilauskas,DT,5,28,Indiana,,,
green-bay-packers,78,Casey Merrill,DE,13,22,California-Davis,,,
green-bay-packers,99,Charles Johnson,DT,16,22,Maryland,,namesake,
green-bay-packers,13,Chester Marcol,K,10,30,Hillsdale,,,
green-bay-packers,61,Dave Simmons,LB,16,22,North Carolina,,,
green-bay-packers,11,David Beverly,P,16,29,Auburn,,,
green-bay-packers,17,David Whitehurst,QB,13,24,Furman,,,
green-bay-packers,57,Derrel Gofourth,OG,16,24,Oklahoma State,,,
green-bay-packers,73,Earl Edwards,DT,9,33,Wichita State,,,
green-bay-packers,40,Eddie Lee Ivery,RB,1,22,Georgia Tech,,,
green-bay-packers,26,Eric Torkelson,RB,14,27,Connecticut,,,
green-bay-packers,38,Estus Hood,DB,16,23,Illinois State,,,
green-bay-packers,90,Ezra Johnson,DE,11,24,Morris Brown,,,
green-bay-packers,52,Gary Weaver,LB,14,30,Fresno State,,,
green-bay-packers,68,Greg Koch,OT,16,24,Arkansas,,,
green-bay-packers,43,Henry Monroe,DB,6,22,Mississippi State,yes,philadelphia-eagles:3,2K5 block (games tied)
green-bay-packers,36,Howard Sampson,DB,16,23,Arkansas,,,
green-bay-packers,80,James Lofton,WR,16,23,Stanford,,,
green-bay-packers,31,Jim Culbreath,RB,4,27,Oklahoma,,,
green-bay-packers,51,Jim Gueno,LB,16,25,Tulane,,,
green-bay-packers,62,Joe McLaughlin,LB,3,22,Massachusetts,,,
green-bay-packers,59,John Anderson,LB,7,23,Michigan,,,
green-bay-packers,83,John Thompson,TE,16,22,Utah State,,,
green-bay-packers,24,Johnnie Gray,DB,16,25,Cal State-Fullerton,,,
green-bay-packers,54,Larry McCarren,C,16,27,Illinois,,,
green-bay-packers,69,Leotis Harris,OG,15,24,Arkansas,,,
green-bay-packers,10,Lynn Dickey,QB,5,30,Kansas State,,,
green-bay-packers,79,Mark Koncar,OT,12,26,Colorado,,,
green-bay-packers,71,Melvin Jackson,OG,16,25,Southern California,,,
green-bay-packers,77,Mike Butler,DE,14,25,Kansas,,,
green-bay-packers,53,Mike Douglass,LB,16,24,San Diego State,,,
green-bay-packers,55,Mike Hunt,LB,3,23,Minnesota,,,
green-bay-packers,29,Mike McCoy,DB,16,26,Colorado,,namesake,
green-bay-packers,65,Mike Wellman,C,16,23,Kansas,,,
green-bay-packers,48,Nate Simpson,RB,15,24,Tennessee State,,,
green-bay-packers,82,Paul Coffman,TE,16,23,Kansas State,,,
green-bay-packers,58,Paul Rudzinski,LB,11,23,Michigan State,,,
green-bay-packers,50,Rich Wingo,LB,16,23,Alabama,,,
green-bay-packers,30,Ricky Patton,RB,10,25,Jackson State,yes,atlanta-falcons:4,games
green-bay-packers,88,Ron Cassidy,WR,8,22,Utah State,,,
green-bay-packers,39,Sammy Johnson,RB,3,27,North Carolina,,,
green-bay-packers,32,Steve Atkins,RB,7,23,Maryland,,,
green-bay-packers,46,Steve Luke,DB,16,26,Ohio State,,,
green-bay-packers,84,Steve Odom,WR,15,27,Utah,yes,new-york-giants:6,games
green-bay-packers,58,Steve Stewart,LB,3,23,Minnesota,,,
green-bay-packers,21,Steve Wagner,DB,16,25,Wisconsin,,,
green-bay-packers,34,Terdell Middleton,RB,14,24,Memphis,,,
green-bay-packers,63,Terry Jones,DT,12,22,Alabama,,,
green-bay-packers,76,Timothy Stokes,OT,16,29,Oregon,,,
green-bay-packers,19,Tom Birney,K,6,23,Michigan State,,,
green-bay-packers,42,Walt Landers,RB,9,26,Clark Atlanta,,,
green-bay-packers,87,Walter Tullis,WR,16,26,Delaware State,,,
green-bay-packers,20,Wylie Turner,DB,12,22,Angelo State,,,
houston-oilers,69,Andy Dorris,DE,16,28,New Mexico State,,,
houston-oilers,53,Art Stringer,LB,8,25,Ball State,,,
houston-oilers,20,Bill Currier,DB,16,24,South Carolina,,,
houston-oilers,84,Billy Johnson,WR,2,27,Widener,,,
houston-oilers,42,Boobie Clark,RB,15,29,Bethune-Cookman,,,
houston-oilers,55,Carl Mauck,C,16,32,Southern Illinois,,,
houston-oilers,36,Carter Hartwig,DB,16,23,Southern California,,,
houston-oilers,21,Charles Jefferson,DB,5,22,McNeese State,,,
houston-oilers,18,Cliff Parsley,P,16,24,Oklahoma State,,,
houston-oilers,87,Conrad Rucker,TE,16,24,Southern,,,
houston-oilers,70,Conway Hayman,OG,16,30,Delaware,,,
houston-oilers,78,Curley Culp,DT,16,33,Arizona State,,,
houston-oilers,7,Dan Pastorini,QB,15,30,Santa Clara,,,
houston-oilers,50,Daryl Hunt,LB,16,22,Oklahoma,,,
houston-oilers,58,David Carter,C,16,25,Western Kentucky,,,
houston-oilers,34,Earl Campbell,RB,16,24,Texas,,,
houston-oilers,60,Ed Fisher,OG,16,30,Arizona State,,,
houston-oilers,89,Eddie Foster,WR,1,25,Houston,,,
houston-oilers,65,Elvin Bethea,DE,14,33,North Carolina A&T,,,
houston-oilers,64,George Reihner,OG,2,24,Penn State,,,
houston-oilers,14,Gifford Nielsen,QB,16,25,Brigham Young,,,
houston-oilers,27,Greg Stemrick,DB,16,28,Colorado State,,,
houston-oilers,54,Gregg Bingham,LB,16,28,Purdue,,,
houston-oilers,12,Guido Merkens,QB,16,24,Sam Houston State,,,
houston-oilers,33,J.C. Wilson,DB,16,23,Pittsburgh,,,
houston-oilers,81,Jeff Groth,WR,10,22,Bowling Green,yes,miami-dolphins:4,games
houston-oilers,75,Jesse Baker,DE,16,22,Jacksonville State,,,
houston-oilers,77,Jim Young,DE,5,29,Texas Southern,,,
houston-oilers,57,Jimbo Elrod,LB,4,25,Oklahoma,,,
houston-oilers,00,Ken Burrough,WR,16,31,Texas Southern,,,
houston-oilers,71,Ken Kennard,DT,16,25,Angelo State,,,
houston-oilers,30,Kenny King,RB,12,22,Oklahoma,,,
houston-oilers,74,Leon Gray,OT,16,27,Jackson State,,,
houston-oilers,86,Mike Barber,TE,15,26,Louisiana Tech,,,
houston-oilers,56,Mike Murphy,LB,3,22,Southwest Missouri State,,,
houston-oilers,37,Mike Reinfeldt,DB,16,26,Wisconsin-Milwaukee,,,
houston-oilers,82,Mike Renfro,WR,15,24,Texas Christian,,,
houston-oilers,67,Mike Stensrud,DT,6,23,Iowa State,,,
houston-oilers,76,Morris Towns,OT,16,25,Missouri,,,
houston-oilers,88,Rich Caster,TE,16,31,Jackson State,,,
houston-oilers,85,Rich Ellender,RB,13,22,McNeese State,,,
houston-oilers,26,Rob Carpenter,RB,16,24,Miami (OH),,,
houston-oilers,52,Robert Brazile,LB,16,26,Jackson State,,,
houston-oilers,47,Ronnie Coleman,RB,14,28,Alabama A&M,,,
houston-oilers,63,Steve Baumgartner,DE,12,28,Purdue,,,
houston-oilers,51,Ted Thompson,LB,16,26,Southern Methodist,,,
houston-oilers,59,Ted Washington,LB,15,31,Mississippi Valley State,,,
houston-oilers,45,Tim Wilson,RB,16,25,Maryland,,,
houston-oilers,68,Tom Randall,OG,13,23,Iowa State,,,
houston-oilers,16,Toni Fritsch,K,16,34,,,,
houston-oilers,32,Vernon Perry,DB,16,26,Jackson State,,,
houston-oilers,61,Wes Phillips,OT,8,26,Lenoir-Rhyne,,,
houston-oilers,19,Willie Alexander,DB,13,30,Alcorn State,,,
kansas-city-chiefs,21,Arnold Morgado,RB,11,27,Hawaii,,,
kansas-city-chiefs,67,Art Still,DE,16,23,Kentucky,,,
kansas-city-chiefs,1,Bob Grupp,P,16,24,Duke,,,
kansas-city-chiefs,73,Bob Simmons,OG,16,25,Texas,,,
kansas-city-chiefs,50,Cal Peterson,LB,16,27,UCLA,,,
kansas-city-chiefs,51,Charles Jackson,LB,12,24,Washington,,,
kansas-city-chiefs,56,Charlie Ane,C,16,27,Michigan State,,,
kansas-city-chiefs,77,Charlie Getty,OT,16,27,Penn State,,,
kansas-city-chiefs,90,Curtis Anderson,DE,6,22,Central State,,,
kansas-city-chiefs,71,Dave Lindstrom,DE,13,24,Boston University,,,
kansas-city-chiefs,55,Dave Rozumek,LB,7,25,New Hampshire,,,
kansas-city-chiefs,61,Don Parrish,DT,16,24,Pittsburgh,,,
kansas-city-chiefs,23,Earl Gant,RB,16,22,Missouri,,,
kansas-city-chiefs,85,Ed Beckman,TE,9,24,Florida State,,,
kansas-city-chiefs,54,Frank Manumaleuga,LB,15,23,San Jose State,,,
kansas-city-chiefs,26,Gary Barbaro,DB,16,25,Nicholls State,,,
kansas-city-chiefs,24,Gary Green,DB,16,24,Baylor,,,
kansas-city-chiefs,59,Gary Spani,LB,16,23,Kansas State,,,
kansas-city-chiefs,49,Gerald Jackson,DB,16,23,Mississippi State,,,
kansas-city-chiefs,89,Henry Marshall,WR,16,25,Missouri,,,
kansas-city-chiefs,41,Herb Christopher,DB,9,25,Morris Brown,,,
kansas-city-chiefs,35,Horace Belton,RB,16,24,Southeastern Louisiana,,,
kansas-city-chiefs,20,Horace Perkins,DB,16,25,Colorado,,,
kansas-city-chiefs,86,J.T. Smith,WR,16,24,North Texas,,,
kansas-city-chiefs,58,Jack Rudnay,C,16,31,Northwestern,,,
kansas-city-chiefs,3,Jan Stenerud,K,16,36,Montana State,,,
kansas-city-chiefs,57,Jerry Blanton,LB,16,22,Kentucky,,,
kansas-city-chiefs,31,Jerry Reese,DB,7,24,Oklahoma,,,
kansas-city-chiefs,70,Jim Nicholson,OT,15,30,Michigan State,,,
kansas-city-chiefs,80,Johnnie Dirden,WR,4,27,Sam Houston State,,,
kansas-city-chiefs,91,Ken Kremer,DT,16,22,Ball State,,,
kansas-city-chiefs,79,Larry Brown,OT,4,24,Miami,,namesake,
kansas-city-chiefs,42,M.L. Carter,DB,16,23,San Jose State,,,
kansas-city-chiefs,60,Matt Herkenhoff,OT,5,28,Minnesota,,,
kansas-city-chiefs,99,Mike Bell,DE,11,22,Colorado State,,,
kansas-city-chiefs,10,Mike Livingston,QB,5,33,Southern Methodist,,,
kansas-city-chiefs,80,Mike Williams,RB,14,22,New Mexico,,namesake,
kansas-city-chiefs,76,Rod Walters,OG,16,25,Iowa,,,
kansas-city-chiefs,87,Stan Rome,WR,9,23,Clemson,,,
kansas-city-chiefs,4,Steve Fuller,QB,16,22,Clemson,,,
kansas-city-chiefs,83,Steve Gaunty,WR,9,22,Northern Colorado,,,
kansas-city-chiefs,75,Sylvester Hicks,DE,16,24,Tennessee State,,,
kansas-city-chiefs,22,Ted McKnight,RB,15,25,Minnesota-Duluth,,,
kansas-city-chiefs,37,Tim Collier,DB,15,25,Texas A&M-Commerce,,,
kansas-city-chiefs,65,Tom Condon,OG,16,27,Boston College,,,
kansas-city-chiefs,52,Tom Howard,LB,16,25,Texas Tech,,,
kansas-city-chiefs,32,Tony Reed,RB,11,24,Colorado,,,
kansas-city-chiefs,86,Tony Samuels,TE,16,24,Bethune-Cookman,,,
kansas-city-chiefs,88,Walter White,TE,6,28,Maryland,,,
kansas-city-chiefs,53,Whitney Paul,LB,15,26,Colorado,,,
kansas-city-chiefs,34,Wilbert Haslip,RB,5,22,Hawaii,,,
los-angeles-rams,62,Bill Bain,OG,8,27,Southern California,,,
los-angeles-rams,66,Bill Dunstan,DT,10,30,Utah State,,,
los-angeles-rams,80,Billy Waddy,WR,13,25,Colorado,,,
los-angeles-rams,59,Bob Brudzinski,LB,16,24,Ohio State,,,
los-angeles-rams,19,Bob Lee,QB,3,34,Pacific,,,
los-angeles-rams,86,Charle Young,TE,15,28,Southern California,,,
los-angeles-rams,32,Cullen Bryant,RB,16,28,Colorado,,,
los-angeles-rams,54,Dan Ryczek,C,16,30,Virginia,,,
los-angeles-rams,42,Dave Elmendorf,DB,16,30,Texas A&M,,,
los-angeles-rams,60,Dennis Harrah,OG,13,26,Miami,,,
los-angeles-rams,77,Doug France,OT,16,26,Ohio State,,,
los-angeles-rams,62,Doug Smith,C,4,22,Bowling Green,,,
los-angeles-rams,87,Drew Hill,WR,16,23,Georgia Tech,,,
los-angeles-rams,33,Dwayne O'Steen,DB,16,24,San Jose State,,,
los-angeles-rams,25,Eddie Brown,DB,16,27,Tennessee,,,
los-angeles-rams,24,Eddie Hill,RB,16,22,Memphis,,,
los-angeles-rams,34,Elvis Peacock,RB,11,22,Oklahoma,,,
los-angeles-rams,3,Frank Corral,K,16,24,UCLA,,,
los-angeles-rams,89,Fred Dryer,DE,16,33,San Diego State,,,
los-angeles-rams,52,George Andrews,LB,16,23,Nebraska,,,
los-angeles-rams,73,Gordon Gravelle,OT,12,30,Brigham Young,yes,new-york-giants:4,games
los-angeles-rams,57,Greg Westbrooks,LB,9,26,Colorado,yes,oakland-raiders:4,games
los-angeles-rams,37,Ivory Sully,DB,8,22,Delaware,,,
los-angeles-rams,64,Jack Reynolds,LB,16,31,Tennessee,,,
los-angeles-rams,85,Jack Youngblood,DE,16,29,Florida,,,
los-angeles-rams,78,Jackie Slater,OT,16,25,Jackson State,,,
los-angeles-rams,20,Jackie Wallace,DB,4,28,Arizona,,,
los-angeles-rams,8,Jeff Rutledge,QB,3,22,Alabama,,,
los-angeles-rams,45,Jeff Severson,DB,1,30,Long Beach State,,,
los-angeles-rams,70,Jerry Wilkinson,DE,16,23,Oregon State,,,
los-angeles-rams,43,Jim Jodat,RB,7,25,Carthage,,,
los-angeles-rams,53,Jim Youngblood,LB,16,29,Tennessee Tech,,,
los-angeles-rams,51,Joe Harris,LB,15,26,Georgia Tech,yes,minnesota-vikings:2,games
los-angeles-rams,75,John Williams,OT,11,34,Minnesota,,,
los-angeles-rams,13,Ken Clark,P,16,31,St. Mary's (Canada),,,
los-angeles-rams,72,Kent Hill,OG,16,22,Georgia Tech,,,
los-angeles-rams,50,Kevin McLain,LB,10,25,Colorado State,,,
los-angeles-rams,90,Larry Brooks,DT,16,29,Virginia State,,,
los-angeles-rams,30,Lawrence McCutcheon,RB,11,29,Colorado State,,,
los-angeles-rams,79,Mike Fanning,DT,16,26,Notre Dame,,,
los-angeles-rams,21,Nolan Cromwell,DB,16,24,Kansas,,,
los-angeles-rams,11,Pat Haden,QB,10,26,Southern California,,,
los-angeles-rams,27,Pat Thomas,DB,8,25,Texas A&M,,,
los-angeles-rams,88,Preston Dennard,WR,15,23,New Mexico,,,
los-angeles-rams,71,Reggie Doss,DE,16,22,Hampton,,,
los-angeles-rams,61,Rich Saul,C,16,31,Michigan State,,,
los-angeles-rams,23,Ricky Odom,DB,3,23,Southern California,,,
los-angeles-rams,49,Rod Perry,DB,9,26,Colorado,,,
los-angeles-rams,81,Ron Jessie,WR,6,31,Kansas,,,
los-angeles-rams,84,Ron Smith,WR,12,22,San Diego State,,,
los-angeles-rams,29,Sidney Justin,DB,13,25,Long Beach State,,,
los-angeles-rams,83,Terry Nelson,TE,16,28,Arkansas-Pine Bluff,,,
los-angeles-rams,15,Vince Ferragamo,QB,8,25,Nebraska,,,
los-angeles-rams,26,Wendell Tyler,RB,16,24,UCLA,,,
los-angeles-rams,82,Willie Miller,WR,3,32,Colorado State,,,
miami-dolphins,77,A.J. Duhe,LB,13,23,Louisiana State,,,
miami-dolphins,73,Bob Baumhower,DT,16,24,Alabama,,,
miami-dolphins,12,Bob Griese,QB,14,34,Purdue,,,
miami-dolphins,67,Bob Kuechenberg,OG,16,32,Notre Dame,,,
miami-dolphins,53,Bob Matheson,LB,16,34,Duke,,,
miami-dolphins,38,Bob Torrey,RB,13,22,Penn State,yes,new-york-giants:6,games
miami-dolphins,84,Bruce Hardy,TE,16,23,Arizona State,,,
miami-dolphins,78,Carl Barisich,DT,11,28,Princeton,,,
miami-dolphins,49,Charlie Babb,DB,5,29,Memphis,,,
miami-dolphins,61,Cleveland Green,OT,16,22,Southern,,,
miami-dolphins,24,Delvin Williams,RB,14,28,Kansas,,,
miami-dolphins,46,Don Bessillieu,DB,16,23,Georgia Tech,,,
miami-dolphins,10,Don Strock,QB,16,28,Virginia Tech,,,
miami-dolphins,75,Doug Betters,DE,16,23,Nevada,,,
miami-dolphins,82,Duriel Harris,WR,15,24,New Mexico State,,,
miami-dolphins,55,Earnest Rhone,LB,16,26,Henderson State,,,
miami-dolphins,64,Ed Newman,OG,16,28,Duke,,,
miami-dolphins,45,Ed Taylor,DB,9,26,Memphis,yes,new-york-jets:4,games
miami-dolphins,68,Eric Laakso,OT,10,22,Tulane,,,
miami-dolphins,27,Gary Davis,RB,16,25,Cal Poly-S.L.O.,,,
miami-dolphins,4,George Roberts,P,16,24,Virginia Tech,,,
miami-dolphins,48,Gerald Small,DB,16,23,San Jose State,,,
miami-dolphins,47,Glenn Blackwood,DB,11,22,Texas,,,
miami-dolphins,7,Guy Benjamin,QB,4,24,Stanford,,,
miami-dolphins,60,Jeff Toews,OG,11,21,Washington,,,
miami-dolphins,62,Jim Langer,C,9,31,South Dakota State,,,
miami-dolphins,81,Jimmy Cefalo,WR,16,23,Penn State,,,
miami-dolphins,79,Jon Giesler,OT,16,22,Michigan,,,
miami-dolphins,58,Kim Bokamper,DE,14,25,San Jose State,,,
miami-dolphins,39,Larry Csonka,RB,16,32,Syracuse,,,
miami-dolphins,50,Larry Gordon,LB,16,26,Arizona State,,,
miami-dolphins,66,Larry Little,OG,15,33,Bethune-Cookman,,,
miami-dolphins,63,Mark Dennard,C,16,23,Texas A&M,,,
miami-dolphins,52,Mel Land,LB,16,23,Michigan State,,,
miami-dolphins,71,Mike Current,OT,16,34,Ohio State,,,
miami-dolphins,37,Mike Kozlowski,DB,16,23,Colorado,,,
miami-dolphins,89,Nat Moore,WR,16,28,Florida,,,
miami-dolphins,20,Neal Colzie,DB,16,26,Ohio State,,,
miami-dolphins,31,Norm Bulaich,RB,9,32,Texas Christian,,,
miami-dolphins,41,Norris Thomas,DB,16,25,Southern Mississippi,,,
miami-dolphins,54,Ralph Ortega,LB,8,26,Florida,,,
miami-dolphins,86,Ronnie Lee,OT,16,22,Baylor,,,
miami-dolphins,51,Rusty Chambers,LB,16,25,Tulane,,,
miami-dolphins,36,Steve Howell,RB,16,22,Baylor,,,
miami-dolphins,56,Steve Towle,LB,16,26,Kansas,,,
miami-dolphins,25,Tim Foley,DB,15,31,Purdue,,,
miami-dolphins,22,Tony Nathan,RB,16,22,Alabama,,,
miami-dolphins,5,Uwe Von Schamann,K,16,23,Oklahoma,,,
miami-dolphins,83,Vern Den Herder,DE,16,30,Central College (IA),,,
minnesota-vikings,28,Ahmad Rashad,WR,16,29,Oregon,,,
minnesota-vikings,38,Bob Tucker,TE,16,34,Bloomsburg,,,
minnesota-vikings,20,Bobby Bryant,DB,14,35,South Carolina,,,
minnesota-vikings,33,Brent McClanahan,RB,16,28,Arizona State,,,
minnesota-vikings,68,Charlie Goodrum,OT,15,29,Florida A&M,,,
minnesota-vikings,44,Chuck Foreman,RB,12,29,Miami,,,
minnesota-vikings,56,Dave Huffman,OG,13,22,Notre Dame,,,
minnesota-vikings,76,Dave Roller,DT,15,30,Kentucky,,,
minnesota-vikings,67,Dennis Swilley,C,16,24,North Texas,,,
minnesota-vikings,57,Derrel Luce,LB,16,27,Baylor,,,
minnesota-vikings,69,Doug Sutherland,DT,16,31,Wisconsin-Superior,,,
minnesota-vikings,89,Douglas Cunningham,WR,6,23,Rice,,,
minnesota-vikings,74,Frank Myers,OT,14,23,Texas A&M,,,
minnesota-vikings,54,Fred McNeill,LB,16,27,UCLA,,,
minnesota-vikings,8,Greg Coleman,P,16,25,Florida A&M,,,
minnesota-vikings,72,James White,DT,16,26,Oklahoma State,,,
minnesota-vikings,50,Jeff Siemon,LB,16,29,Stanford,,,
minnesota-vikings,51,Jim Hough,OG,16,23,Utah State,,,
minnesota-vikings,70,Jim Marshall,DE,16,41,Ohio State,,,
minnesota-vikings,32,Jimmy Edwards,RB,14,27,Northeast Louisiana,,,
minnesota-vikings,27,John Turner,DB,16,23,Miami,,,
minnesota-vikings,49,Keith Nord,DB,16,22,St. Cloud State,,,
minnesota-vikings,87,Kevin Miller,WR,3,24,Louisville,,,
minnesota-vikings,25,Kurt Knoff,DB,10,25,Kansas,,,
minnesota-vikings,77,Mark Mullaney,DE,16,26,Colorado State,,,
minnesota-vikings,59,Matt Blair,LB,16,29,Iowa State,,,
minnesota-vikings,25,Nate Allen,DB,8,31,Texas Southern,yes,detroit-lions:3,games
minnesota-vikings,43,Nate Wright,DB,10,32,San Diego State,,,
minnesota-vikings,22,Paul Krause,DB,16,37,Iowa,,,
minnesota-vikings,29,Phillip Wise,DB,1,30,Nebraska-Omaha,,,
minnesota-vikings,75,Randy Holloway,DE,16,24,Pittsburgh,,,
minnesota-vikings,7,Rick Danmeier,K,16,27,Sioux Falls,,,
minnesota-vikings,34,Rickey Young,RB,16,25,Jackson State,,,
minnesota-vikings,35,Robert Miller,RB,16,26,Kansas,,,
minnesota-vikings,82,Robert Steele,WR,16,23,North Alabama,,,
minnesota-vikings,73,Ron Yary,OT,16,33,Southern California,,,
minnesota-vikings,85,Sammy White,WR,15,25,Grambling,,,
minnesota-vikings,55,Scott Studwell,LB,14,25,Illinois,,,
minnesota-vikings,12,Steve Dils,QB,1,23,Stanford,,,
minnesota-vikings,71,Steve Niehaus,DT,3,25,Notre Dame,,,
minnesota-vikings,78,Steve Riley,OT,16,26,Southern California,,,
minnesota-vikings,83,Stu Voigt,TE,16,31,Wisconsin,,,
minnesota-vikings,23,Ted Brown,RB,14,22,North Carolina State,,,
minnesota-vikings,80,Terry LeCount,WR,14,23,Florida,yes,san-francisco-49ers:2,games
minnesota-vikings,47,Tim Baylor,DB,16,25,Morgan State,,,
minnesota-vikings,45,Tom Hannon,DB,16,24,Michigan State,,,
minnesota-vikings,9,Tommy Kramer,QB,16,24,Rice,,,
minnesota-vikings,58,Wally Hilgenberg,LB,8,37,Iowa,,,
minnesota-vikings,61,Wes Hamilton,OG,16,26,Tulsa,,,
new-england-patriots,35,Allan Clark,RB,16,22,Northern Arizona,,,
new-england-patriots,32,Andy Johnson,RB,5,27,Georgia,,,
new-england-patriots,67,Bill Lenkaitis,C,16,33,Penn State,,,
new-england-patriots,53,Bill Matthews,LB,16,23,South Dakota State,,,
new-england-patriots,75,Bob Cryder,OG,16,23,Alabama,,,
new-england-patriots,51,Bob Golic,DT,1,22,Notre Dame,,,
new-england-patriots,88,Carlos Pennywell,WR,6,23,Grambling,,,
new-england-patriots,22,Dick Conn,DB,1,28,Georgia,,,
new-england-patriots,44,Don Calhoun,RB,16,27,Kansas State,,,
new-england-patriots,80,Don Hasselbeck,TE,16,24,Colorado,,,
new-england-patriots,83,Donald Westbrook,WR,16,27,Nebraska,,,
new-england-patriots,27,Doug Beaudoin,DB,10,25,Minnesota,,,
new-england-patriots,62,Dwight Wheeler,C,13,24,Tennessee State,,,
new-england-patriots,8,Eddie Hare,P,16,22,Tulsa,,,
new-england-patriots,77,Garry Puetz,OG,7,27,Valparaiso,yes,philadelphia-eagles:2,games
new-england-patriots,29,Harold Jackson,WR,16,33,Jackson State,,,
new-england-patriots,23,Horace Ivory,RB,11,25,Oklahoma,,,
new-england-patriots,73,John Hannah,OG,16,28,Alabama,,,
new-england-patriots,1,John Smith,K,16,29,Southampton (England),,namesake,
new-england-patriots,54,John Zamberlin,LB,16,23,Pacific Lutheran,,,
new-england-patriots,85,Julius Adams,DE,16,31,Texas Southern,,,
new-england-patriots,63,Mark Buben,DE,16,22,Tufts,,,
new-england-patriots,46,Mark Washington,DB,12,31,Morgan State,,,
new-england-patriots,12,Matt Cavanaugh,QB,13,23,Pittsburgh,,,
new-england-patriots,72,Mel Lunsford,DT,16,29,Central State,,,
new-england-patriots,59,Mike Hawkins,LB,16,24,Texas A&M-Kingsville,,,
new-england-patriots,40,Mike Haynes,DB,16,26,Arizona State,,,
new-england-patriots,30,Mosi Tatupu,RB,16,24,Southern California,,,
new-england-patriots,58,Pete Brock,C,16,25,Colorado,,,
new-england-patriots,34,Prentice McCray,DB,14,28,Arizona State,,,
new-england-patriots,55,Ray Costict,LB,16,24,Mississippi State,,,
new-england-patriots,71,Ray Hamilton,DT,16,28,Oklahoma,,,
new-england-patriots,87,Ray Jarvis,WR,7,30,Norfolk State,,,
new-england-patriots,26,Raymond Clayborn,DB,16,24,Texas,,,
new-england-patriots,64,Richard Bishop,DT,14,29,Louisville,,,
new-england-patriots,25,Rick Sanford,DB,16,22,South Carolina,,,
new-england-patriots,56,Rod Shoate,LB,14,26,Oklahoma,,,
new-england-patriots,81,Russ Francis,TE,12,26,Oregon,,,
new-england-patriots,61,Sam Adams,OG,15,31,Prairie View A&M,,,
new-england-patriots,39,Sam Cunningham,RB,12,29,Southern California,,,
new-england-patriots,50,Sam Hunt,LB,15,28,Stephen F. Austin,,,
new-england-patriots,74,Shelby Jordan,OT,14,27,Washington (MO),,,
new-england-patriots,86,Stanley Morgan,WR,16,24,Tennessee,,,
new-england-patriots,14,Steve Grogan,QB,16,26,Kansas State,,,
new-england-patriots,52,Steve King,LB,16,28,Tulsa,,,
new-england-patriots,57,Steve Nelson,LB,15,28,North Dakota State,,,
new-england-patriots,68,Terry Falcon,OG,10,24,Montana,,,
new-england-patriots,48,Tim Fox,DB,16,26,Ohio State,,,
new-england-patriots,17,Tom Owen,QB,6,27,Wichita State,,,
new-england-patriots,78,Tony McGee,DE,16,30,Bishop,,,
new-orleans-saints,8,Archie Manning,QB,16,30,Mississippi,,,
new-orleans-saints,63,Barry Bennett,DT,16,23,Concordia-Moorhead,,,
new-orleans-saints,12,Bobby Scott,QB,3,30,Tennessee,,,
new-orleans-saints,88,Brooks Williams,TE,16,24,North Carolina,,,
new-orleans-saints,42,Chuck Muncie,RB,16,26,California,,,
new-orleans-saints,24,Clarence Chapman,DB,16,25,Eastern Michigan,,,
new-orleans-saints,66,Conrad Dobler,OG,16,29,Wyoming,,,
new-orleans-saints,64,Dave Lafary,OT,16,24,Purdue,,,
new-orleans-saints,21,David Gray,DB,16,24,San Diego State,,,
new-orleans-saints,74,Derland Moore,DT,15,28,Oklahoma,,,
new-orleans-saints,60,Don Reese,DE,16,28,Jackson State,,,
new-orleans-saints,48,Donald Schwartz,DB,14,23,Washington State,,,
new-orleans-saints,11,Ed Burns,QB,16,24,Nebraska,,,
new-orleans-saints,5,Elex Price,DT,6,29,Alcorn State,,,
new-orleans-saints,78,Elois Grooms,DE,16,26,Tennessee Tech,,,
new-orleans-saints,79,Emanuel Zanders,OG,16,28,Jackson State,,,
new-orleans-saints,20,Eric Felton,DB,13,24,Texas Tech,,,
new-orleans-saints,68,Fred Sturt,OG,16,28,Bowling Green,,,
new-orleans-saints,1,Garo Yepremian,K,14,35,,,,
new-orleans-saints,85,Henry Childs,TE,16,28,Kansas State,,,
new-orleans-saints,82,Ike Harris,WR,14,26,Iowa State,,,
new-orleans-saints,71,J.T. Taylor,OT,16,23,Missouri,,,
new-orleans-saints,45,Jack Holmes,RB,16,26,Texas Southern,,,
new-orleans-saints,52,Jim Kovach,LB,16,23,Kentucky,,,
new-orleans-saints,57,Jim Merlo,LB,16,28,Stanford,,,
new-orleans-saints,76,Jim Pietrzak,C,14,26,Eastern Michigan,yes,new-york-giants:3,games
new-orleans-saints,73,Joe Campbell,DE,10,24,Maryland,,,
new-orleans-saints,58,Joe Federspiel,LB,16,29,Kentucky,,,
new-orleans-saints,62,John Hill,C,16,29,Lehigh,,,
new-orleans-saints,67,John Watson,OT,5,30,Oklahoma,,,
new-orleans-saints,50,Ken Bordelon,LB,16,25,Louisiana State,,,
new-orleans-saints,32,Kim Jones,RB,2,27,Colorado State,,,
new-orleans-saints,87,Larry Hardy,TE,16,23,Jackson State,,,
new-orleans-saints,33,Michael Strachan,RB,10,26,Iowa State,,,
new-orleans-saints,72,Mike Fultz,DT,13,25,Nebraska,,,
new-orleans-saints,54,Pat Hughes,LB,16,32,Boston University,,,
new-orleans-saints,49,Ralph McGill,DB,13,29,Tulsa,,,
new-orleans-saints,27,Ray Brown,DB,12,30,West Texas A&M,,,
new-orleans-saints,56,Reggie Mathis,LB,16,23,Oklahoma,,,
new-orleans-saints,84,Rich Mauti,WR,15,25,Penn State,,,
new-orleans-saints,17,Rick Partridge,P,13,22,Utah,,,
new-orleans-saints,22,Ricky Ray,DB,6,22,Norfolk State,,,
new-orleans-saints,65,Robert Woods,OT,15,29,Tennessee State,,namesake,
new-orleans-saints,63,Roger Finnie,OT,8,33,Florida A&M,,,
new-orleans-saints,14,Russell Erxleben,P,1,22,Texas,,,
new-orleans-saints,83,Tinker Owens,WR,13,25,Oklahoma,,,
new-orleans-saints,37,Tom Myers,DB,15,29,Syracuse,,,
new-orleans-saints,34,Tony Galbreath,RB,15,25,Missouri,,,
new-orleans-saints,30,Wayne Wilson,RB,14,22,Shepherd,,,
new-orleans-saints,89,Wes Chandler,WR,16,23,Florida,,,
new-york-giants,84,Al Dixon,TE,8,25,Iowa State,yes,kansas-city-chiefs:3,games
new-york-giants,45,Alan Caldwell,DB,16,23,North Carolina,,,
new-york-giants,28,Beasley Reece,DB,16,25,North Texas,,,
new-york-giants,38,Billy Taylor,RB,16,23,Texas Tech,,,
new-york-giants,60,Brad Benson,OT,10,23,Penn State,,,
new-york-giants,10,Brad Van Pelt,LB,16,28,Michigan State,,,
new-york-giants,55,Brian Kelley,LB,16,28,California Lutheran,,,
new-york-giants,76,Calvin Miller,DT,11,26,Oklahoma State,,,
new-york-giants,81,Cleveland Jackson,TE,2,23,Nevada-Las Vegas,,,
new-york-giants,65,Dan Fowler,OG,1,23,Kentucky,,,
new-york-giants,54,Dan Lloyd,LB,13,25,Washington,,,
new-york-giants,13,Dave Jennings,P,16,27,St. Lawrence,,,
new-york-giants,44,Doug Kotar,RB,16,28,Kentucky,,,
new-york-giants,63,Doug Van Horn,OG,15,35,Ohio State,,,
new-york-giants,88,Dwight Scales,WR,15,26,Grambling,,,
new-york-giants,83,Earnest Gray,WR,16,22,Memphis,,,
new-york-giants,29,Eddie Hicks,RB,14,24,East Carolina,,,
new-york-giants,80,Emery Moorehead,TE,13,25,Colorado,,,
new-york-giants,31,Ernie Jones,DB,5,26,Miami,,,
new-york-giants,51,Frank Marion,LB,16,28,Florida A&M,,,
new-york-giants,70,Gary Jeter,DE,16,24,Southern California,,,
new-york-giants,87,Gary Shirk,TE,16,29,Morehead State,,,
new-york-giants,84,Gene Washington,WR,2,26,Georgia,,namesake,
new-york-giants,75,George Martin,DE,16,26,Oregon,,,
new-york-giants,72,Gordon King,OT,7,23,Stanford,,,
new-york-giants,78,Gus Coppens,OT,9,24,UCLA,,,
new-york-giants,53,Harry Carson,LB,16,25,South Carolina State,,,
new-york-giants,68,J.T. Turner,OG,16,26,Duke,,,
new-york-giants,73,Jeff Weston,OT,16,23,Notre Dame,,,
new-york-giants,56,Jim Clack,C,16,32,Wake Forest,,,
new-york-giants,85,Jim Robinson,WR,11,26,Georgia Tech,,,
new-york-giants,18,Joe Danelo,K,16,26,Washington State,,,
new-york-giants,9,Joe Pisarcik,QB,4,27,New Mexico State,,,
new-york-giants,64,John Mendenhall,DT,13,30,Grambling,,,
new-york-giants,57,John Skorupan,LB,14,28,Penn State,,,
new-york-giants,86,Johnny Perkins,WR,13,26,Abilene Christian,,,
new-york-giants,58,Keith Eck,C,13,23,UCLA,,,
new-york-giants,48,Ken Johnson,RB,9,22,Miami,,namesake,
new-york-giants,89,Loaird McCreary,TE,11,26,Tennessee State,,,
new-york-giants,79,Mike McCoy,DT,3,31,Notre Dame,,namesake,
new-york-giants,23,Odis McKinney,DB,15,22,Colorado,,,
new-york-giants,11,Phil Simms,QB,12,23,Morehead State,,,
new-york-giants,80,Philip Tabor,DE,15,22,Oklahoma,,,
new-york-giants,59,Randy Coffield,LB,9,25,Florida State,,,
new-york-giants,15,Randy Dean,QB,16,24,Northwestern,,,
new-york-giants,25,Ray Oldham,DB,15,28,Middle Tennessee State,,,
new-york-giants,22,Ray Rhodes,DB,15,29,Tulsa,,,
new-york-giants,62,Ron Mikolajczyk,OT,1,29,Tampa,,,
new-york-giants,69,Roy Simmons,OG,16,22,Georgia Tech,,,
new-york-giants,24,Terry Jackson,DB,16,23,San Diego State,,,
new-york-giants,81,Tom Mullady,WR,2,22,Rhodes,,,
new-york-giants,74,Tom Neville,OT,14,36,Mississippi State,,,
new-york-jets,74,Abdul Salaam,DT,12,26,Kent State,,,
new-york-jets,86,Bob Raba,TE,8,24,Maryland,,,
new-york-jets,71,Bob Winkel,DT,15,24,Kentucky,,,
new-york-jets,40,Bobby Jackson,DB,16,22,Florida State,,,
new-york-jets,89,Bobby Jones,WR,10,24,Millikin,,,
new-york-jets,42,Bruce Harper,RB,16,24,Kutztown,,,
new-york-jets,22,Burgess Owens,DB,16,28,Miami,,,
new-york-jets,72,Chris Ward,OT,16,23,Ohio State,,,
new-york-jets,15,Chuck Ramsey,P,16,27,Wake Forest,,,
new-york-jets,21,Clark Gaines,RB,16,25,Wake Forest,,,
new-york-jets,60,Dan Alexander,OG,16,24,Louisiana State,,,
new-york-jets,1,Dave Jacobs,K,4,22,Syracuse,,,
new-york-jets,81,Derrick Gaffney,WR,16,24,Florida,,,
new-york-jets,26,Donald Dykes,DB,16,24,Southeastern Louisiana,,,
new-york-jets,67,Ed McGlasson,C,7,23,Youngstown State,,,
new-york-jets,68,Eric Cunningham,OG,11,22,Penn State,,,
new-york-jets,51,Greg Buttle,LB,16,25,Penn State,,,
new-york-jets,83,Jerome Barkum,TE,13,29,Jackson State,,,
new-york-jets,65,Joe Fields,C,15,25,Widener,,,
new-york-jets,73,Joe Klecko,DT,16,26,Temple,,,
new-york-jets,77,Joe Pellegrini,DT,4,23,Idaho,,,
new-york-jets,63,John Hennessy,LB,16,24,Michigan,,,
new-york-jets,61,John Roman,OT,16,27,Idaho State,,,
new-york-jets,50,John Sullivan,LB,12,23,Illinois,,,
new-york-jets,29,Johnny Lynn,DB,16,22,UCLA,,,
new-york-jets,48,Ken Schroy,DB,16,27,Maryland,,,
new-york-jets,33,Kevin Long,RB,12,24,South Carolina,,,
new-york-jets,76,Lawrence Pillers,DE,16,26,Alcorn State,,,
new-york-jets,99,Mark Gastineau,DE,16,22,East Central (OK),,,
new-york-jets,93,Marty Lyons,DT,16,22,Alabama,,,
new-york-jets,79,Marvin Powell,OT,16,24,Southern California,,,
new-york-jets,17,Matt Robinson,QB,15,24,Georgia,,,
new-york-jets,82,Mickey Shuler,TE,16,23,Penn State,,,
new-york-jets,53,Mike McKibben,LB,16,23,Kent State,,,
new-york-jets,5,Pat Leahy,K,6,28,St. Louis,,,
new-york-jets,4,Pat Ryan,QB,1,24,Tennessee,,,
new-york-jets,84,Paul Darby,WR,15,23,Texas State,,,
new-york-jets,66,Randy Rasmussen,OG,16,34,Nebraska-Kearney,,,
new-york-jets,14,Richard Todd,QB,15,25,Alabama,,,
new-york-jets,10,Richie Szaro,K,1,31,Harvard,,,
new-york-jets,80,Roger Farmer,WR,4,23,Baker,,,
new-york-jets,55,Ron Crosby,LB,12,24,Penn State,,,
new-york-jets,25,Scott Dierking,RB,16,24,Purdue,,,
new-york-jets,23,Shafer Suggs,DB,16,26,Ball State,,,
new-york-jets,54,Stan Blinka,LB,16,22,Sam Houston State,,,
new-york-jets,70,Stan Waldemore,OG,16,24,Nebraska,,,
new-york-jets,37,Tim Moresco,DB,16,25,Syracuse,,,
new-york-jets,44,Tom Newton,RB,16,25,California,,,
new-york-jets,2,Toni Linhart,K,8,37,Austria Tech School,yes,baltimore-colts:3,games
new-york-jets,85,Wesley Walker,WR,9,24,California,,,
new-york-jets,46,Woody Bennett,RB,15,24,Miami,,,
oakland-raiders,78,Art Shell,OT,11,32,Maryland Eastern Shore,,,
oakland-raiders,22,Art Whittington,RB,9,24,Southern Methodist,,,
oakland-raiders,34,Booker Russell,RB,16,23,Texas State,,,
oakland-raiders,79,Bruce Davis,OT,12,23,UCLA,,,
oakland-raiders,77,Charles Philyaw,DE,12,25,Texas Southern,,,
oakland-raiders,47,Charlie Phillips,DB,16,26,Southern California,,,
oakland-raiders,26,Clarence Hawkins,RB,7,23,Florida A&M,,,
oakland-raiders,21,Cliff Branch,WR,14,31,Colorado,,,
oakland-raiders,67,Dan Medlin,OG,15,30,North Carolina State,,,
oakland-raiders,73,Dave Browning,DE,16,23,Washington,,,
oakland-raiders,87,Dave Casper,TE,15,28,Notre Dame,,,
oakland-raiders,50,Dave Dalby,C,16,29,UCLA,,,
oakland-raiders,74,Dave Pear,DT,16,26,Washington,,,
oakland-raiders,11,David Humm,QB,16,27,Nebraska,,,
oakland-raiders,31,Derrick Jensen,RB,16,23,Texas-Arlington,,,
oakland-raiders,84,Derrick Ramsey,TE,16,22,Kentucky,,,
oakland-raiders,63,Gene Upshaw,OG,16,34,Texas A&M-Kingsville,,,
oakland-raiders,70,Henry Lawrence,OT,16,28,Florida A&M,,,
oakland-raiders,45,Henry Williams,DB,16,22,San Diego State,,,
oakland-raiders,43,Ira Matthews,RB,16,22,Wisconsin,,,
oakland-raiders,32,Jack Tatum,DB,16,30,Ohio State,,,
oakland-raiders,56,Jeff Barnes,LB,16,24,California,,,
oakland-raiders,5,Jim Breech,K,16,23,California,,,
oakland-raiders,16,Jim Plunkett,QB,4,31,Stanford,,,
oakland-raiders,68,Joe Bell,DE,1,23,Norfolk State,,,
oakland-raiders,80,Joe Stewart,WR,3,23,Missouri,,,
oakland-raiders,57,John Huddleston,LB,16,25,Utah,,,
oakland-raiders,72,John Matuszak,DE,12,29,Tampa,,,
oakland-raiders,75,John Vella,OT,11,29,Southern California,,,
oakland-raiders,12,Ken Stabler,QB,16,33,Alabama,,,
oakland-raiders,82,Larry Brunson,WR,11,30,Colorado,,,
oakland-raiders,37,Lester Hayes,DB,16,24,Texas A&M,,,
oakland-raiders,30,Mark van Eeghen,RB,16,27,Colgate,,,
oakland-raiders,65,Mickey Marvin,OG,2,24,Tennessee,,,
oakland-raiders,36,Mike Davis,DB,16,23,Colorado,,,
oakland-raiders,42,Monte Jackson,DB,8,26,San Diego State,,,
oakland-raiders,58,Monte Johnson,LB,16,28,Nebraska,,,
oakland-raiders,81,Morris Bradshaw,WR,3,27,Ohio State,,,
oakland-raiders,67,Pat Toomay,DE,14,34,Vanderbilt,,,
oakland-raiders,41,Phil Villapiano,LB,16,30,Bowling Green,,,
oakland-raiders,8,Ray Guy,P,16,29,Southern Mississippi,,,
oakland-raiders,88,Raymond Chester,TE,14,31,Morgan State,,,
oakland-raiders,62,Reggie Kinlaw,DT,16,22,Oklahoma,,,
oakland-raiders,89,Rich Martini,WR,16,23,California-Davis,,,
oakland-raiders,53,Rod Martin,LB,16,25,Southern California,,,
oakland-raiders,38,Rufus Bess,DB,16,23,South Carolina State,,,
oakland-raiders,66,Steve Sylvester,C,16,26,Notre Dame,,,
oakland-raiders,83,Ted Hendricks,LB,16,32,Miami,,,
oakland-raiders,35,Terry Robiskie,RB,3,24,Louisiana State,,,
oakland-raiders,46,Todd Christensen,TE,13,23,Brigham Young,yes,new-york-giants:1,games
oakland-raiders,90,Willie Jones,DE,16,21,Florida State,,,
philadelphia-eagles,59,Al Chesley,LB,16,22,Pittsburgh,,,
philadelphia-eagles,29,Al Latimer,DB,13,22,Clemson,,,
philadelphia-eagles,66,Bill Bergey,LB,3,34,Arkansas State,,,
philadelphia-eagles,37,Billy Campfield,RB,16,23,Kansas,,,
philadelphia-eagles,23,Bob Howard,DB,16,34,San Diego State,,,
philadelphia-eagles,22,Brenard Wilson,DB,14,24,Vanderbilt,,,
philadelphia-eagles,78,Carl Hairston,DE,15,26,Maryland Eastern Shore,,,
philadelphia-eagles,65,Charlie Johnson,DT,16,27,Colorado,,,
philadelphia-eagles,85,Charlie Smith,WR,16,29,Grambling,,,
philadelphia-eagles,87,Claude Humphrey,DE,16,35,Tennessee State,,,
philadelphia-eagles,26,Deac Sanders,DB,1,29,South Dakota,,,
philadelphia-eagles,68,Dennis Harrison,DE,12,23,Vanderbilt,,,
philadelphia-eagles,32,Earl Carr,RB,1,24,Florida,,,
philadelphia-eagles,55,Frank LeMaster,LB,16,27,Kentucky,,,
philadelphia-eagles,50,Guy Morriss,C,16,28,Texas Christian,,,
philadelphia-eagles,17,Harold Carmichael,WR,16,30,Southern,,,
philadelphia-eagles,46,Herman Edwards,DB,16,25,San Diego State,,,
philadelphia-eagles,82,Jerrold McRae,WR,5,24,Tennessee State,,,
philadelphia-eagles,56,Jerry Robinson,LB,16,22,UCLA,,,
philadelphia-eagles,76,Jerry Sisemore,OT,16,28,Texas,,,
philadelphia-eagles,95,John Bunting,LB,15,29,North Carolina,,,
philadelphia-eagles,21,John Sciarra,DB,16,25,UCLA,,,
philadelphia-eagles,88,John Spagnola,TE,16,22,Yale,,,
philadelphia-eagles,10,John Walton,QB,8,32,Elizabeth City State,,,
philadelphia-eagles,84,Keith Krepfle,TE,16,27,Iowa State,,,
philadelphia-eagles,71,Ken Clarke,DT,16,23,Syracuse,,,
philadelphia-eagles,38,Larry Barnes,RB,16,25,Tennessee State,,,
philadelphia-eagles,67,Lem Burnham,DE,16,32,U.S. International,,,
philadelphia-eagles,20,Leroy Harris,RB,15,25,Arkansas State,,,
philadelphia-eagles,33,Louie Giammona,RB,15,26,Utah State,,,
philadelphia-eagles,79,Manny Sistrunk,DT,16,32,Arkansas-Pine Bluff,,,
philadelphia-eagles,61,Mark Slater,C,16,24,Minnesota,,,
philadelphia-eagles,4,Max Runager,P,16,23,South Carolina,,,
philadelphia-eagles,62,Petey Perot,OG,14,22,Northwestern State,,,
philadelphia-eagles,41,Randy Logan,DB,16,28,Michigan,,,
philadelphia-eagles,52,Ray Phillips,LB,11,25,Nebraska,,,
philadelphia-eagles,51,Reggie Wilkes,LB,16,23,Georgia Tech,,,
philadelphia-eagles,27,Richard Blackmore,DB,16,23,Mississippi State,,,
philadelphia-eagles,7,Ron Jaworski,QB,16,28,Youngstown State,,,
philadelphia-eagles,77,Rufus Mayes,OT,16,31,Ohio State,,,
philadelphia-eagles,81,Scott Fitzkee,WR,15,22,Penn State,,,
philadelphia-eagles,75,Stan Walters,OT,16,31,Syracuse,,,
philadelphia-eagles,58,Terry Tautolo,LB,16,25,UCLA,,,
philadelphia-eagles,1,Tony Franklin,K,16,22,Texas A&M,,,
philadelphia-eagles,72,Wade Key,OG,12,33,Texas State,,,
philadelphia-eagles,89,Wally Henry,WR,12,25,UCLA,,,
philadelphia-eagles,31,Wilbert Montgomery,RB,16,25,Abilene Christian,,,
philadelphia-eagles,69,Woody Peoples,OG,16,36,Grambling,,,
pittsburgh-steelers,33,Anthony Anderson,RB,16,23,Temple,,,
pittsburgh-steelers,89,Bennie Cunningham,TE,15,24,Clemson,,,
pittsburgh-steelers,5,Craig Colquitt,P,16,25,Tennessee,,,
pittsburgh-steelers,53,Dennis Winston,LB,16,24,Arkansas,,,
pittsburgh-steelers,31,Donnie Shell,DB,16,27,South Carolina State,,,
pittsburgh-steelers,49,Dwayne Woodruff,DB,16,22,Louisville,,,
pittsburgh-steelers,78,Dwight White,DE,11,30,Texas A&M-Commerce,,,
pittsburgh-steelers,32,Franco Harris,RB,15,29,Penn State,,,
pittsburgh-steelers,67,Gary Dunn,DT,16,26,Miami,,,
pittsburgh-steelers,72,Gerry Mullins,OG,15,30,Southern California,,,
pittsburgh-steelers,27,Greg Hawthorne,RB,15,23,Baylor,,,
pittsburgh-steelers,24,J.T. Thomas,DB,14,28,Florida State,,,
pittsburgh-steelers,59,Jack Ham,LB,15,30,Penn State,,,
pittsburgh-steelers,58,Jack Lambert,LB,16,27,Kent State,,,
pittsburgh-steelers,86,Jim Smith,WR,15,24,Michigan,,,
pittsburgh-steelers,75,Joe Greene,DT,15,33,North Texas,,,
pittsburgh-steelers,76,John Banaszak,DT,16,29,Eastern Michigan,,,
pittsburgh-steelers,82,John Stallworth,WR,16,27,Alabama A&M,,,
pittsburgh-steelers,55,Jon Kolb,OT,14,32,Oklahoma State,,,
pittsburgh-steelers,68,L.C. Greenwood,DE,12,33,Arkansas-Pine Bluff,,,
pittsburgh-steelers,30,Larry Anderson,DB,16,23,Louisiana Tech,,,
pittsburgh-steelers,79,Larry Brown,OT,15,30,Kansas,,namesake,
pittsburgh-steelers,51,Loren Toews,LB,11,27,California,,,
pittsburgh-steelers,88,Lynn Swann,WR,13,27,Southern California,,,
pittsburgh-steelers,9,Matt Bahr,K,16,23,Penn State,,,
pittsburgh-steelers,47,Mel Blount,DB,16,31,Southern,,,
pittsburgh-steelers,15,Mike Kruczek,QB,8,26,Boston College,,,
pittsburgh-steelers,23,Mike Wagner,DB,8,30,Western Illinois,,,
pittsburgh-steelers,52,Mike Webster,C,16,27,Wisconsin,,,
pittsburgh-steelers,84,Randy Grossman,TE,16,27,Temple,,,
pittsburgh-steelers,39,Rick Moser,RB,16,22,Rhode Island,,,
pittsburgh-steelers,56,Robin Cole,LB,13,24,New Mexico,,,
pittsburgh-steelers,20,Rocky Bleier,RB,16,33,Notre Dame,,,
pittsburgh-steelers,29,Ron Johnson,DB,11,23,Eastern Michigan,,,
pittsburgh-steelers,57,Sam Davis,OG,13,35,Allen,,,
pittsburgh-steelers,38,Sidney Thornton,RB,13,25,Northwestern State,,,
pittsburgh-steelers,77,Steve Courson,OG,16,24,South Carolina,,,
pittsburgh-steelers,64,Steve Furness,DE,12,28,Rhode Island,,,
pittsburgh-steelers,66,Ted Petersen,OT,16,24,Eastern Illinois,,,
pittsburgh-steelers,12,Terry Bradshaw,QB,16,31,Louisiana Tech,,,
pittsburgh-steelers,83,Theo Bell,WR,13,25,Arizona,,,
pittsburgh-steelers,63,Thom Dornbrook,OG,16,22,Kentucky,,,
pittsburgh-steelers,65,Tom Beasley,DE,13,25,Virginia Tech,,,
pittsburgh-steelers,50,Tom Graves,LB,11,23,Michigan State,,,
pittsburgh-steelers,54,Zack Valentine,LB,16,22,East Carolina,,,
san-diego-chargers,24,Artie Owens,RB,16,26,West Virginia,,,
san-diego-chargers,66,Billy Shields,OT,16,26,Georgia Tech,,,
san-diego-chargers,41,Bo Matthews,RB,16,27,Colorado,,,
san-diego-chargers,55,Bob Horn,LB,16,25,Oregon State,,,
san-diego-chargers,84,Bob Klein,TE,15,32,Southern California,,,
san-diego-chargers,56,Bob Rush,C,16,24,Memphis,,,
san-diego-chargers,73,Charles DeJurnett,DT,12,27,San Jose State,,,
san-diego-chargers,18,Charlie Joiner,WR,16,32,Grambling,,,
san-diego-chargers,40,Clarence Williams,RB,16,24,South Carolina,,,
san-diego-chargers,10,Cliff Olander,QB,4,24,New Mexico State,,,
san-diego-chargers,59,Cliff Thrift,LB,16,23,East Central (OK),,,
san-diego-chargers,60,Dan Audick,OT,16,24,Hawaii,,,
san-diego-chargers,14,Dan Fouts,QB,16,28,Oregon,,,
san-diego-chargers,50,Don Goode,LB,12,28,Kansas,,,
san-diego-chargers,62,Don Macek,C,10,25,Boston College,,,
san-diego-chargers,33,Don Woods,RB,15,28,New Mexico,,,
san-diego-chargers,63,Doug Wilkerson,OG,12,32,North Carolina Central,,,
san-diego-chargers,67,Ed White,OG,16,32,California,,,
san-diego-chargers,47,Frank Duncan,DB,4,22,San Francisco State,,,
san-diego-chargers,71,Fred Dean,DE,13,27,Louisiana Tech,,namesake,
san-diego-chargers,79,Gary Johnson,DT,16,27,Grambling,,,
san-diego-chargers,27,Glen Edwards,DB,15,32,Florida A&M,,,
san-diego-chargers,88,Greg McCrary,TE,14,27,Clark Atlanta,,,
san-diego-chargers,45,Hal Stringert,DB,15,27,Willamette,,,
san-diego-chargers,37,Hank Bauer,RB,16,25,California Lutheran,,,
san-diego-chargers,12,James Harris,QB,8,32,Grambling,,,
san-diego-chargers,8,Jeff West,P,16,26,Cincinnati,,,
san-diego-chargers,48,Jerome Dove,DB,16,26,Colorado State,,,
san-diego-chargers,86,John Floyd,WR,8,23,Northeast Louisiana,,,
san-diego-chargers,83,John Jefferson,WR,15,23,Arizona State,,,
san-diego-chargers,69,John Lee,DE,10,26,Nebraska,,,
san-diego-chargers,80,Kellen Winslow,TE,7,21,Missouri,,,
san-diego-chargers,87,Larry Burton,WR,12,27,Purdue,,,
san-diego-chargers,68,Leroy Jones,DE,16,29,Norfolk State,,,
san-diego-chargers,57,Linden King,LB,16,24,Colorado State,,,
san-diego-chargers,74,Louie Kelcher,DT,1,26,Southern Methodist,,,
san-diego-chargers,26,Lydell Mitchell,RB,12,30,Penn State,,,
san-diego-chargers,42,Mike Fuller,DB,16,26,Auburn,,,
san-diego-chargers,22,Mike Thomas,RB,14,26,Nevada-Las Vegas,,,
san-diego-chargers,29,Mike Williams,DB,16,25,Louisiana State,,namesake,
san-diego-chargers,16,Mike Wood,K,12,25,Southeast Missouri State,yes,st-louis-cardinals:3,games
san-diego-chargers,44,Pete Shaw,DB,16,25,Northwestern,,,
san-diego-chargers,53,Ralph Perretta,C,16,26,Purdue,,,
san-diego-chargers,52,Ray Preston,LB,16,25,Syracuse,,,
san-diego-chargers,6,Rolf Benirschke,K,4,24,California-Davis,,,
san-diego-chargers,9,Roy Gerela,K,3,31,New Mexico State,,,
san-diego-chargers,70,Russ Washington,OT,16,32,Missouri,,,
san-diego-chargers,99,Wilbur Young,DE,16,30,William Penn,,,
san-diego-chargers,28,Willie Buchanon,DB,16,28,San Diego State,,,
san-diego-chargers,51,Woodrow Lowe,LB,16,25,Alabama,,,
san-francisco-49ers,79,Al Cowlings,DE,12,32,Southern California,,,
san-francisco-49ers,78,Archie Reese,DT,16,23,Clemson,,,
san-francisco-49ers,82,Bob Bruer,TE,16,26,Mankato State,,,
san-francisco-49ers,38,Bob Ferrell,RB,16,26,UCLA,,,
san-francisco-49ers,54,Bob Martin,LB,15,25,Nebraska,yes,new-york-jets:2,games
san-francisco-49ers,66,Bob Nelson,LB,1,26,Nebraska,,,
san-francisco-49ers,86,Cedrick Hardman,DE,14,31,North Texas,,,
san-francisco-49ers,28,Charles Cornelius,DB,16,27,Bethune-Cookman,,,
san-francisco-49ers,44,Charles Johnson,DB,4,23,Grambling,,namesake,
san-francisco-49ers,57,Dan Bunz,LB,14,24,Long Beach State,,,
san-francisco-49ers,11,Dan Melville,P,16,23,California,,,
san-francisco-49ers,50,Dave Morton,LB,3,24,UCLA,,,
san-francisco-49ers,76,Dwaine Board,DE,16,22,North Carolina A&T,,,
san-francisco-49ers,87,Dwight Clark,WR,16,22,Clemson,,,
san-francisco-49ers,22,Dwight Hicks,DB,8,23,Michigan,,,
san-francisco-49ers,80,Eason Ramson,TE,2,23,Washington State,,,
san-francisco-49ers,24,Eric Johnson,DB,8,27,Washington State,,,
san-francisco-49ers,56,Fred Quillan,C,16,23,Oregon,,,
san-francisco-49ers,88,Freddie Solomon,WR,15,26,Tampa,,,
san-francisco-49ers,29,Gerard Williams,DB,15,27,Langston,,,
san-francisco-49ers,58,Gordy Ceresino,LB,16,22,Stanford,,,
san-francisco-49ers,20,James Owens,RB,16,24,UCLA,,,
san-francisco-49ers,77,Jean Barrett,OT,13,28,Tulsa,,,
san-francisco-49ers,52,Jeff McIntyre,LB,14,24,Arizona State,,,
san-francisco-49ers,74,Jimmy Webb,DT,16,27,Mississippi State,,,
san-francisco-49ers,16,Joe Montana,QB,16,23,Notre Dame,,,
san-francisco-49ers,68,John Ayers,OG,16,26,West Texas A&M,,,
san-francisco-49ers,29,John Bristor,DB,1,23,Waynesburg,,,
san-francisco-49ers,71,Keith Fahnhorst,OT,16,27,Minnesota,,,
san-francisco-49ers,81,Ken MacAfee,TE,16,23,Notre Dame,,,
san-francisco-49ers,35,Lenvil Elliott,RB,16,28,Northeast Missouri State,,,
san-francisco-49ers,46,Melvin Morgan,DB,8,26,Mississippi Valley State,,,
san-francisco-49ers,45,Mike Hogan,RB,2,25,Tennessee-Chattanooga,,,
san-francisco-49ers,84,Mike Shumann,WR,16,24,Florida State,,,
san-francisco-49ers,32,O.J. Simpson,RB,13,32,Southern California,,,
san-francisco-49ers,36,Paul Hofer,RB,15,27,Mississippi,,,
san-francisco-49ers,85,Paul Seal,TE,15,27,Michigan,,,
san-francisco-49ers,48,Phil Francis,RB,16,22,Stanford,,,
san-francisco-49ers,51,Randy Cross,OG,16,25,UCLA,,,
san-francisco-49ers,14,Ray Wersching,K,16,29,California,,,
san-francisco-49ers,50,Ron Shumon,LB,8,23,Wichita State,,,
san-francisco-49ers,67,Ron Singleton,OT,16,27,Grambling,,,
san-francisco-49ers,72,Ruben Vaughan,DT,13,23,Colorado,,,
san-francisco-49ers,55,Scott Hilton,LB,7,25,Salem (NC),,,
san-francisco-49ers,17,Steve DeBerg,QB,16,25,San Jose State,,,
san-francisco-49ers,66,Ted Vincent,DT,16,23,Wichita State,,,
san-francisco-49ers,53,Thomas Seabron,LB,16,22,Michigan,,,
san-francisco-49ers,30,Tim Gray,DB,16,26,Texas A&M,,,
san-francisco-49ers,27,Tony Dungy,DB,15,24,Minnesota,,,
san-francisco-49ers,62,Walt Downing,OG,16,23,Michigan,,,
san-francisco-49ers,40,Wilbur Jackson,RB,16,27,Alabama,,,
san-francisco-49ers,59,Willie Harper,LB,16,29,Nebraska,,,
seattle-seahawks,24,Al Hunter,RB,15,24,Notre Dame,,,
seattle-seahawks,54,Art Kuehn,C,16,26,UCLA,,,
seattle-seahawks,27,Autry Beamon,DB,15,25,Texas A&M-Commerce,,,
seattle-seahawks,67,Bill Cooke,DT,15,28,Massachusetts,,,
seattle-seahawks,77,Bill Gregory,DT,16,29,Wisconsin,,,
seattle-seahawks,78,Bob Newton,OG,11,30,Nebraska,,,
seattle-seahawks,88,Brian Peets,TE,16,23,Pacific,,,
seattle-seahawks,71,Carl Eller,DE,16,37,Minnesota,,,
seattle-seahawks,59,Charles McShane,LB,1,25,California Lutheran,,,
seattle-seahawks,38,Cornell Webster,DB,15,24,Tulsa,,,
seattle-seahawks,33,Dan Doornink,RB,16,23,Washington State,,,
seattle-seahawks,22,Dave Brown,DB,16,26,Michigan,,,
seattle-seahawks,35,David Sims,RB,3,24,Georgia Tech,,,
seattle-seahawks,68,Dennis Boyd,DE,11,23,Oregon State,,,
seattle-seahawks,25,Don Dufek,DB,13,25,Michigan,,,
seattle-seahawks,89,Duke Fergerson,WR,4,25,San Diego State,,,
seattle-seahawks,1,Efren Herrera,K,16,28,UCLA,,,
seattle-seahawks,62,Ernie Price,DE,4,29,Texas A&M-Kingsville,,,
seattle-seahawks,18,Herman Weaver,P,16,30,Tennessee,,,
seattle-seahawks,32,Jeff Moore,RB,16,23,Jackson State,,,
seattle-seahawks,70,Jeff Sevy,OT,4,28,California,,,
seattle-seahawks,86,Jessie Green,WR,12,25,Tulsa,,,
seattle-seahawks,10,Jim Zorn,QB,16,26,Cal Poly-Pomona,,,
seattle-seahawks,52,Joe Norman,LB,15,23,Indiana,,,
seattle-seahawks,44,John Harris,DB,14,23,Arizona State,,,
seattle-seahawks,51,John Yarno,C,16,24,Idaho,,,
seattle-seahawks,53,Keith Butler,LB,14,23,Memphis,,,
seattle-seahawks,42,Keith Simpson,DB,15,23,Memphis,,,
seattle-seahawks,26,Kerry Justin,DB,14,24,Oregon State,,,
seattle-seahawks,50,Larry Polowski,LB,14,22,Boise State,,,
seattle-seahawks,72,Louis Bullard,OT,3,23,Jackson State,,,
seattle-seahawks,74,Manu Tuiasosopo,DE,16,22,UCLA,,,
seattle-seahawks,82,Mark Bell,DE,16,22,Colorado State,,,
seattle-seahawks,55,Michael Jackson,LB,15,22,Washington,,,
seattle-seahawks,20,Mike O'Brien,DB,3,23,California,,,
seattle-seahawks,63,Nick Bebout,OT,13,28,Wyoming,,,
seattle-seahawks,57,Pete Cronan,LB,16,24,Boston College,,,
seattle-seahawks,75,Robert Hardy,DT,16,23,Jackson State,,,
seattle-seahawks,60,Ron Coder,OG,15,25,Penn State,,,
seattle-seahawks,12,Sam Adkins,QB,3,24,Wichita State,,,
seattle-seahawks,84,Sam McCullum,WR,16,26,Montana State,,,
seattle-seahawks,56,Sammy Green,LB,16,25,Florida,,,
seattle-seahawks,47,Sherman Smith,RB,16,25,Miami (OH),,,
seattle-seahawks,76,Steve August,OT,16,25,Tulsa,,,
seattle-seahawks,80,Steve Largent,WR,15,25,Tulsa,,,
seattle-seahawks,16,Steve Myer,QB,1,25,New Mexico,,,
seattle-seahawks,83,Steve Raible,WR,16,25,Georgia Tech,,,
seattle-seahawks,58,Terry Beeson,LB,16,24,Kansas,,,
seattle-seahawks,61,Tom Lynch,OG,15,24,Boston College,,,
seattle-seahawks,31,Tony Benjamin,RB,16,24,Duke,,,
seattle-seahawks,34,Tony Green,RB,15,23,Florida,yes,new-york-giants:4,games
st-louis-cardinals,87,Al Chandler,TE,15,28,Oklahoma,yes,new-england-patriots:7,games
st-louis-cardinals,80,Bill Murrell,TE,12,23,Winston-Salem State,,,
st-louis-cardinals,82,Bob Pollard,DT,16,30,Weber State,,,
st-louis-cardinals,75,Bob Rozier,DE,6,24,California,,,
st-louis-cardinals,64,Bob Young,OG,13,37,Howard Payne,,,
st-louis-cardinals,65,Brad Oates,OT,11,26,Brigham Young,,,
st-louis-cardinals,59,Calvin Favron,LB,16,22,Southeastern Louisiana,,,
st-louis-cardinals,27,Carl Allen,DB,15,23,Southern Mississippi,,,
st-louis-cardinals,76,Charles Davis,DT,16,27,Texas Christian,,,
st-louis-cardinals,61,Chris Garlich,LB,9,22,Missouri,,,
st-louis-cardinals,61,Chuck Brown,C,4,22,Houston,,,
st-louis-cardinals,72,Dan Dierdorf,OT,2,30,Michigan,,,
st-louis-cardinals,21,Dave Stief,WR,16,23,Portland State,,,
st-louis-cardinals,55,Eric Williams,LB,16,24,Southern California,,,
st-louis-cardinals,89,Gary Parris,TE,9,29,Florida State,,,
st-louis-cardinals,66,George Collins,OG,15,23,Georgia,,,
st-louis-cardinals,17,Jim Hart,QB,14,35,Southern Illinois,,,
st-louis-cardinals,79,Jim Ramey,DE,7,22,Kentucky,,,
st-louis-cardinals,86,Jimmy Childs,WR,13,23,Cal Poly-S.L.O.,,,
st-louis-cardinals,71,Joe Bostic,OG,16,22,Clemson,,,
st-louis-cardinals,58,John Barefield,LB,15,24,Texas A&M-Kingsville,,,
st-louis-cardinals,63,John Zook,DE,5,32,Kansas,,,
st-louis-cardinals,70,Keith Simons,DT,16,25,Minnesota,,,
st-louis-cardinals,62,Keith Wortman,OG,13,29,Nebraska,,,
st-louis-cardinals,37,Ken Greene,DB,16,23,Washington State,,,
st-louis-cardinals,23,Ken Stone,DB,16,29,Vanderbilt,,,
st-louis-cardinals,51,Kurt Allerman,LB,16,24,Penn State,,,
st-louis-cardinals,38,Lee Nelson,DB,16,25,Florida State,,,
st-louis-cardinals,57,Mark Arneson,LB,11,30,Arizona,,,
st-louis-cardinals,85,Mel Gray,WR,13,31,Missouri,,,
st-louis-cardinals,73,Mike Dawson,DT,16,26,Arizona,,,
st-louis-cardinals,32,Ottis Anderson,RB,16,22,Miami,,,
st-louis-cardinals,83,Pat Tilley,WR,16,26,Louisiana Tech,,,
st-louis-cardinals,45,Perry Smith,DB,16,28,Colorado State,,,
st-louis-cardinals,40,Randy Love,RB,4,23,Houston,,,
st-louis-cardinals,87,Richard Osborne,TE,7,26,Texas A&M,,,
st-louis-cardinals,36,Rod Phillips,RB,11,26,Jackson State,,,
st-louis-cardinals,22,Roger Wehrli,DB,16,31,Missouri,,,
st-louis-cardinals,78,Ron Yankowski,DE,16,33,Kansas State,,,
st-louis-cardinals,25,Roy Green,WR,16,22,Henderson State,,,
st-louis-cardinals,52,Sean Clancy,LB,10,23,Amherst,,,
st-louis-cardinals,48,Steve Henry,DB,8,22,Emporia State,,,
st-louis-cardinals,12,Steve Little,P,16,23,Arkansas,,,
st-louis-cardinals,53,Steve Neils,LB,9,28,Minnesota,,,
st-louis-cardinals,15,Steve Pisarkiewicz,QB,6,25,Missouri,,,
st-louis-cardinals,68,Terry Stieve,OG,14,25,Wisconsin,,,
st-louis-cardinals,33,Theotis Brown,RB,16,22,UCLA,,,
st-louis-cardinals,26,Thomas Lott,RB,10,22,Oklahoma,,,
st-louis-cardinals,56,Tim Kearney,LB,5,28,Northern Michigan,,,
st-louis-cardinals,54,Tom Banks,C,14,31,Auburn,,,
st-louis-cardinals,51,Tom Brahaney,C,16,28,Oklahoma,,,
st-louis-cardinals,24,Wayne Morris,RB,15,25,Southern Methodist,,,
st-louis-cardinals,39,Willard Harrell,RB,14,27,Pacific,,,
tampa-bay-buccaneers,55,Aaron Brown,LB,12,23,Ohio State,,,
tampa-bay-buccaneers,77,Bill Kollar,DT,15,26,Montana State,,,
tampa-bay-buccaneers,44,Billy Cesare,DB,16,24,Miami,,,
tampa-bay-buccaneers,56,Cecil Johnson,LB,15,24,Pittsburgh,,,
tampa-bay-buccaneers,34,Cedric Brown,DB,16,25,Kent State,,,
tampa-bay-buccaneers,73,Charley Hannah,OG,14,24,Alabama,,,
tampa-bay-buccaneers,14,Chuck Fusina,QB,1,22,Penn State,,,
tampa-bay-buccaneers,25,Curtis Jordan,DB,16,25,Texas Tech,,,
tampa-bay-buccaneers,51,Dana Nafziger,LB,16,26,Cal Poly-S.L.O.,,,
tampa-bay-buccaneers,46,Danny Reece,DB,16,24,Southern California,,,
tampa-bay-buccaneers,69,Darrell Austin,OG,16,27,South Carolina,,,
tampa-bay-buccaneers,70,Darryl Carlton,OT,16,26,Tampa,,,
tampa-bay-buccaneers,57,Dave Lewis,LB,16,25,Southern California,,,
tampa-bay-buccaneers,75,Dave Reavis,OT,16,29,Arkansas,,,
tampa-bay-buccaneers,76,David Logan,DT,5,23,Pittsburgh,,,
tampa-bay-buccaneers,58,Dewey Selmon,LB,15,25,Oklahoma,,,
tampa-bay-buccaneers,12,Doug Williams,QB,16,24,Grambling,,,
tampa-bay-buccaneers,74,Gene Sanders,OT,16,22,Texas A&M,,,
tampa-bay-buccaneers,23,George Ragsdale,RB,15,26,North Carolina A&T,,,
tampa-bay-buccaneers,68,George Yarno,OG,15,22,Washington State,,,
tampa-bay-buccaneers,84,Gordon Jones,WR,12,22,Pittsburgh,,,
tampa-bay-buccaneers,64,Greg Horton,OG,16,28,Colorado,,,
tampa-bay-buccaneers,61,Greg Roberts,OG,16,22,Oklahoma,,,
tampa-bay-buccaneers,81,Isaac Hagins,WR,16,25,Southern,,,
tampa-bay-buccaneers,45,Jeris White,DB,16,27,Hawaii,,,
tampa-bay-buccaneers,43,Jerry Eckwood,RB,16,24,Arkansas,,,
tampa-bay-buccaneers,86,Jim Obradovich,TE,16,26,Southern California,,,
tampa-bay-buccaneers,88,Jimmie Giles,TE,16,24,Alcorn State,,,
tampa-bay-buccaneers,38,Johnny Davis,RB,16,23,Alabama,,,
tampa-bay-buccaneers,87,Larry Mucker,WR,16,24,Arizona State,,,
tampa-bay-buccaneers,63,Lee Roy Selmon,DE,16,25,Oklahoma,,,
tampa-bay-buccaneers,33,Mark Cotney,DB,16,27,Cameron,,,
tampa-bay-buccaneers,15,Mike Rae,QB,5,28,Southern California,,,
tampa-bay-buccaneers,40,Mike Washington,DB,15,26,Alabama,,,
tampa-bay-buccaneers,85,Morris Owens,WR,16,26,Arizona State,,,
tampa-bay-buccaneers,6,Neil O'Donoghue,K,16,26,Auburn,,,
tampa-bay-buccaneers,71,Randy Crowder,DT,16,26,Penn State,,,
tampa-bay-buccaneers,79,Reggie Lewis,DE,12,23,North Texas,,,
tampa-bay-buccaneers,54,Richard Wood,LB,16,26,Southern California,,,
tampa-bay-buccaneers,36,Rick Berns,RB,16,23,Nebraska,,,
tampa-bay-buccaneers,42,Ricky Bell,RB,16,24,Southern California,,,
tampa-bay-buccaneers,53,Rik Bonness,LB,16,25,Nebraska,,,
tampa-bay-buccaneers,50,Steve Wilson,C,16,25,Georgia,,namesake,
tampa-bay-buccaneers,16,Tom Blanchard,P,16,31,Oregon,,,
tampa-bay-buccaneers,27,Tony Davis,RB,16,26,Nebraska,,,
tampa-bay-buccaneers,60,Wally Chambers,DE,16,28,Eastern Kentucky,,,
washington-redskins,25,Benny Malone,RB,16,27,Arizona State,,,
washington-redskins,54,Bob Kuziel,C,16,29,Pittsburgh,,,
washington-redskins,34,Bobby Hammond,RB,9,27,Morgan State,yes,new-york-giants:4,games
washington-redskins,59,Brad Dusek,LB,16,28,Texas A&M,,,
washington-redskins,22,Buddy Hardeman,RB,10,25,Iowa State,,,
washington-redskins,81,Chris DeFrance,WR,4,23,Arizona State,,,
washington-redskins,38,Clarence Harmon,RB,16,23,Mississippi State,,,
washington-redskins,79,Coy Bacon,DE,16,37,Jackson State,,,
washington-redskins,82,Dallas Hickman,DE,16,27,California,,,
washington-redskins,88,Danny Buggs,WR,16,26,West Virginia,,,
washington-redskins,65,Dave Butz,DT,15,29,Purdue,,,
washington-redskins,72,Diron Talbert,DT,16,35,Texas,,,
washington-redskins,26,Don Harris,DB,16,25,Rutgers,,,
washington-redskins,58,Don Hover,LB,16,24,Washington State,,,
washington-redskins,85,Don Warren,TE,16,23,San Diego State,,,
washington-redskins,63,Fred Dean,OG,15,24,Texas Southern,,namesake,
washington-redskins,74,George Starke,OT,16,31,Columbia,,,
washington-redskins,89,Grady Richardson,TE,3,27,Cal State-Fullerton,,,
washington-redskins,67,Greg Dubinetz,OG,15,25,Yale,,,
washington-redskins,30,Ike Forte,RB,11,25,Arkansas,,,
washington-redskins,84,Jean Fugett,TE,11,27,Amherst,,,
washington-redskins,73,Jeff Williams,OG,16,24,Rhode Island,,,
washington-redskins,77,Joe Jones,DE,16,31,Tennessee State,,,
washington-redskins,20,Joe Lavender,DB,16,30,San Diego State,,,
washington-redskins,7,Joe Theismann,QB,16,30,Notre Dame,,,
washington-redskins,44,John Riggins,RB,16,30,Kansas,,,
washington-redskins,80,Johnnie McDaniel,WR,15,28,Lincoln (MO),,,
washington-redskins,71,Karl Lorch,DE,15,29,Southern California,,,
washington-redskins,27,Ken Houston,DB,13,34,Prairie View A&M,,,
washington-redskins,11,Kim McQuilken,QB,3,28,Lehigh,,,
washington-redskins,24,Lemar Parrish,DB,16,31,Lincoln (MO),,,
washington-redskins,3,Mark Moseley,K,16,31,Stephen F. Austin,,,
washington-redskins,29,Mark Murphy,DB,16,24,Colgate,,,
washington-redskins,4,Mike Bragg,P,16,33,Richmond,,,
washington-redskins,51,Monte Coleman,LB,16,21,Central Arkansas,,,
washington-redskins,52,Neal Olkewicz,LB,16,22,Maryland,,,
washington-redskins,78,Paul Smith,DT,15,34,New Mexico,,,
washington-redskins,69,Perry Brooks,DT,12,24,Southern,,,
washington-redskins,50,Pete Wysocki,LB,16,31,Western Michigan,,,
washington-redskins,86,Phil DuBois,TE,15,22,San Diego State,,,
washington-redskins,47,Ray Waddy,DB,16,23,Texas A&M-Kingsville,,,
washington-redskins,57,Rich Milot,LB,14,22,Penn State,,,
washington-redskins,83,Ricky Thompson,WR,15,25,Baylor,,,
washington-redskins,64,Ron Saul,OG,15,31,Michigan State,,,
washington-redskins,66,Ted Fritsch,C,16,29,St. Norbert,,,
washington-redskins,72,Terry Hermeling,OT,16,33,Nevada,,,
washington-redskins,23,Tony Peters,DB,16,26,Oklahoma,,,
