name,miss,detail,files,ages,roles
frank gansz,49,1979 aged 61 vs 2007 aged 40,1979;1986;2000;2004;2007,1979:61;1986:48;2000:62;2004:40;2007:40,1979:Special Teams;1986:Special Teams;2000:Special Teams;2004:Special Teams;2007:Special Teams
jerry mitchell,49,1979 aged 64 vs 2004 aged 40,1979;2004,1979:64;2004:40,1979:Head Scout;2004:Head Physio
george allen,42,1979 aged 61 vs 2004 aged 44,1979;2004,1979:61;2004:44,1979:Head Coach;2004:Def Co-ord
hal hunter,38,1986 aged 54 vs 2010 aged 40,1986;2010,1986:54;2010:40,1986:Head Coach;2010:Off Scout
joe brady,38,2013 aged 62 vs 2021 aged 32,2013;2021;2026,2013:62;2021:32;2026:37,2013:Head Scout;2021:Off Co-ord;2026:Head Coach
rusty tillman,31,1979 aged 64 vs 1986 aged 40,1979;1986;2004,1979:64;1986:40;2004:58,1979:Special Teams;1986:Special Teams;2004:Special Teams
pete carmichael,30,2000 aged 59 vs 2013 aged 42,2000;2010;2013;2017;2021;2026,2000:59;2010:69;2013:42;2017:76;2021:80;2026:85,2000:Off Co-ord;2010:Off Co-ord;2013:Off Co-ord;2017:Off Co-ord;2021:Off Co-ord;2026:Off Co-ord
jim mora,27,2000 aged 65 vs 2010 aged 48,1986;2000;2004;2007;2010,1986:25;2000:65;2000:39;2004:43;2007:72;2010:48,1986:Head Coach;2000:Head Coach;2000:Def Co-ord;2004:Head Coach;2007:Head Coach;2010:Head Coach
steve spagnuolo,26,2010 aged 61 vs 2026 aged 51,2007;2010;2017;2021;2026,2007:48;2010:61;2017:56;2021:62;2026:51,2007:Def Co-ord;2010:Head Coach;2017:Def Co-ord;2021:Def Co-ord;2026:Def Co-ord
marcus brady,26,2013 aged 60 vs 2021 aged 42,2013;2021,2013:60;2021:42,2013:Def Co-ord;2021:Off Co-ord
clarence shelmon,25,2007 aged 55 vs 2010 aged 33,2007;2010,2007:55;2010:33,2007:Off Co-ord;2010:Off Co-ord
richard hightower,25,2017 aged 62 vs 2026 aged 46,2017;2021;2026,2017:62;2021:52;2026:46,2017:Special Teams;2021:Special Teams;2026:Special Teams
ted marchibroda,24,1979 aged 48 vs 2004 aged 49,1979;1986;2004,1979:48;1986:41;2004:49,1979:Head Coach;1986:Off Co-ord;2004:Head Coach
tom coughlin,24,1986 aged 40 vs 2017 aged 47,1986;2000;2004;2007;2010;2013;2017,1986:40;2000:54;2004:58;2007:61;2010:64;2013:67;2017:47,1986:Off Co-ord;2000:Head Coach;2004:Head Coach;2007:Head Coach;2010:Head Coach;2013:Head Coach;2017:Head Coach
dirk koetter,24,2010 aged 55 vs 2017 aged 38,2007;2010;2013;2017;2026,2007:48;2010:55;2013:54;2017:38;2026:47,2007:Off Co-ord;2010:Off Co-ord;2013:Off Co-ord;2017:Head Coach;2026:Head Coach
bruce coslet,23,2000 aged 40 vs 2004 aged 67,1986;2000;2004,1986:40;2000:40;2004:67,1986:Off Co-ord;2000:Head Coach;2004:Head Coach
dave toub,23,2007 aged 45 vs 2017 aged 32,2004;2007;2013;2017;2021;2026,2004:40;2007:45;2013:51;2017:32;2021:57;2026:46,2004:Special Teams;2007:Special Teams;2013:Special Teams;2017:Special Teams;2021:Special Teams;2026:Special Teams
jeff rodgers,23,2017 aged 60 vs 2026 aged 46,2013;2017;2021;2026,2013:35;2017:60;2021:48;2026:46,2013:Special Teams;2017:Special Teams;2021:Special Teams;2026:Special Teams
bill belichick,22,1979 aged 49 vs 1986 aged 34,1979;1986;2000;2004;2007;2010;2013;2017;2021,1979:49;1986:34;2000:48;2004:52;2007:55;2010:58;2013:61;2017:65;2021:69,1979:Special Teams;1986:Def Co-ord;2000:Head Coach;2004:Head Coach;2007:Head Coach;2010:Head Coach;2013:Head Coach;2017:Head Coach;2021:Head Coach
carl smith,22,1986 aged 38 vs 2010 aged 40,1986;2010,1986:38;2010:40,1986:Off Co-ord;2010:Off Scout
mike mularkey,21,2004 aged 49 vs 2017 aged 41,2004;2010;2017;2026,2004:49;2010:42;2017:41;2026:50,2004:Head Coach;2010:Off Co-ord;2017:Head Coach;2026:Head Coach
frank ross,21,2021 aged 55 vs 2026 aged 39,2021;2026,2021:55;2026:39,2021:Special Teams;2026:Special Teams
walt michaels,20,1979 aged 50 vs 1986 aged 37,1979;1986,1979:50;1986:37,1979:Head Coach;1986:Head Coach
mike ditka,20,1986 aged 47 vs 2004 aged 45,1986;2004;2007;2010,1986:47;2004:45;2007:68;2010:70,1986:Head Coach;2004:Head Coach;2007:Head Coach;2010:Head Coach
vince tobin,20,1986 aged 43 vs 2000 aged 37,1986;2000;2004;2010,1986:43;2000:37;2004:49;2010:56,1986:Def Co-ord;2000:Head Coach;2004:Head Coach;2010:Head Coach
dowell loggains,20,2013 aged 33 vs 2017 aged 57,2013;2017,2013:33;2017:57,2013:Off Co-ord;2017:Off Co-ord
mike shanahan,19,1986 aged 34 vs 2017 aged 46,1986;2000;2004;2007;2010;2013;2017,1986:34;2000:48;2004:52;2007:55;2010:58;2013:61;2017:46,1986:Off Co-ord;2000:Head Coach;2004:Head Coach;2007:Head Coach;2010:Head Coach;2013:Head Coach;2017:Head Coach
dave mcginnis,19,2000 aged 49 vs 2010 aged 40,2000;2010,2000:49;2010:40,2000:Head Coach;2010:Head Scout
dean pees,19,2007 aged 58 vs 2017 aged 49,2007;2013;2017;2021,2007:58;2013:64;2017:49;2021:72,2007:Def Co-ord;2013:Def Co-ord;2017:Def Co-ord;2021:Def Co-ord
thomas mcgaughey,19,2017 aged 35 vs 2021 aged 58,2017;2021,2017:35;2021:58,2017:Special Teams;2021:Special Teams
ed biles,18,1979 aged 42 vs 1986 aged 67,1979;1986,1979:42;1986:67,1979:Def Co-ord;1986:Head Coach
joe bugel,18,1986 aged 46 vs 2004 aged 46,1986;2004,1986:46;2004:46,1986:Off Co-ord;2004:Head Coach
al everest,18,2000 aged 51 vs 2007 aged 40,2000;2004;2007,2000:51;2004:40;2007:40,2000:Special Teams;2004:Special Teams;2007:Special Teams
norv turner,18,2000 aged 48 vs 2017 aged 47,2000;2004;2007;2010;2013;2017,2000:48;2004:52;2007:55;2010:58;2013:61;2017:47,2000:Head Coach;2004:Head Coach;2007:Head Coach;2010:Head Coach;2013:Off Co-ord;2017:Head Coach
don martindale,18,2010 aged 65 vs 2021 aged 58,2010;2021,2010:65;2021:58,2010:Def Co-ord;2021:Def Co-ord
craig aukerman,18,2021 aged 59 vs 2026 aged 46,2021;2026,2021:59;2026:46,2021:Special Teams;2026:Special Teams
mark duffner,17,2000 aged 47 vs 2010 aged 40,2000;2010,2000:47;2010:40,2000:Def Co-ord;2010:Off Scout
bobby ross,17,2000 aged 64 vs 2004 aged 51,2000;2004;2010,2000:64;2004:51;2010:60,2000:Head Coach;2004:Head Coach;2010:Head Coach
bob sanders,17,2007 aged 54 vs 2010 aged 40,2007;2010,2007:54;2010:40,2007:Def Co-ord;2010:Head Scout
chan gailey,16,1986 aged 34 vs 2004 aged 36,1986;2000;2004;2010;2013,1986:34;2000:48;2004:36;2010:58;2013:61,1986:Special Teams;2000:Off Co-ord;2004:Head Coach;2010:Head Coach;2013:Head Coach
mike riley,16,2000 aged 47 vs 2004 aged 67,2000;2004,2000:47;2004:67,2000:Head Coach;2004:Head Coach
terry shea,16,2004 aged 60 vs 2007 aged 47,2004;2007,2004:60;2007:47,2004:Off Co-ord;2007:Off Co-ord
ryan ficken,16,2021 aged 57 vs 2026 aged 46,2021;2026,2021:57;2026:46,2021:Special Teams;2026:Special Teams
bud carson,15,1979 aged 34 vs 1986 aged 56,1979;1986,1979:34;1986:56,1979:Def Co-ord;1986:Def Co-ord
mark michaels,15,2000 aged 51 vs 2004 aged 40,2000;2004,2000:51;2004:40,2000:Special Teams;2004:Special Teams
rod marinelli,15,2007 aged 58 vs 2010 aged 46,2007;2010;2017,2007:58;2010:46;2017:59,2007:Head Coach;2010:Def Co-ord;2017:Def Co-ord
richard smith,15,2007 aged 52 vs 2010 aged 40,2007;2010,2007:52;2010:40,2007:Def Co-ord;2010:Off Scout
david culley,15,2010 aged 40 vs 2021 aged 66,2010;2021;2026,2010:40;2021:66;2026:71,2010:Off Scout;2021:Head Coach;2026:Head Coach
joe walton,14,1979 aged 58 vs 1986 aged 51,1979;1986,1979:58;1986:51,1979:Off Co-ord;1986:Head Coach
jerry glanville,14,1979 aged 52 vs 1986 aged 45,1979;1986;2000,1979:52;1986:45;2000:59,1979:Def Co-ord;1986:Head Coach;2000:Head Coach
marty schottenheimer,14,1979 aged 50 vs 1986 aged 43,1979;1986;2004;2007;2010;2013,1979:50;1986:43;2004:61;2007:64;2010:68;2013:70,1979:Def Co-ord;1986:Head Coach;2004:Head Coach;2007:Head Coach;2010:Head Coach;2013:Head Coach
marion campbell,14,1979 aged 64 vs 1986 aged 57,1979;1986,1979:64;1986:57,1979:Def Co-ord;1986:Def Co-ord
steve crosby,13,1979 aged 42 vs 2004 aged 54,1979;2004;2007,1979:42;2004:54;2007:57,1979:Special Teams;2004:Special Teams;2007:Special Teams
dan reeves,13,2004 aged 52 vs 2010 aged 71,1986;2000;2004;2010,1986:42;2000:56;2004:52;2010:71,1986:Head Coach;2000:Head Coach;2004:Head Coach;2010:Head Coach
bruce read,13,2000 aged 51 vs 2007 aged 45,2000;2007,2000:51;2007:45,2000:Special Teams;2007:Special Teams
jim fassel,13,2000 aged 51 vs 2004 aged 42,2000;2004;2007,2000:51;2004:42;2007:58,2000:Head Coach;2004:Head Coach;2007:Head Coach
jonathan gannon,13,2010 aged 40 vs 2021 aged 38,2010;2021;2026,2010:40;2021:38;2026:43,2010:Head Scout;2021:Def Co-ord;2026:Def Co-ord
adam gase,13,2013 aged 35 vs 2017 aged 52,2013;2017;2026,2013:35;2017:52;2026:61,2013:Off Co-ord;2017:Head Coach;2026:Head Coach
ben kotwica,13,2013 aged 39 vs 2017 aged 56,2013;2017,2013:39;2017:56,2013:Special Teams;2017:Special Teams
